<?xml version = '1.0' encoding = 'UTF-8'?>
<FKIndexAssociation class="oracle.dbtools.crest.model.design.relational.FKIndexAssociation" id="16AE4C4B-6DF6-8BD2-7FC4-7C4FC7B5886E" directorySegmentName="seg_0" name="FK_ASS_1">
<createdBy>Administrator</createdBy>
<createdTime>2012-11-24 18:02:18 UTC</createdTime>
<generatorID>4F640B84-0CDD-6345-7946-44C4A9D194E4</generatorID>
<ownerDesignName>Muebles3</ownerDesignName>
<containerWithKeyObject>46EA7406-4C6E-8998-3CC0-FF972B457B3A</containerWithKeyObject>
<deleteRule>CASCADE</deleteRule>
<localFKIndex>AE82752A-B063-2E47-BA46-8E8180E03ECF</localFKIndex>
<keyObject>9933609F-452A-A320-6372-13698D521269</keyObject>
<mandatory>true</mandatory>
<transferable>true</transferable>
</FKIndexAssociation>