<?xml version = '1.0' encoding = 'UTF-8'?>
<FKIndexAssociation class="oracle.dbtools.crest.model.design.relational.FKIndexAssociation" id="2AF97545-AF85-9426-B0B0-DE3796B7DFAE" directorySegmentName="seg_0" name="Puede">
<createdBy>Administrator</createdBy>
<createdTime>2012-11-24 18:02:18 UTC</createdTime>
<generatorID>371EAE17-6066-3F2E-5C05-4B069C48F132</generatorID>
<ownerDesignName>Muebles3</ownerDesignName>
<containerWithKeyObject>2227AAE6-66E3-EDA8-CC1E-4E2A7E3C1638</containerWithKeyObject>
<deleteRule>RESTRICT</deleteRule>
<localFKIndex>40716923-4663-D95B-9863-08E9BBE9414E</localFKIndex>
<keyObject>C11D85B4-192C-A75C-6E42-57DC89C07A55</keyObject>
<mandatory>false</mandatory>
<transferable>true</transferable>
</FKIndexAssociation>