<?xml version = '1.0' encoding = 'UTF-8'?>
<FKIndexAssociation class="oracle.dbtools.crest.model.design.relational.FKIndexAssociation" id="44233FE4-B275-1C22-4F51-52217C0B3811" directorySegmentName="seg_0" name="Diseñado en">
<createdBy>Administrator</createdBy>
<createdTime>2012-11-24 18:02:18 UTC</createdTime>
<generatorID>C02BF4E9-22AD-C011-72C9-E61909868BF8</generatorID>
<ownerDesignName>Muebles3</ownerDesignName>
<containerWithKeyObject>5214FB78-778E-58AD-E17E-7C033DDD9876</containerWithKeyObject>
<deleteRule>NO ACTION</deleteRule>
<localFKIndex>1C525C36-CCA0-C2F5-4C0E-C807419E5578</localFKIndex>
<keyObject>9933609F-452A-A320-6372-13698D521269</keyObject>
<mandatory>true</mandatory>
<transferable>true</transferable>
</FKIndexAssociation>