<?xml version = '1.0' encoding = 'UTF-8'?>
<FKIndexAssociation class="oracle.dbtools.crest.model.design.relational.FKIndexAssociation" id="54AE5B23-510A-C8C6-77C1-111D6D493BCA" directorySegmentName="seg_0" name="FK_ASS_10">
<createdBy>Administrator</createdBy>
<createdTime>2012-11-24 18:02:18 UTC</createdTime>
<generatorID>3EA07DAE-4C7E-9AD3-947E-8D1809E02CDC</generatorID>
<ownerDesignName>Muebles3</ownerDesignName>
<containerWithKeyObject>1224FD7D-8562-026B-89E0-0E1ED607DCD8</containerWithKeyObject>
<deleteRule>CASCADE</deleteRule>
<localFKIndex>B46CDA6C-C5A1-A4EB-4C4F-67C74F017F9E</localFKIndex>
<keyObject>136537F3-A5EA-D2DE-C36D-5BAF515743D3</keyObject>
<mandatory>true</mandatory>
<transferable>true</transferable>
</FKIndexAssociation>