<?xml version = '1.0' encoding = 'UTF-8'?>
<FKIndexAssociation class="oracle.dbtools.crest.model.design.relational.FKIndexAssociation" id="69F72A34-19CF-73F6-ED61-96AAB0B95BB2" directorySegmentName="seg_0" name="FK_ASS_14">
<createdBy>Administrator</createdBy>
<createdTime>2012-11-24 18:02:18 UTC</createdTime>
<generatorID>5C56CBCD-5B36-4A0D-4BA0-FD7A38F35D3E</generatorID>
<ownerDesignName>Muebles3</ownerDesignName>
<containerWithKeyObject>7F97BCC4-9CE9-8AED-69B3-FFDFE3F87B60</containerWithKeyObject>
<deleteRule>CASCADE</deleteRule>
<localFKIndex>65E2CE3B-8DC2-85B5-8364-01BD9BD3AC49</localFKIndex>
<keyObject>136537F3-A5EA-D2DE-C36D-5BAF515743D3</keyObject>
<mandatory>true</mandatory>
<transferable>true</transferable>
</FKIndexAssociation>