<?xml version = '1.0' encoding = 'UTF-8'?>
<FKIndexAssociation class="oracle.dbtools.crest.model.design.relational.FKIndexAssociation" id="6C37EDA9-2F00-E3C4-5AF5-09C371B24FE1" directorySegmentName="seg_0" name="FK_ASS_19">
<createdBy>Administrator</createdBy>
<createdTime>2012-11-24 18:02:18 UTC</createdTime>
<generatorID>5E5D315A-F209-5F22-A41D-AABCC00D9590</generatorID>
<ownerDesignName>Muebles3</ownerDesignName>
<containerWithKeyObject>9E2C0629-374A-E4BE-FC1B-13D2CE1788FD</containerWithKeyObject>
<deleteRule>CASCADE</deleteRule>
<localFKIndex>EA26BCCE-03E3-E2BE-CDFE-4DC0C7EAE8DE</localFKIndex>
<keyObject>A707E525-D365-9BC5-0256-03094C9D2DFE</keyObject>
<mandatory>true</mandatory>
<transferable>true</transferable>
</FKIndexAssociation>