<?xml version = '1.0' encoding = 'UTF-8'?>
<FKIndexAssociation class="oracle.dbtools.crest.model.design.relational.FKIndexAssociation" id="7339DB89-3297-58B4-209C-E8A61035D1E3" directorySegmentName="seg_0" name="FK_ASS_18">
<createdBy>Administrator</createdBy>
<createdTime>2012-11-24 18:02:18 UTC</createdTime>
<generatorID>5E5D315A-F209-5F22-A41D-AABCC00D9590</generatorID>
<ownerDesignName>Muebles3</ownerDesignName>
<containerWithKeyObject>9E2C0629-374A-E4BE-FC1B-13D2CE1788FD</containerWithKeyObject>
<deleteRule>CASCADE</deleteRule>
<localFKIndex>8FD98393-207D-227C-FE24-2EE8C785FFFD</localFKIndex>
<keyObject>136537F3-A5EA-D2DE-C36D-5BAF515743D3</keyObject>
<mandatory>true</mandatory>
<transferable>true</transferable>
</FKIndexAssociation>