<?xml version = '1.0' encoding = 'UTF-8'?>
<FKIndexAssociation class="oracle.dbtools.crest.model.design.relational.FKIndexAssociation" id="93D206A9-85A8-BBB8-6DF5-77F91D33B6C9" directorySegmentName="seg_0" name="FK_ASS_11">
<createdBy>Administrator</createdBy>
<createdTime>2012-11-24 18:02:18 UTC</createdTime>
<generatorID>3EA07DAE-4C7E-9AD3-947E-8D1809E02CDC</generatorID>
<ownerDesignName>Muebles3</ownerDesignName>
<containerWithKeyObject>1224FD7D-8562-026B-89E0-0E1ED607DCD8</containerWithKeyObject>
<deleteRule>CASCADE</deleteRule>
<localFKIndex>D44001C8-5F17-2013-E4E4-918B384E9E50</localFKIndex>
<keyObject>BDA8C79B-E550-7633-774D-8487277C6AAC</keyObject>
<mandatory>true</mandatory>
<transferable>true</transferable>
</FKIndexAssociation>