<?xml version = '1.0' encoding = 'UTF-8'?>
<FKIndexAssociation class="oracle.dbtools.crest.model.design.relational.FKIndexAssociation" id="A22ABACA-6498-2404-8402-E0793F7D6D50" directorySegmentName="seg_0" name="FK_ASS_9">
<createdBy>Administrator</createdBy>
<createdTime>2012-11-24 18:02:18 UTC</createdTime>
<generatorID>81E8A391-9489-B8CA-79CB-E39F098442F5</generatorID>
<ownerDesignName>Muebles3</ownerDesignName>
<containerWithKeyObject>CF11C43D-27EB-D58C-F736-977A96FDD717</containerWithKeyObject>
<deleteRule>CASCADE</deleteRule>
<localFKIndex>9C4F13C7-EBFE-948B-06B9-EFE323207088</localFKIndex>
<keyObject>0A20D673-CA09-840C-F0F5-F2B2BFFAA009</keyObject>
<mandatory>true</mandatory>
<transferable>true</transferable>
</FKIndexAssociation>