<?xml version = '1.0' encoding = 'UTF-8'?>
<FKIndexAssociation class="oracle.dbtools.crest.model.design.relational.FKIndexAssociation" id="BB3A9A75-66B2-45FF-7CD3-F655C69E1CF6" directorySegmentName="seg_0" name="FK_ASS_13">
<createdBy>Administrator</createdBy>
<createdTime>2012-11-24 18:02:18 UTC</createdTime>
<generatorID>C07EE354-E2E7-6E1E-8B28-0AEF2F7C09D3</generatorID>
<ownerDesignName>Muebles3</ownerDesignName>
<containerWithKeyObject>9D45E77F-ED9D-024A-55D4-2A7068D5AA89</containerWithKeyObject>
<deleteRule>CASCADE</deleteRule>
<localFKIndex>3E28B781-65C4-7830-0B5D-431C481A2875</localFKIndex>
<keyObject>A707E525-D365-9BC5-0256-03094C9D2DFE</keyObject>
<mandatory>true</mandatory>
<transferable>true</transferable>
</FKIndexAssociation>