<?xml version = '1.0' encoding = 'UTF-8'?>
<FKIndexAssociation class="oracle.dbtools.crest.model.design.relational.FKIndexAssociation" id="C224666A-A8A6-3300-A15B-E62C8B679D33" directorySegmentName="seg_0" name="Pertenece">
<createdBy>Administrator</createdBy>
<createdTime>2012-11-24 18:02:18 UTC</createdTime>
<generatorID>ED7D25C3-5A1B-5C07-DC6F-08FD912AEDC1</generatorID>
<ownerDesignName>Muebles3</ownerDesignName>
<containerWithKeyObject>5214FB78-778E-58AD-E17E-7C033DDD9876</containerWithKeyObject>
<deleteRule>CASCADE</deleteRule>
<localFKIndex>86EB0552-9D10-80E5-F3CF-B391CE2235D7</localFKIndex>
<keyObject>92A61144-DD80-991E-960F-1129A5666282</keyObject>
<mandatory>true</mandatory>
<transferable>true</transferable>
</FKIndexAssociation>