<?xml version = '1.0' encoding = 'UTF-8'?>
<FKIndexAssociation class="oracle.dbtools.crest.model.design.relational.FKIndexAssociation" id="CAA9D536-9BF7-3038-C8D2-27C898FBF999" directorySegmentName="seg_0" name="Es de">
<createdBy>Administrator</createdBy>
<createdTime>2012-11-24 18:02:18 UTC</createdTime>
<generatorID>860947A7-66BC-DC28-138F-059CCA3E8F33</generatorID>
<ownerDesignName>Muebles3</ownerDesignName>
<containerWithKeyObject>5214FB78-778E-58AD-E17E-7C033DDD9876</containerWithKeyObject>
<deleteRule>NO ACTION</deleteRule>
<localFKIndex>A5D0B4A6-012F-1F94-14C9-6A0BB113C7AA</localFKIndex>
<keyObject>04E2EB01-0001-1566-C574-1D39D671CEAE</keyObject>
<mandatory>true</mandatory>
<transferable>true</transferable>
</FKIndexAssociation>