<?xml version = '1.0' encoding = 'UTF-8'?>
<FKIndexAssociation class="oracle.dbtools.crest.model.design.relational.FKIndexAssociation" id="D69D3214-A986-BBE3-AAD1-F96E094DA623" directorySegmentName="seg_0" name="FK_ASS_12">
<createdBy>Administrator</createdBy>
<createdTime>2012-11-24 18:02:18 UTC</createdTime>
<generatorID>C07EE354-E2E7-6E1E-8B28-0AEF2F7C09D3</generatorID>
<ownerDesignName>Muebles3</ownerDesignName>
<containerWithKeyObject>9D45E77F-ED9D-024A-55D4-2A7068D5AA89</containerWithKeyObject>
<deleteRule>CASCADE</deleteRule>
<localFKIndex>E9DF89A6-995A-0291-973F-7A780E457854</localFKIndex>
<keyObject>9933609F-452A-A320-6372-13698D521269</keyObject>
<mandatory>true</mandatory>
<transferable>true</transferable>
</FKIndexAssociation>