<?xml version = '1.0' encoding = 'UTF-8'?>
<FKIndexAssociation class="oracle.dbtools.crest.model.design.relational.FKIndexAssociation" id="DA5CF787-3568-EE75-983F-0680922B04CC" directorySegmentName="seg_0" name="Pasa a">
<createdBy>Administrator</createdBy>
<createdTime>2012-11-24 18:02:18 UTC</createdTime>
<generatorID>78DB8F05-1F10-6D9E-C6C8-1902C79F82F5</generatorID>
<ownerDesignName>Muebles3</ownerDesignName>
<containerWithKeyObject>4595D4C2-D958-FD6C-F1E2-8CA1B816FC6B</containerWithKeyObject>
<deleteRule>RESTRICT</deleteRule>
<localFKIndex>994599B5-FB5A-B813-6995-D0F8FDC1C2C4</localFKIndex>
<keyObject>F5873AE2-FD8C-F63C-0194-BE5D5C5896D8</keyObject>
<mandatory>false</mandatory>
<transferable>true</transferable>
</FKIndexAssociation>