<?xml version = '1.0' encoding = 'UTF-8'?>
<FKIndexAssociation class="oracle.dbtools.crest.model.design.relational.FKIndexAssociation" id="DCAE66C4-F405-19A9-3BB5-32AE2D0F0B9A" directorySegmentName="seg_0" name="FK_ASS_15">
<createdBy>Administrator</createdBy>
<createdTime>2012-11-24 18:02:18 UTC</createdTime>
<generatorID>5C56CBCD-5B36-4A0D-4BA0-FD7A38F35D3E</generatorID>
<ownerDesignName>Muebles3</ownerDesignName>
<containerWithKeyObject>7F97BCC4-9CE9-8AED-69B3-FFDFE3F87B60</containerWithKeyObject>
<deleteRule>CASCADE</deleteRule>
<localFKIndex>ADDB5E87-E2C2-242A-81AC-A3CA02272DD7</localFKIndex>
<keyObject>2511B48A-94AA-0542-8FA8-1F97010ED5E7</keyObject>
<mandatory>true</mandatory>
<transferable>true</transferable>
</FKIndexAssociation>