<?xml version = '1.0' encoding = 'UTF-8'?>
<FKIndexAssociation class="oracle.dbtools.crest.model.design.relational.FKIndexAssociation" id="DCD94EC0-ECF5-F400-8ECA-5ACEF4960ABE" directorySegmentName="seg_0" name="FK_ASS_8">
<createdBy>Administrator</createdBy>
<createdTime>2012-11-24 18:02:18 UTC</createdTime>
<generatorID>81E8A391-9489-B8CA-79CB-E39F098442F5</generatorID>
<ownerDesignName>Muebles3</ownerDesignName>
<containerWithKeyObject>CF11C43D-27EB-D58C-F736-977A96FDD717</containerWithKeyObject>
<deleteRule>CASCADE</deleteRule>
<localFKIndex>5CDB333B-87CC-C573-FD8A-6866142247DF</localFKIndex>
<keyObject>9933609F-452A-A320-6372-13698D521269</keyObject>
<mandatory>true</mandatory>
<transferable>true</transferable>
</FKIndexAssociation>