<?xml version = '1.0' encoding = 'UTF-8'?>
<FKIndexAssociation class="oracle.dbtools.crest.model.design.relational.FKIndexAssociation" id="F1347112-1C43-2F37-49F1-73092257FB0B" directorySegmentName="seg_0" name="FK_ASS_2">
<createdBy>Administrator</createdBy>
<createdTime>2012-11-24 18:02:18 UTC</createdTime>
<generatorID>4F640B84-0CDD-6345-7946-44C4A9D194E4</generatorID>
<ownerDesignName>Muebles3</ownerDesignName>
<containerWithKeyObject>46EA7406-4C6E-8998-3CC0-FF972B457B3A</containerWithKeyObject>
<deleteRule>CASCADE</deleteRule>
<localFKIndex>85447E43-4082-1BBC-24FA-6FC195C4BC6B</localFKIndex>
<keyObject>2511B48A-94AA-0542-8FA8-1F97010ED5E7</keyObject>
<mandatory>true</mandatory>
<transferable>true</transferable>
</FKIndexAssociation>