<?xml version = '1.0' encoding = 'UTF-8'?>
<FKIndexAssociation class="oracle.dbtools.crest.model.design.relational.FKIndexAssociation" id="F1BF42B4-E4E0-010D-CB2B-C83DE0561344" directorySegmentName="seg_0" name="FK_ASS_17">
<createdBy>Administrator</createdBy>
<createdTime>2012-11-24 18:02:18 UTC</createdTime>
<generatorID>5E75AEB6-1F7C-84F0-7B8D-CBB0B1DAC8DD</generatorID>
<ownerDesignName>Muebles3</ownerDesignName>
<containerWithKeyObject>A092B3EE-9A10-09F8-A5D5-9EE9C8B6B661</containerWithKeyObject>
<deleteRule>CASCADE</deleteRule>
<localFKIndex>7990B8AB-3A0B-D861-7B2E-0F3D02D4C910</localFKIndex>
<keyObject>0A20D673-CA09-840C-F0F5-F2B2BFFAA009</keyObject>
<mandatory>true</mandatory>
<transferable>true</transferable>
</FKIndexAssociation>