<?xml version = '1.0' encoding = 'UTF-8'?>
<FKIndexAssociation class="oracle.dbtools.crest.model.design.relational.FKIndexAssociation" id="F3CD1998-5B0E-9920-6FEF-A794A4C01701" directorySegmentName="seg_0" name="FK_ASS_16">
<createdBy>Administrator</createdBy>
<createdTime>2012-11-24 18:02:18 UTC</createdTime>
<generatorID>5E75AEB6-1F7C-84F0-7B8D-CBB0B1DAC8DD</generatorID>
<ownerDesignName>Muebles3</ownerDesignName>
<containerWithKeyObject>A092B3EE-9A10-09F8-A5D5-9EE9C8B6B661</containerWithKeyObject>
<deleteRule>CASCADE</deleteRule>
<localFKIndex>79FF7E43-2DEB-8FCF-6CC0-8314D1188017</localFKIndex>
<keyObject>136537F3-A5EA-D2DE-C36D-5BAF515743D3</keyObject>
<mandatory>true</mandatory>
<transferable>true</transferable>
</FKIndexAssociation>