<?xml version = '1.0' encoding = 'UTF-8'?>
<Diagram class="oracle.dbtools.crest.swingui.relational.DPVRelational" name="Relational_1" id="2710FB7E-04E8-B990-209B-70EDB5623850">
<createdBy>David</createdBy>
<createdTime>2012-11-24 10:50:51 UTC</createdTime>
<autoRoute>false</autoRoute>
<boxInbox>true</boxInbox>
<showLegend>false</showLegend>
<showLabels>false</showLabels>
<showGrid>false</showGrid>
<diagramColor>-1</diagramColor>
<display>false</display>
<notation>1</notation>
<objectViews>
<OView class="oracle.dbtools.crest.swingui.relational.TVTable" oid="0EAA4D85-BA63-B0E0-2720-DCCF4FED21FA" otype="Table" vid="1AE72CC0-D403-DF27-2E4B-3227BE10F92B">
<bounds x="260" y="190" width="170" height="110"/>
</OView>
<OView class="oracle.dbtools.crest.swingui.relational.TVTable" oid="19EE52DD-5EE2-BA95-E214-B780E3683BCE" otype="Table" vid="84528742-4FA6-F75C-F2D9-0F2C84599AA8">
<bounds x="58" y="435" width="100" height="117"/>
<generatorID>740C8AAD-FBE0-B960-49E7-C179362EC9DE</generatorID>
</OView>
<OView class="oracle.dbtools.crest.swingui.relational.TVTable" oid="45098968-DD3B-064F-A851-53FF5179BEC8" otype="Table" vid="FA3C1FB6-FE01-AA03-CB38-9ACB10630117">
<bounds x="15" y="201" width="110" height="147"/>
<generatorID>E0D95AB9-5CF0-9948-31ED-3D371790F11A</generatorID>
</OView>
<OView class="oracle.dbtools.crest.swingui.relational.TVTable" oid="50CB846E-922B-B8B6-B6E9-926E4CB0A10B" otype="Table" vid="BEE81299-BBFF-CEDD-5339-88DFD2BA318A">
<bounds x="876" y="3" width="115" height="148"/>
<generatorID>32200748-16FB-91FE-FF20-FB3AE294DB84</generatorID>
</OView>
<OView class="oracle.dbtools.crest.swingui.relational.TVTable" oid="7B46B03F-AC3B-727F-7840-03F31A291044" otype="Table" vid="895C1BB7-4A39-B9F8-D892-73753F3DC560">
<bounds x="355" y="452" width="117" height="103"/>
<generatorID>9B435655-E245-2F1F-279C-A5A3F08BFA4C</generatorID>
</OView>
<OView class="oracle.dbtools.crest.swingui.relational.TVTable" oid="7D9E7FE1-1EFB-BB04-C211-1054E8DBCDA6" otype="Table" vid="214A31CC-99E8-CD1E-D586-6D89C104EA48">
<bounds x="10" y="0" width="116" height="139"/>
<generatorID>BB93762B-16C1-9977-2874-5A82ECBDEAB5</generatorID>
</OView>
<OView class="oracle.dbtools.crest.swingui.TVNote" oid="91B1A3D3-7FD6-94C6-49C2-B3325D0ABB79" otype="Note" vid="EC720B6F-BE45-045C-347E-0D055576F5AC">
<bounds x="889" y="528" width="156" height="23"/>
</OView>
<OView class="oracle.dbtools.crest.swingui.relational.TVTable" oid="97035098-9278-7F90-EB75-E59F5F2B3923" otype="Table" vid="3F40447A-9EB8-325A-0F98-500A969C8EB4">
<bounds x="500" y="190" width="121" height="131"/>
<generatorID>46E17A8E-F5D9-4ECD-ED77-F3386FD1ECF1</generatorID>
</OView>
<OView class="oracle.dbtools.crest.swingui.relational.TVTable" oid="9D82FFDD-CE3B-C41F-5F6C-628341871156" otype="Table" vid="A6B960E4-984D-B08E-5A65-A72B52063842">
<bounds x="805" y="314" width="106" height="127"/>
<generatorID>1B81E086-DE52-693F-30D5-A1090440039B</generatorID>
</OView>
<OView class="oracle.dbtools.crest.swingui.relational.TVTable" oid="A2A0E8C9-DAC5-0DFF-3FCB-3F28F2B05B34" otype="Table" vid="BEB9C881-F702-876C-8731-B71ED442C4B3">
<bounds x="610" y="450" width="170" height="110"/>
</OView>
<OView class="oracle.dbtools.crest.swingui.relational.TVTable" oid="A35BC427-4742-7A79-1E04-82E2F3A9FD06" otype="Table" vid="3054B428-78F4-0150-FE1A-6BD72175F52A">
<bounds x="941" y="211" width="100" height="120"/>
<generatorID>59DFC681-A068-22CC-053A-5CE68A9013B5</generatorID>
</OView>
<OView class="oracle.dbtools.crest.swingui.relational.TVTable" oid="AB33A72D-D24F-18F3-3833-ABF105969112" otype="Table" vid="E841B207-799A-31EF-F79A-38B73BBDF30B">
<bounds x="200" y="21" width="105" height="129"/>
<generatorID>5AF67CAE-1A85-ABCF-B29F-E4BB81DDB0DC</generatorID>
</OView>
<OView class="oracle.dbtools.crest.swingui.relational.TVTable" oid="CC3EA223-8907-6E8C-A48C-66741AB0643C" otype="Table" vid="74D56FB1-36A3-C058-0C43-273BED8A71B4">
<bounds x="463" y="8" width="101" height="124"/>
<generatorID>4737E509-499A-D700-C1A1-654EDE892E43</generatorID>
</OView>
<OView class="oracle.dbtools.crest.swingui.relational.TVTable" oid="E0CA1A58-7394-8CD1-BCA9-550C339392A5" otype="Table" vid="E8E9C5E3-74CE-3058-17D2-1B024BB9CCD1">
<bounds x="725" y="129" width="100" height="133"/>
<generatorID>CB4D8FD8-D21C-75D0-0FEE-19B43BE51C3C</generatorID>
</OView>
</objectViews>
<connectors>
<Connector class="oracle.dbtools.crest.swingui.relational.TVFKRelation" oid="06572B14-07FD-3677-1E67-97C402BDB077" otype="FKIndexAssociation" vid_source="895C1BB7-4A39-B9F8-D892-73753F3DC560" vid_target="84528742-4FA6-F75C-F2D9-0F2C84599AA8">
<lineWidth>1</lineWidth>
<points>
<point x="355" y="512"/>
<point x="158" y="512"/>
</points>
</Connector>
<Connector class="oracle.dbtools.crest.swingui.relational.TVFKRelation" oid="10A0B66C-EB70-AB00-C9CE-61AAFE74F30F" otype="FKIndexAssociation" vid_source="3054B428-78F4-0150-FE1A-6BD72175F52A" vid_target="E8E9C5E3-74CE-3058-17D2-1B024BB9CCD1">
<lineWidth>1</lineWidth>
<points>
<point x="941" y="236"/>
<point x="825" y="236"/>
</points>
</Connector>
<Connector class="oracle.dbtools.crest.swingui.relational.TVFKRelation" oid="178413A0-0BFF-EDE5-4132-521D07E6BFBD" otype="FKIndexAssociation" vid_source="BEE81299-BBFF-CEDD-5339-88DFD2BA318A" vid_target="E8E9C5E3-74CE-3058-17D2-1B024BB9CCD1">
<lineWidth>1</lineWidth>
<points>
<point x="876" y="140"/>
<point x="825" y="140"/>
</points>
</Connector>
<Connector class="oracle.dbtools.crest.swingui.relational.TVFKRelation" oid="328D617D-2EFF-96A9-4E3E-869AD2B0B5BB" otype="FKIndexAssociation" vid_source="A6B960E4-984D-B08E-5A65-A72B52063842" vid_target="84528742-4FA6-F75C-F2D9-0F2C84599AA8">
<lineWidth>1</lineWidth>
<points>
<point x="805" y="438"/>
<point x="158" y="438"/>
</points>
</Connector>
<Connector class="oracle.dbtools.crest.swingui.relational.TVFKRelation" oid="395ECC96-DE8C-F037-4452-474D9BE7BDEA" otype="FKIndexAssociation" vid_source="74D56FB1-36A3-C058-0C43-273BED8A71B4" vid_target="E8E9C5E3-74CE-3058-17D2-1B024BB9CCD1">
<lineWidth>1</lineWidth>
<points>
<point x="564" y="130"/>
<point x="725" y="130"/>
</points>
</Connector>
<Connector class="oracle.dbtools.crest.swingui.relational.TVFKRelation" oid="449B74D9-574B-DCE5-5FE4-A750D4913803" otype="FKIndexAssociation" vid_source="3F40447A-9EB8-325A-0F98-500A969C8EB4" vid_target="A6B960E4-984D-B08E-5A65-A72B52063842">
<lineWidth>1</lineWidth>
<points>
<point x="621" y="317"/>
<point x="805" y="317"/>
</points>
</Connector>
<Connector class="oracle.dbtools.crest.swingui.relational.TVFKRelation" oid="556497EB-BB80-122D-BA40-F10FD5F86883" otype="FKIndexAssociation" vid_source="3F40447A-9EB8-325A-0F98-500A969C8EB4" vid_target="1AE72CC0-D403-DF27-2E4B-3227BE10F92B">
<lineWidth>1</lineWidth>
<points>
<point x="500" y="245"/>
<point x="430" y="245"/>
</points>
</Connector>
<Connector class="oracle.dbtools.crest.swingui.relational.TVFKRelation" oid="5A0CF6B9-0545-CBD5-DECB-9C197341FEAA" otype="FKIndexAssociation" vid_source="E841B207-799A-31EF-F79A-38B73BBDF30B" vid_target="84528742-4FA6-F75C-F2D9-0F2C84599AA8">
<lineWidth>1</lineWidth>
<points>
<point x="252" y="150"/>
<point x="108" y="435"/>
</points>
</Connector>
<Connector class="oracle.dbtools.crest.swingui.relational.TVFKRelation" oid="7C477830-7A45-D604-2C69-B922C9E47B2E" otype="FKIndexAssociation" vid_source="E841B207-799A-31EF-F79A-38B73BBDF30B" vid_target="1AE72CC0-D403-DF27-2E4B-3227BE10F92B">
<lineWidth>1</lineWidth>
<points>
<point x="282" y="150"/>
<point x="282" y="190"/>
</points>
</Connector>
<Connector class="oracle.dbtools.crest.swingui.relational.TVFKRelation" oid="7D61EE1E-B770-B810-49E1-A6226F0D3AD7" otype="FKIndexAssociation" vid_source="E8E9C5E3-74CE-3058-17D2-1B024BB9CCD1" vid_target="84528742-4FA6-F75C-F2D9-0F2C84599AA8">
<lineWidth>1</lineWidth>
<points>
<point x="725" y="195"/>
<point x="158" y="493"/>
</points>
</Connector>
<Connector class="oracle.dbtools.crest.swingui.relational.TVFKRelation" oid="905344C2-6EA1-EE59-0CE2-18A5BE2D1F03" otype="FKIndexAssociation" vid_source="895C1BB7-4A39-B9F8-D892-73753F3DC560" vid_target="BEB9C881-F702-876C-8731-B71ED442C4B3">
<lineWidth>1</lineWidth>
<points>
<point x="472" y="503"/>
<point x="610" y="503"/>
</points>
</Connector>
<Connector class="oracle.dbtools.crest.swingui.relational.TVFKRelation" oid="ABBC17BB-3A58-A1F0-82BF-5564A512F605" otype="FKIndexAssociation" vid_source="FA3C1FB6-FE01-AA03-CB38-9ACB10630117" vid_target="84528742-4FA6-F75C-F2D9-0F2C84599AA8">
<lineWidth>1</lineWidth>
<points>
<point x="91" y="348"/>
<point x="91" y="435"/>
</points>
</Connector>
<Connector class="oracle.dbtools.crest.swingui.relational.TVFKRelation" oid="B308FAC8-2C7F-D661-9B51-F65375F75E0C" otype="FKIndexAssociation" vid_source="3F40447A-9EB8-325A-0F98-500A969C8EB4" vid_target="BEB9C881-F702-876C-8731-B71ED442C4B3">
<lineWidth>1</lineWidth>
<points>
<point x="615" y="321"/>
<point x="615" y="450"/>
</points>
</Connector>
<Connector class="oracle.dbtools.crest.swingui.relational.TVFKRelation" oid="BD0318E8-C3B9-EEE1-6BF9-C16D3FC94D25" otype="FKIndexAssociation" vid_source="3F40447A-9EB8-325A-0F98-500A969C8EB4" vid_target="E8E9C5E3-74CE-3058-17D2-1B024BB9CCD1">
<lineWidth>1</lineWidth>
<points>
<point x="621" y="226"/>
<point x="725" y="226"/>
</points>
</Connector>
<Connector class="oracle.dbtools.crest.swingui.relational.TVFKRelation" oid="FBB291EF-6930-FDE4-F365-3990E150FFE1" otype="FKIndexAssociation" vid_source="214A31CC-99E8-CD1E-D586-6D89C104EA48" vid_target="FA3C1FB6-FE01-AA03-CB38-9ACB10630117">
<lineWidth>1</lineWidth>
<points>
<point x="70" y="139"/>
<point x="70" y="201"/>
</points>
</Connector>
</connectors>
</Diagram>