<?xml version = '1.0' encoding = 'UTF-8'?>
<Diagram class="oracle.dbtools.crest.swingui.relational.DPVRelational" name="Relational_1" id="03E7E427-4EEB-6CD8-1C08-13FF2C1AD5F5">
<createdBy>alumno</createdBy>
<createdTime>2012-10-17 20:21:56 UTC</createdTime>
<autoRoute>false</autoRoute>
<boxInbox>true</boxInbox>
<showLegend>false</showLegend>
<showLabels>false</showLabels>
<showGrid>false</showGrid>
<diagramColor>-1</diagramColor>
<display>false</display>
<notation>1</notation>
<objectViews>
<OView class="oracle.dbtools.crest.swingui.relational.TVTable" oid="0B705010-A9BC-C8EC-227C-0C42A57FDE57" otype="Table" vid="FDF319CA-7703-6BCF-AF9D-B234848A1C0D">
<bounds x="30" y="470" width="211" height="110"/>
</OView>
<OView class="oracle.dbtools.crest.swingui.relational.TVTable" oid="10A91B5C-90B4-7644-79F3-0C56D735A0A7" otype="Table" vid="F62858EA-B4C1-7FC0-F833-1B2E987717C7">
<bounds x="240" y="30" width="221" height="110"/>
</OView>
<OView class="oracle.dbtools.crest.swingui.relational.TVTable" oid="3EA5DB1C-06FA-DD8B-8732-7CB343D6D3EB" otype="Table" vid="A7D0F1EB-A2D3-4991-EAA7-E9BAB1ADC543">
<bounds x="210" y="180" width="170" height="110"/>
</OView>
<OView class="oracle.dbtools.crest.swingui.relational.TVTable" oid="4BB674D3-8618-D0BF-F74E-03B5E5D97A55" otype="Table" vid="328D54BF-2807-095F-B5D3-B60C88B6F059">
<bounds x="40" y="20" width="221" height="110"/>
</OView>
<OView class="oracle.dbtools.crest.swingui.relational.TVTable" oid="5B5B143B-462C-B60B-0760-DA3144983739" otype="Table" vid="49C881E4-11AE-88DA-7A27-BB8727ACD8BC">
<bounds x="10" y="300" width="170" height="110"/>
</OView>
<OView class="oracle.dbtools.crest.swingui.relational.TVTable" oid="5DDE8660-142C-5182-5A54-31228E567B8E" otype="Table" vid="4C78266F-CE7C-8F12-B114-F21D65AACB75">
<bounds x="400" y="80" width="170" height="110"/>
</OView>
<OView class="oracle.dbtools.crest.swingui.relational.TVTable" oid="9F67D6DC-0462-1D48-5D02-62AB02F3C7E6" otype="Table" vid="E2F4451E-46D5-55D2-DD0F-4007B68095BD">
<bounds x="520" y="400" width="191" height="110"/>
</OView>
<OView class="oracle.dbtools.crest.swingui.relational.TVTable" oid="A2CB5621-D3AD-1F51-4CC7-4073C764C306" otype="Table" vid="5A43253C-9B59-1685-3DE7-DC72ADFF9C88">
<bounds x="500" y="270" width="221" height="110"/>
</OView>
<OView class="oracle.dbtools.crest.swingui.relational.TVTable" oid="B940FEF3-3560-1612-EDC1-3E5B7322CC90" otype="Table" vid="FAEAFBB7-F1A7-5364-07B9-0F96ADD50A97">
<bounds x="280" y="460" width="221" height="110"/>
</OView>
<OView class="oracle.dbtools.crest.swingui.relational.TVTable" oid="D1D14560-2839-907C-D6E9-4226A71110FC" otype="Table" vid="9144FD6A-22CA-0D49-41BC-D5762EB56BFB">
<bounds x="250" y="290" width="211" height="110"/>
</OView>
<OView class="oracle.dbtools.crest.swingui.relational.TVTable" oid="EDCA0478-579C-E8F2-C09D-704318EB7BDF" otype="Table" vid="38C0865A-8938-4DBC-F37C-D88BDDCCC9D0">
<bounds x="40" y="150" width="170" height="110"/>
</OView>
</objectViews>
<connectors>
<Connector class="oracle.dbtools.crest.swingui.relational.TVFKRelation" oid="4075DC11-E9E2-991C-FDF5-E253CE0F2435" otype="FKIndexAssociation" vid_source="FDF319CA-7703-6BCF-AF9D-B234848A1C0D" vid_target="38C0865A-8938-4DBC-F37C-D88BDDCCC9D0">
<lineWidth>1</lineWidth>
<points>
<point x="125" y="470"/>
<point x="125" y="260"/>
</points>
</Connector>
<Connector class="oracle.dbtools.crest.swingui.relational.TVFKRelation" oid="9D084D97-C374-95C2-2393-4DB76C9E4D92" otype="FKIndexAssociation" vid_source="9144FD6A-22CA-0D49-41BC-D5762EB56BFB" vid_target="FDF319CA-7703-6BCF-AF9D-B234848A1C0D">
<lineWidth>1</lineWidth>
<points>
<point x="355" y="400"/>
<point x="135" y="470"/>
</points>
</Connector>
<Connector class="oracle.dbtools.crest.swingui.relational.TVFKRelation" oid="E86B314F-2E48-4BC0-F073-9A63A5542462" otype="FKIndexAssociation" vid_source="FDF319CA-7703-6BCF-AF9D-B234848A1C0D" vid_target="9144FD6A-22CA-0D49-41BC-D5762EB56BFB">
<lineWidth>1</lineWidth>
<points>
<point x="135" y="470"/>
<point x="355" y="400"/>
</points>
</Connector>
</connectors>
</Diagram>