<?xml version = '1.0' encoding = 'UTF-8'?>
<Relation class="oracle.dbtools.crest.model.design.logical.Relation" name="Pedidos_lineas_pedidos" id="0A53920F-2B3E-42AB-6DD2-A1390A21AA90" directorySegmentName="seg_0">
<createdBy>alumno</createdBy>
<createdTime>2012-11-24 18:58:53 UTC</createdTime>
<generatorID>Generado por el Usuario</generatorID>
<ownerDesignName>multinacional_muebles</ownerDesignName>
<engineerTo>
<item key="3912A08E-E422-CDA2-F79A-10BE960460D6" value="true"/>
</engineerTo>
<identifying>false</identifying>
<optionalSource>true</optionalSource>
<optionalTarget>true</optionalTarget>
<sourceCardinality>1</sourceCardinality>
<sourceEntity>2A754CC6-1584-7A6E-58A1-BBBEAD87AE28</sourceEntity>
<targetCardinalityString>*</targetCardinalityString>
<targetEntity>2090807A-86C7-CBF2-6F5D-4660247E3740</targetEntity>
<transferable>true</transferable>
</Relation>