<?xml version = '1.0' encoding = 'UTF-8'?>
<Relation class="oracle.dbtools.crest.model.design.logical.Relation" name="Terminaciones_linea_pedido" id="0ECE9A3C-1045-68AF-0964-156346AFAFED" directorySegmentName="seg_0">
<createdBy>alumno</createdBy>
<createdTime>2012-11-24 18:56:11 UTC</createdTime>
<generatorID>Generado por el Usuario</generatorID>
<ownerDesignName>multinacional_muebles</ownerDesignName>
<engineerTo>
<item key="3912A08E-E422-CDA2-F79A-10BE960460D6" value="true"/>
</engineerTo>
<identifying>false</identifying>
<optionalSource>true</optionalSource>
<optionalTarget>true</optionalTarget>
<sourceCardinality>1</sourceCardinality>
<sourceEntity>3A77605B-5B65-5DBA-F348-E4B607BDC3B1</sourceEntity>
<targetCardinalityString>*</targetCardinalityString>
<targetEntity>2090807A-86C7-CBF2-6F5D-4660247E3740</targetEntity>
<transferable>true</transferable>
</Relation>