<?xml version = '1.0' encoding = 'UTF-8'?>
<Relation class="oracle.dbtools.crest.model.design.logical.Relation" name="Colecc_terminaciones" id="239ED345-1325-5389-48AA-0194D09634F9" directorySegmentName="seg_0">
<createdBy>alumno</createdBy>
<createdTime>2012-11-24 18:54:35 UTC</createdTime>
<generatorID>Generado por el Usuario</generatorID>
<ownerDesignName>multinacional_muebles</ownerDesignName>
<engineerTo>
<item key="3912A08E-E422-CDA2-F79A-10BE960460D6" value="true"/>
</engineerTo>
<identifying>false</identifying>
<optionalSource>true</optionalSource>
<optionalTarget>true</optionalTarget>
<sourceCardinality>*</sourceCardinality>
<sourceEntity>BC380C76-0863-4D99-7CBC-1464390C7F02</sourceEntity>
<targetCardinalityString>*</targetCardinalityString>
<targetEntity>3A77605B-5B65-5DBA-F348-E4B607BDC3B1</targetEntity>
<transferable>true</transferable>
</Relation>