<?xml version = '1.0' encoding = 'UTF-8'?>
<Relation class="oracle.dbtools.crest.model.design.logical.Relation" name="Clientes_pedidos" id="337B0372-D11E-87C2-A99D-DB45707C0FCB" directorySegmentName="seg_0">
<createdBy>alumno</createdBy>
<createdTime>2012-11-24 19:00:10 UTC</createdTime>
<generatorID>Generado por el Usuario</generatorID>
<ownerDesignName>multinacional_muebles</ownerDesignName>
<engineerTo>
<item key="3912A08E-E422-CDA2-F79A-10BE960460D6" value="true"/>
</engineerTo>
<identifying>false</identifying>
<optionalSource>true</optionalSource>
<optionalTarget>true</optionalTarget>
<sourceCardinality>1</sourceCardinality>
<sourceEntity>A70BEFDB-81B5-6CD2-E074-E08FF447CD63</sourceEntity>
<targetCardinalityString>*</targetCardinalityString>
<targetEntity>2A754CC6-1584-7A6E-58A1-BBBEAD87AE28</targetEntity>
<transferable>true</transferable>
</Relation>