<?xml version = '1.0' encoding = 'UTF-8'?>
<Relation class="oracle.dbtools.crest.model.design.logical.Relation" name="Colecc_cristales" id="48CC90DB-2CBE-30A8-C3D3-4D7251A2FBC6" directorySegmentName="seg_0">
<createdBy>alumno</createdBy>
<createdTime>2012-11-24 18:55:00 UTC</createdTime>
<generatorID>Generado por el Usuario</generatorID>
<ownerDesignName>multinacional_muebles</ownerDesignName>
<engineerTo>
<item key="3912A08E-E422-CDA2-F79A-10BE960460D6" value="true"/>
</engineerTo>
<identifying>false</identifying>
<optionalSource>true</optionalSource>
<optionalTarget>true</optionalTarget>
<sourceCardinality>*</sourceCardinality>
<sourceEntity>BC380C76-0863-4D99-7CBC-1464390C7F02</sourceEntity>
<targetCardinalityString>*</targetCardinalityString>
<targetEntity>C3B48714-6E12-7A82-1C4E-E7E886632D89</targetEntity>
<transferable>true</transferable>
</Relation>