<?xml version = '1.0' encoding = 'UTF-8'?>
<Relation class="oracle.dbtools.crest.model.design.logical.Relation" name="Coleciones_muebles" id="6147AAFF-6E4C-F50F-71A3-47E9B19FAE63" directorySegmentName="seg_0">
<createdBy>alumno</createdBy>
<createdTime>2012-11-24 18:51:36 UTC</createdTime>
<generatorID>Generado por el Usuario</generatorID>
<ownerDesignName>multinacional_muebles</ownerDesignName>
<engineerTo>
<item key="3912A08E-E422-CDA2-F79A-10BE960460D6" value="true"/>
</engineerTo>
<identifying>false</identifying>
<optionalSource>true</optionalSource>
<optionalTarget>true</optionalTarget>
<sourceCardinality>1</sourceCardinality>
<sourceEntity>BC380C76-0863-4D99-7CBC-1464390C7F02</sourceEntity>
<targetCardinalityString>*</targetCardinalityString>
<targetEntity>5BEB2AC7-B5AA-AA3A-5432-D34C9E300359</targetEntity>
<transferable>true</transferable>
</Relation>