<?xml version = '1.0' encoding = 'UTF-8'?>
<Relation class="oracle.dbtools.crest.model.design.logical.Relation" name="Colores_linea_pedido" id="64CE9200-88C5-015B-1E26-6D48139C2173" directorySegmentName="seg_0">
<createdBy>alumno</createdBy>
<createdTime>2012-11-24 19:22:13 UTC</createdTime>
<generatorID>Generado por el Usuario</generatorID>
<ownerDesignName>multinacional_muebles</ownerDesignName>
<engineerTo>
<item key="3912A08E-E422-CDA2-F79A-10BE960460D6" value="true"/>
</engineerTo>
<identifying>false</identifying>
<optionalSource>true</optionalSource>
<optionalTarget>true</optionalTarget>
<sourceCardinality>1</sourceCardinality>
<sourceEntity>27CE60AC-10FB-4771-AAC4-328564D93FFE</sourceEntity>
<targetCardinalityString>*</targetCardinalityString>
<targetEntity>2090807A-86C7-CBF2-6F5D-4660247E3740</targetEntity>
<transferable>true</transferable>
</Relation>