<?xml version = '1.0' encoding = 'UTF-8'?>
<Relation class="oracle.dbtools.crest.model.design.logical.Relation" name="Muebles_linea_pedido" id="7A89500D-5374-9C87-D434-650DEC47CA81" directorySegmentName="seg_0">
<createdBy>alumno</createdBy>
<createdTime>2012-11-24 18:53:31 UTC</createdTime>
<generatorID>Generado por el Usuario</generatorID>
<ownerDesignName>multinacional_muebles</ownerDesignName>
<engineerTo>
<item key="3912A08E-E422-CDA2-F79A-10BE960460D6" value="true"/>
</engineerTo>
<identifying>false</identifying>
<optionalSource>true</optionalSource>
<optionalTarget>true</optionalTarget>
<sourceCardinality>1</sourceCardinality>
<sourceEntity>5BEB2AC7-B5AA-AA3A-5432-D34C9E300359</sourceEntity>
<targetCardinalityString>*</targetCardinalityString>
<targetEntity>2090807A-86C7-CBF2-6F5D-4660247E3740</targetEntity>
<transferable>true</transferable>
</Relation>