<?xml version = '1.0' encoding = 'UTF-8'?>
<Relation class="oracle.dbtools.crest.model.design.logical.Relation" name="tipos_muebles" id="9E2700F5-C312-BD1D-D4AE-43FCFB489D49" directorySegmentName="seg_0">
<createdBy>alumno</createdBy>
<createdTime>2012-11-24 18:41:42 UTC</createdTime>
<generatorID>Generado por el Usuario</generatorID>
<ownerDesignName>multinacional_muebles</ownerDesignName>
<engineerTo>
<item key="3912A08E-E422-CDA2-F79A-10BE960460D6" value="true"/>
</engineerTo>
<identifying>false</identifying>
<optionalSource>true</optionalSource>
<optionalTarget>true</optionalTarget>
<sourceCardinality>1</sourceCardinality>
<sourceEntity>EBCAD05A-5B4F-E0FF-E476-CB3CA080E624</sourceEntity>
<targetCardinalityString>*</targetCardinalityString>
<targetEntity>5BEB2AC7-B5AA-AA3A-5432-D34C9E300359</targetEntity>
<transferable>true</transferable>
</Relation>