<?xml version = '1.0' encoding = 'UTF-8'?>
<Relation class="oracle.dbtools.crest.model.design.logical.Relation" name="Cristales_linea_pedido" id="AA20B48D-4D80-9365-09A0-7D4DFA7346E3" directorySegmentName="seg_0">
<createdBy>alumno</createdBy>
<createdTime>2012-11-24 19:21:22 UTC</createdTime>
<generatorID>Generado por el Usuario</generatorID>
<ownerDesignName>multinacional_muebles</ownerDesignName>
<engineerTo>
<item key="3912A08E-E422-CDA2-F79A-10BE960460D6" value="true"/>
</engineerTo>
<identifying>false</identifying>
<optionalSource>true</optionalSource>
<optionalTarget>true</optionalTarget>
<sourceCardinality>1</sourceCardinality>
<sourceEntity>C3B48714-6E12-7A82-1C4E-E7E886632D89</sourceEntity>
<targetCardinalityString>*</targetCardinalityString>
<targetEntity>2090807A-86C7-CBF2-6F5D-4660247E3740</targetEntity>
<transferable>true</transferable>
</Relation>