<?xml version = '1.0' encoding = 'UTF-8'?>
<Relation class="oracle.dbtools.crest.model.design.logical.Relation" name="Ambiente_muebles" id="C774676F-26CC-9C7D-28AA-6DE85C0BBD84" directorySegmentName="seg_0">
<createdBy>alumno</createdBy>
<createdTime>2012-11-24 18:48:52 UTC</createdTime>
<generatorID>Generado por el Usuario</generatorID>
<ownerDesignName>multinacional_muebles</ownerDesignName>
<engineerTo>
<item key="3912A08E-E422-CDA2-F79A-10BE960460D6" value="true"/>
</engineerTo>
<identifying>false</identifying>
<optionalSource>true</optionalSource>
<optionalTarget>true</optionalTarget>
<sourceCardinality>1</sourceCardinality>
<sourceEntity>335FB04F-F65D-5E09-65DC-39314D8D61A2</sourceEntity>
<targetCardinalityString>*</targetCardinalityString>
<targetEntity>5BEB2AC7-B5AA-AA3A-5432-D34C9E300359</targetEntity>
<transferable>true</transferable>
</Relation>