<?xml version = '1.0' encoding = 'UTF-8'?>
<Relation class="oracle.dbtools.crest.model.design.logical.Relation" name="temporadas_tienen_muebles" id="D026F18E-CC6E-1DA2-2D0C-8E43D81DDBD5" directorySegmentName="seg_0">
<createdBy>alumno</createdBy>
<createdTime>2012-11-24 18:38:57 UTC</createdTime>
<generatorID>Generado por el Usuario</generatorID>
<ownerDesignName>multinacional_muebles</ownerDesignName>
<engineerTo>
<item key="3912A08E-E422-CDA2-F79A-10BE960460D6" value="true"/>
</engineerTo>
<identifying>false</identifying>
<optionalSource>true</optionalSource>
<optionalTarget>true</optionalTarget>
<sourceCardinality>*</sourceCardinality>
<sourceEntity>0E71514A-FB63-E1A1-581F-CA828D4E930D</sourceEntity>
<targetCardinalityString>*</targetCardinalityString>
<targetEntity>5BEB2AC7-B5AA-AA3A-5432-D34C9E300359</targetEntity>
<transferable>true</transferable>
</Relation>