<?xml version = '1.0' encoding = 'UTF-8'?>
<Relation class="oracle.dbtools.crest.model.design.logical.Relation" name="Colecc_colores" id="FF10B233-66C7-7702-49D7-429E8259C4AA" directorySegmentName="seg_0">
<createdBy>alumno</createdBy>
<createdTime>2012-11-24 18:55:21 UTC</createdTime>
<generatorID>Generado por el Usuario</generatorID>
<ownerDesignName>multinacional_muebles</ownerDesignName>
<engineerTo>
<item key="3912A08E-E422-CDA2-F79A-10BE960460D6" value="true"/>
</engineerTo>
<identifying>false</identifying>
<optionalSource>true</optionalSource>
<optionalTarget>true</optionalTarget>
<sourceCardinality>*</sourceCardinality>
<sourceEntity>BC380C76-0863-4D99-7CBC-1464390C7F02</sourceEntity>
<targetCardinalityString>*</targetCardinalityString>
<targetEntity>27CE60AC-10FB-4771-AAC4-328564D93FFE</targetEntity>
<transferable>true</transferable>
</Relation>