<?xml version = '1.0' encoding = 'UTF-8'?>
<Entity class="oracle.dbtools.crest.model.design.logical.Entity" id="3C18BCCD-DB58-0B4F-68B8-83454337317E" directorySegmentName="seg_0" name="LINEAPEDIDO">
<createdBy>David</createdBy>
<createdTime>2012-11-24 11:46:08 UTC</createdTime>
<generatorID>Generado por el Usuario</generatorID>
<ownerDesignName>ejerDataModeler_David_Morera</ownerDesignName>
<engineerTo>
<item key="88A0635D-C3C3-DDE8-929A-9A3771795554" value="true"/>
</engineerTo>
<adequatelyNormalized>NO</adequatelyNormalized>
<expectedVolumes>0</expectedVolumes>
<fwdEngineeringStrategyName>Single Table</fwdEngineeringStrategyName>
<growthPercent>0</growthPercent>
<growthType>Year</growthType>
<maxVolumes>9999999</maxVolumes>
<minVolumes>0</minVolumes>
<normalForm>Third</normalForm>
<fonts>
<FontObject class="oracle.dbtools.crest.model.design.FontObjectWr">
<foType>Título</foType>
<fontStyle>1</fontStyle>
<colorRGB>-16776961</colorRGB>
</FontObject>
<FontObject class="oracle.dbtools.crest.model.design.FontObjectWr">
<foType>Atributo</foType>
<colorRGB>-16777216</colorRGB>
</FontObject>
<FontObject class="oracle.dbtools.crest.model.design.FontObjectWr">
<foType>Tipo de Dato</foType>
<colorRGB>-16744448</colorRGB>
</FontObject>
<FontObject class="oracle.dbtools.crest.model.design.FontObjectWr">
<foType>Elemento de Clave Primaria</foType>
<colorRGB>-16776961</colorRGB>
</FontObject>
<FontObject class="oracle.dbtools.crest.model.design.FontObjectWr">
<foType>Elemento de Clave Ajena</foType>
<colorRGB>-16777216</colorRGB>
</FontObject>
<FontObject class="oracle.dbtools.crest.model.design.FontObjectWr">
<foType>Elemento de Clave Única</foType>
<colorRGB>-16776961</colorRGB>
</FontObject>
<FontObject class="oracle.dbtools.crest.model.design.FontObjectWr">
<foType>No Nulo</foType>
<colorRGB>-65536</colorRGB>
</FontObject>
<FontObject class="oracle.dbtools.crest.model.design.FontObjectWr">
<foType>Clave</foType>
<colorRGB>-16777216</colorRGB>
</FontObject>
</fonts>
<attributes>
<Attribute class="oracle.dbtools.crest.model.design.logical.Attribute" name="id_color" id="0CC434DA-F1EC-4D79-35A9-0AC5732B25BB">
<createdBy>David</createdBy>
<createdTime>2012-11-24 12:00:12 UTC</createdTime>
<generatorID>CB5E6D13-DD90-9C64-3D6C-39438164FE3D</generatorID>
<ownerDesignName>ejerDataModeler_David_Morera</ownerDesignName>
<engineerTo>
<item key="88A0635D-C3C3-DDE8-929A-9A3771795554" value="true"/>
</engineerTo>
<nullsAllowed>true</nullsAllowed>
<referedAttribute>27CC13FB-BFFF-77A0-5607-244B7601B445</referedAttribute>
<useDomainConstraints>false</useDomainConstraints>
<use>1</use>
<logicalDatatype>LOGDT024</logicalDatatype>
<dataTypeSize>50</dataTypeSize>
</Attribute>
<Attribute class="oracle.dbtools.crest.model.design.logical.Attribute" name="id_terminacon" id="9F86B97B-D4F6-B8B3-30AD-3B951E0AB7B4">
<createdBy>David</createdBy>
<createdTime>2012-11-24 12:16:41 UTC</createdTime>
<generatorID>76C8904B-C1A9-E8F2-EEB4-6A91B322334C</generatorID>
<ownerDesignName>ejerDataModeler_David_Morera</ownerDesignName>
<engineerTo>
<item key="88A0635D-C3C3-DDE8-929A-9A3771795554" value="true"/>
</engineerTo>
<nullsAllowed>true</nullsAllowed>
<referedAttribute>8D00C6C4-FB03-3F1F-80BB-7B0CC644FEAB</referedAttribute>
<useDomainConstraints>false</useDomainConstraints>
<use>1</use>
<logicalDatatype>LOGDT024</logicalDatatype>
<dataTypeSize>50</dataTypeSize>
</Attribute>
<Attribute class="oracle.dbtools.crest.model.design.logical.Attribute" name="cod_pedido" id="1B5F326B-A5D7-AE36-E651-76296E1ED056">
<createdBy>David</createdBy>
<createdTime>2012-11-24 12:28:34 UTC</createdTime>
<generatorID>363065F1-1F3E-1050-0CFF-3B71E7BB8EA8</generatorID>
<ownerDesignName>ejerDataModeler_David_Morera</ownerDesignName>
<engineerTo>
<item key="88A0635D-C3C3-DDE8-929A-9A3771795554" value="true"/>
</engineerTo>
<referedAttribute>22C8A034-0E8B-B31F-1B39-019A22AB67A7</referedAttribute>
<useDomainConstraints>false</useDomainConstraints>
<use>1</use>
<logicalDatatype>LOGDT024</logicalDatatype>
<dataTypeSize>50</dataTypeSize>
</Attribute>
<Attribute class="oracle.dbtools.crest.model.design.logical.Attribute" name="id_color1" id="DFC52A32-93E2-1395-905B-2D97D6681C00">
<createdBy>David</createdBy>
<createdTime>2012-11-24 12:29:13 UTC</createdTime>
<generatorID>6DE5D2AB-749A-35C5-521F-E89F253934D2</generatorID>
<ownerDesignName>ejerDataModeler_David_Morera</ownerDesignName>
<engineerTo>
<item key="88A0635D-C3C3-DDE8-929A-9A3771795554" value="true"/>
</engineerTo>
<nullsAllowed>true</nullsAllowed>
<referedAttribute>29B962BE-7EDA-AC64-A555-556332883DB8</referedAttribute>
<useDomainConstraints>false</useDomainConstraints>
<use>1</use>
<logicalDatatype>LOGDT024</logicalDatatype>
<dataTypeSize>50</dataTypeSize>
</Attribute>
<Attribute class="oracle.dbtools.crest.model.design.logical.Attribute" name="id_tipoColeccion" id="F9D01DB6-CF40-2079-75A3-0286B0EFF1B5">
<createdBy>David</createdBy>
<createdTime>2012-11-24 12:29:13 UTC</createdTime>
<generatorID>6DE5D2AB-749A-35C5-521F-E89F253934D2</generatorID>
<ownerDesignName>ejerDataModeler_David_Morera</ownerDesignName>
<engineerTo>
<item key="88A0635D-C3C3-DDE8-929A-9A3771795554" value="true"/>
</engineerTo>
<nullsAllowed>true</nullsAllowed>
<referedAttribute>6F41527C-630B-4E21-DFD4-A0B1E6EB18F2</referedAttribute>
<useDomainConstraints>false</useDomainConstraints>
<use>1</use>
<logicalDatatype>LOGDT024</logicalDatatype>
<dataTypeSize>50</dataTypeSize>
</Attribute>
<Attribute class="oracle.dbtools.crest.model.design.logical.Attribute" name="id_mueble" id="1BA3F69D-278A-804E-F2BD-602C9C736967">
<createdBy>David</createdBy>
<createdTime>2012-11-24 12:29:56 UTC</createdTime>
<generatorID>C985EAD2-92E2-F0CC-A535-9FC389DCF9E4</generatorID>
<ownerDesignName>ejerDataModeler_David_Morera</ownerDesignName>
<engineerTo>
<item key="88A0635D-C3C3-DDE8-929A-9A3771795554" value="true"/>
</engineerTo>
<nullsAllowed>true</nullsAllowed>
<referedAttribute>8067224C-AA69-5052-5CE1-DF625E659B12</referedAttribute>
<useDomainConstraints>false</useDomainConstraints>
<use>1</use>
<logicalDatatype>LOGDT024</logicalDatatype>
<dataTypeSize>50</dataTypeSize>
</Attribute>
<Attribute class="oracle.dbtools.crest.model.design.logical.Attribute" name="id_temporada" id="0D172E77-2DD0-D4B0-1D36-DC193F1416A8">
<createdBy>David</createdBy>
<createdTime>2012-11-24 12:29:56 UTC</createdTime>
<generatorID>C985EAD2-92E2-F0CC-A535-9FC389DCF9E4</generatorID>
<ownerDesignName>ejerDataModeler_David_Morera</ownerDesignName>
<engineerTo>
<item key="88A0635D-C3C3-DDE8-929A-9A3771795554" value="true"/>
</engineerTo>
<nullsAllowed>true</nullsAllowed>
<referedAttribute>01C6A8A8-E62D-F591-D472-19D107994963</referedAttribute>
<useDomainConstraints>false</useDomainConstraints>
<use>1</use>
<logicalDatatype>LOGDT011</logicalDatatype>
</Attribute>
</attributes>
</Entity>