<?xml version = '1.0' encoding = 'UTF-8'?>
<Entity class="oracle.dbtools.crest.model.design.logical.Entity" id="AFF197D1-FB40-C673-E91E-FCE8E5273949" directorySegmentName="seg_0" name="COLOR">
<createdBy>David</createdBy>
<createdTime>2012-11-24 11:05:02 UTC</createdTime>
<generatorID>Generado por el Usuario</generatorID>
<ownerDesignName>ejerDataModeler_David_Morera</ownerDesignName>
<engineerTo>
<item key="88A0635D-C3C3-DDE8-929A-9A3771795554" value="true"/>
</engineerTo>
<pkName>COLOR PK</pkName>
<adequatelyNormalized>NO</adequatelyNormalized>
<expectedVolumes>0</expectedVolumes>
<fwdEngineeringStrategyName>Single Table</fwdEngineeringStrategyName>
<growthPercent>0</growthPercent>
<growthType>Year</growthType>
<maxVolumes>9999999</maxVolumes>
<minVolumes>0</minVolumes>
<normalForm>Third</normalForm>
<fonts>
<FontObject class="oracle.dbtools.crest.model.design.FontObjectWr">
<foType>Título</foType>
<fontStyle>1</fontStyle>
<colorRGB>-16776961</colorRGB>
</FontObject>
<FontObject class="oracle.dbtools.crest.model.design.FontObjectWr">
<foType>Atributo</foType>
<colorRGB>-16777216</colorRGB>
</FontObject>
<FontObject class="oracle.dbtools.crest.model.design.FontObjectWr">
<foType>Tipo de Dato</foType>
<colorRGB>-16744448</colorRGB>
</FontObject>
<FontObject class="oracle.dbtools.crest.model.design.FontObjectWr">
<foType>Elemento de Clave Primaria</foType>
<colorRGB>-16776961</colorRGB>
</FontObject>
<FontObject class="oracle.dbtools.crest.model.design.FontObjectWr">
<foType>Elemento de Clave Ajena</foType>
<colorRGB>-16777216</colorRGB>
</FontObject>
<FontObject class="oracle.dbtools.crest.model.design.FontObjectWr">
<foType>Elemento de Clave Única</foType>
<colorRGB>-16776961</colorRGB>
</FontObject>
<FontObject class="oracle.dbtools.crest.model.design.FontObjectWr">
<foType>No Nulo</foType>
<colorRGB>-65536</colorRGB>
</FontObject>
<FontObject class="oracle.dbtools.crest.model.design.FontObjectWr">
<foType>Clave</foType>
<colorRGB>-16777216</colorRGB>
</FontObject>
</fonts>
<attributes>
<Attribute class="oracle.dbtools.crest.model.design.logical.Attribute" name="id_color" id="29B962BE-7EDA-AC64-A555-556332883DB8">
<createdBy>David</createdBy>
<createdTime>2012-11-24 11:05:09 UTC</createdTime>
<generatorID>Generado por el Usuario</generatorID>
<ownerDesignName>ejerDataModeler_David_Morera</ownerDesignName>
<engineerTo>
<item key="88A0635D-C3C3-DDE8-929A-9A3771795554" value="true"/>
</engineerTo>
<useDomainConstraints>false</useDomainConstraints>
<use>1</use>
<logicalDatatype>LOGDT024</logicalDatatype>
<dataTypeSize>50</dataTypeSize>
</Attribute>
<Attribute class="oracle.dbtools.crest.model.design.logical.Attribute" name="id_tipoColeccion" id="6F41527C-630B-4E21-DFD4-A0B1E6EB18F2">
<createdBy>David</createdBy>
<createdTime>2012-11-24 12:14:24 UTC</createdTime>
<generatorID>D8C16D85-8595-D4DB-FCA9-E4757D525229</generatorID>
<ownerDesignName>ejerDataModeler_David_Morera</ownerDesignName>
<engineerTo>
<item key="88A0635D-C3C3-DDE8-929A-9A3771795554" value="true"/>
</engineerTo>
<referedAttribute>B0B87FDC-DD19-F24B-29B7-221CA97A29C7</referedAttribute>
<useDomainConstraints>false</useDomainConstraints>
<use>1</use>
<logicalDatatype>LOGDT024</logicalDatatype>
<dataTypeSize>50</dataTypeSize>
</Attribute>
</attributes>
<identifiers>
<identifier class="oracle.dbtools.crest.model.design.logical.CandidateKey" id="F0DB82B3-021B-8D0A-D235-B06CD0402DBB" name="COLOR PK">
<createdBy>David</createdBy>
<createdTime>2012-11-24 11:05:25 UTC</createdTime>
<generatorID>Generado por el Usuario</generatorID>
<ownerDesignName>ejerDataModeler_David_Morera</ownerDesignName>
<engineerTo>
<item key="88A0635D-C3C3-DDE8-929A-9A3771795554" value="true"/>
</engineerTo>
<pk>true</pk>
<usedAttributes>
<attributeRef>29B962BE-7EDA-AC64-A555-556332883DB8</attributeRef>
<attributeRef>6F41527C-630B-4E21-DFD4-A0B1E6EB18F2</attributeRef>
</usedAttributes>
</identifier>
</identifiers>
</Entity>