<?xml version = '1.0' encoding = 'UTF-8'?>
<Relation class="oracle.dbtools.crest.model.design.logical.Relation" name="Pedido_tiene_Linea" id="1CA61C2D-EFC6-6C8A-317F-15C15FCADEE7" directorySegmentName="seg_0">
<createdBy>alumno</createdBy>
<createdTime>2012-11-20 18:29:38 UTC</createdTime>
<generatorID>Generado por el Usuario</generatorID>
<ownerDesignName>CatalogoMuebles</ownerDesignName>
<engineerTo>
<item key="2EEAB1E1-8790-8A23-4ED6-DD99FFA3FB98" value="true"/>
</engineerTo>
<identifying>false</identifying>
<optionalSource>true</optionalSource>
<optionalTarget>true</optionalTarget>
<sourceCardinality>1</sourceCardinality>
<sourceEntity>BBFC0AEE-F067-32DF-3B3E-27DA17BF2D5A</sourceEntity>
<targetCardinalityString>*</targetCardinalityString>
<targetEntity>E34D97C6-5D07-773B-9740-3E212857F3EF</targetEntity>
<transferable>true</transferable>
</Relation>