<?xml version = '1.0' encoding = 'UTF-8'?>
<Relation class="oracle.dbtools.crest.model.design.logical.Relation" name="Cristal_estaEn_Coleccion" id="2F4455F1-76AE-5E3F-E309-1C013812879B" directorySegmentName="seg_0">
<createdBy>alumno</createdBy>
<createdTime>2012-11-20 18:19:00 UTC</createdTime>
<generatorID>Generado por el Usuario</generatorID>
<ownerDesignName>CatalogoMuebles</ownerDesignName>
<engineerTo>
<item key="2EEAB1E1-8790-8A23-4ED6-DD99FFA3FB98" value="true"/>
</engineerTo>
<identifying>false</identifying>
<optionalSource>true</optionalSource>
<optionalTarget>true</optionalTarget>
<sourceCardinality>*</sourceCardinality>
<sourceEntity>60CB0E47-8EF6-535B-1061-A1B88ECC436E</sourceEntity>
<targetCardinalityString>*</targetCardinalityString>
<targetEntity>A8A2506A-D2C3-2E24-2DB1-1623E6E3FC02</targetEntity>
<transferable>true</transferable>
</Relation>