<?xml version = '1.0' encoding = 'UTF-8'?>
<Relation class="oracle.dbtools.crest.model.design.logical.Relation" name="Mueble_esDe_Temporada" id="586E4765-72B7-CAB1-0A71-0F0F12DD7423" directorySegmentName="seg_0">
<createdBy>alumno</createdBy>
<createdTime>2012-11-20 18:01:23 UTC</createdTime>
<generatorID>Generado por el Usuario</generatorID>
<ownerDesignName>CatalogoMuebles</ownerDesignName>
<engineerTo>
<item key="2EEAB1E1-8790-8A23-4ED6-DD99FFA3FB98" value="true"/>
</engineerTo>
<identifying>false</identifying>
<optionalSource>true</optionalSource>
<optionalTarget>true</optionalTarget>
<sourceCardinality>*</sourceCardinality>
<sourceEntity>6B55F7C2-48F9-27D9-8FD8-52C96CA2528D</sourceEntity>
<targetCardinalityString>*</targetCardinalityString>
<targetEntity>E343AB60-4538-546D-3899-6A58BD90BA5F</targetEntity>
<transferable>true</transferable>
</Relation>