<?xml version = '1.0' encoding = 'UTF-8'?>
<Relation class="oracle.dbtools.crest.model.design.logical.Relation" name="Mueble_esDe_Tipo" id="5A854629-A63A-16DA-EE61-645E09C39066" directorySegmentName="seg_0">
<createdBy>alumno</createdBy>
<createdTime>2012-11-20 18:06:28 UTC</createdTime>
<generatorID>Generado por el Usuario</generatorID>
<ownerDesignName>CatalogoMuebles</ownerDesignName>
<engineerTo>
<item key="2EEAB1E1-8790-8A23-4ED6-DD99FFA3FB98" value="true"/>
</engineerTo>
<identifying>false</identifying>
<optionalSource>true</optionalSource>
<optionalTarget>true</optionalTarget>
<sourceCardinality>*</sourceCardinality>
<sourceEntity>6B55F7C2-48F9-27D9-8FD8-52C96CA2528D</sourceEntity>
<targetCardinalityString>1</targetCardinalityString>
<targetEntity>AD56AC2D-BBCC-4586-347D-8FE06E40D306</targetEntity>
<transferable>true</transferable>
</Relation>