<?xml version = '1.0' encoding = 'UTF-8'?>
<Relation class="oracle.dbtools.crest.model.design.logical.Relation" name="Linea_tiene_Cristal" id="5D40C36A-D99D-7366-E24A-B39741FBBF2F" directorySegmentName="seg_0">
<createdBy>alumno</createdBy>
<createdTime>2012-11-20 18:27:37 UTC</createdTime>
<generatorID>Generado por el Usuario</generatorID>
<ownerDesignName>CatalogoMuebles</ownerDesignName>
<engineerTo>
<item key="2EEAB1E1-8790-8A23-4ED6-DD99FFA3FB98" value="true"/>
</engineerTo>
<identifying>false</identifying>
<optionalSource>true</optionalSource>
<optionalTarget>true</optionalTarget>
<sourceCardinality>1</sourceCardinality>
<sourceEntity>A8A2506A-D2C3-2E24-2DB1-1623E6E3FC02</sourceEntity>
<targetCardinalityString>*</targetCardinalityString>
<targetEntity>E34D97C6-5D07-773B-9740-3E212857F3EF</targetEntity>
<transferable>true</transferable>
</Relation>