<?xml version = '1.0' encoding = 'UTF-8'?>
<Relation class="oracle.dbtools.crest.model.design.logical.Relation" name="Linea_tiene_Color" id="8BFF55C8-BCFF-783F-062F-1A1F32731BB9" directorySegmentName="seg_0">
<createdBy>alumno</createdBy>
<createdTime>2012-11-20 18:26:46 UTC</createdTime>
<generatorID>Generado por el Usuario</generatorID>
<ownerDesignName>CatalogoMuebles</ownerDesignName>
<engineerTo>
<item key="2EEAB1E1-8790-8A23-4ED6-DD99FFA3FB98" value="true"/>
</engineerTo>
<identifying>false</identifying>
<optionalSource>true</optionalSource>
<optionalTarget>true</optionalTarget>
<sourceCardinality>1</sourceCardinality>
<sourceEntity>CD71DD0A-626B-56C1-5CFC-ABEBA4DFE316</sourceEntity>
<targetCardinalityString>*</targetCardinalityString>
<targetEntity>E34D97C6-5D07-773B-9740-3E212857F3EF</targetEntity>
<transferable>true</transferable>
</Relation>