<?xml version = '1.0' encoding = 'UTF-8'?>
<Relation class="oracle.dbtools.crest.model.design.logical.Relation" name="Linea_tiene_Mueble" id="8F836634-632B-6777-9770-B36285D9055E" directorySegmentName="seg_0">
<createdBy>alumno</createdBy>
<createdTime>2012-11-20 18:29:15 UTC</createdTime>
<generatorID>Generado por el Usuario</generatorID>
<ownerDesignName>CatalogoMuebles</ownerDesignName>
<engineerTo>
<item key="2EEAB1E1-8790-8A23-4ED6-DD99FFA3FB98" value="true"/>
</engineerTo>
<identifying>false</identifying>
<optionalSource>true</optionalSource>
<optionalTarget>true</optionalTarget>
<sourceCardinality>1</sourceCardinality>
<sourceEntity>6B55F7C2-48F9-27D9-8FD8-52C96CA2528D</sourceEntity>
<targetCardinalityString>*</targetCardinalityString>
<targetEntity>E34D97C6-5D07-773B-9740-3E212857F3EF</targetEntity>
<transferable>true</transferable>
</Relation>