<?xml version = '1.0' encoding = 'UTF-8'?>
<Relation class="oracle.dbtools.crest.model.design.logical.Relation" name="Usuario_realiza_Pedido" id="A49800C7-C35A-6E46-98E1-C7CF039C70DE" directorySegmentName="seg_0">
<createdBy>alumno</createdBy>
<createdTime>2012-11-20 18:24:39 UTC</createdTime>
<generatorID>Generado por el Usuario</generatorID>
<ownerDesignName>CatalogoMuebles</ownerDesignName>
<engineerTo>
<item key="2EEAB1E1-8790-8A23-4ED6-DD99FFA3FB98" value="true"/>
</engineerTo>
<identifying>false</identifying>
<optionalSource>true</optionalSource>
<optionalTarget>true</optionalTarget>
<sourceCardinality>1</sourceCardinality>
<sourceEntity>BCF65B88-F084-EAC7-3F06-AACFF8CF8715</sourceEntity>
<targetCardinalityString>*</targetCardinalityString>
<targetEntity>BBFC0AEE-F067-32DF-3B3E-27DA17BF2D5A</targetEntity>
<transferable>true</transferable>
</Relation>