<?xml version = '1.0' encoding = 'UTF-8'?>
<Relation class="oracle.dbtools.crest.model.design.logical.Relation" name="Mueble_pertenece_Coleccion" id="B39D4D8F-97DD-7A15-E031-BCBE76484028" directorySegmentName="seg_0">
<createdBy>alumno</createdBy>
<createdTime>2012-11-20 18:15:47 UTC</createdTime>
<generatorID>Generado por el Usuario</generatorID>
<ownerDesignName>CatalogoMuebles</ownerDesignName>
<engineerTo>
<item key="2EEAB1E1-8790-8A23-4ED6-DD99FFA3FB98" value="true"/>
</engineerTo>
<identifying>false</identifying>
<optionalSource>true</optionalSource>
<optionalTarget>true</optionalTarget>
<sourceCardinality>1</sourceCardinality>
<sourceEntity>60CB0E47-8EF6-535B-1061-A1B88ECC436E</sourceEntity>
<targetCardinalityString>*</targetCardinalityString>
<targetEntity>6B55F7C2-48F9-27D9-8FD8-52C96CA2528D</targetEntity>
<transferable>true</transferable>
</Relation>