<?xml version = '1.0' encoding = 'UTF-8'?>
<Relation class="oracle.dbtools.crest.model.design.logical.Relation" name="Term_estaEn_Colec" id="BCD602D0-7FF8-479C-97A9-5BBE192583C4" directorySegmentName="seg_0">
<createdBy>alumno</createdBy>
<createdTime>2012-11-20 18:45:53 UTC</createdTime>
<generatorID>Generado por el Usuario</generatorID>
<ownerDesignName>CatalogoMuebles</ownerDesignName>
<engineerTo>
<item key="2EEAB1E1-8790-8A23-4ED6-DD99FFA3FB98" value="true"/>
</engineerTo>
<identifying>false</identifying>
<optionalSource>true</optionalSource>
<optionalTarget>true</optionalTarget>
<sourceCardinality>*</sourceCardinality>
<sourceEntity>60CB0E47-8EF6-535B-1061-A1B88ECC436E</sourceEntity>
<targetCardinalityString>*</targetCardinalityString>
<targetEntity>17BD248D-E787-7FCA-78E8-FBB54FCAB294</targetEntity>
<transferable>true</transferable>
</Relation>