<?xml version = '1.0' encoding = 'UTF-8'?>
<Relation class="oracle.dbtools.crest.model.design.logical.Relation" name="Linea_tiene_Terminacion" id="CAF201D9-114A-1FD5-B3E7-3CA989237D1C" directorySegmentName="seg_0">
<createdBy>alumno</createdBy>
<createdTime>2012-11-20 18:28:09 UTC</createdTime>
<generatorID>Generado por el Usuario</generatorID>
<ownerDesignName>CatalogoMuebles</ownerDesignName>
<engineerTo>
<item key="2EEAB1E1-8790-8A23-4ED6-DD99FFA3FB98" value="true"/>
</engineerTo>
<identifying>false</identifying>
<optionalSource>true</optionalSource>
<optionalTarget>true</optionalTarget>
<sourceCardinality>1</sourceCardinality>
<sourceEntity>17BD248D-E787-7FCA-78E8-FBB54FCAB294</sourceEntity>
<targetCardinalityString>*</targetCardinalityString>
<targetEntity>E34D97C6-5D07-773B-9740-3E212857F3EF</targetEntity>
<transferable>true</transferable>
</Relation>