<?xml version = '1.0' encoding = 'UTF-8'?>
<Relation class="oracle.dbtools.crest.model.design.logical.Relation" name="Color_estaEn_Coleccion" id="E72DCD0C-E83F-5CC6-4706-E5DE24379681" directorySegmentName="seg_0">
<createdBy>alumno</createdBy>
<createdTime>2012-11-20 18:17:56 UTC</createdTime>
<generatorID>Generado por el Usuario</generatorID>
<ownerDesignName>CatalogoMuebles</ownerDesignName>
<engineerTo>
<item key="2EEAB1E1-8790-8A23-4ED6-DD99FFA3FB98" value="true"/>
</engineerTo>
<identifying>false</identifying>
<optionalSource>true</optionalSource>
<optionalTarget>true</optionalTarget>
<sourceCardinality>*</sourceCardinality>
<sourceEntity>CD71DD0A-626B-56C1-5CFC-ABEBA4DFE316</sourceEntity>
<targetCardinalityString>*</targetCardinalityString>
<targetEntity>60CB0E47-8EF6-535B-1061-A1B88ECC436E</targetEntity>
<transferable>true</transferable>
</Relation>