<?xml version = '1.0' encoding = 'UTF-8'?>
<Relation class="oracle.dbtools.crest.model.design.logical.Relation" name="Mueble_esDe_Ambiente" id="F5B788C2-CB0A-86C9-50BA-E101C345A51B" directorySegmentName="seg_0">
<createdBy>alumno</createdBy>
<createdTime>2012-11-20 18:08:45 UTC</createdTime>
<generatorID>Generado por el Usuario</generatorID>
<ownerDesignName>CatalogoMuebles</ownerDesignName>
<engineerTo>
<item key="2EEAB1E1-8790-8A23-4ED6-DD99FFA3FB98" value="true"/>
</engineerTo>
<identifying>false</identifying>
<optionalSource>true</optionalSource>
<optionalTarget>true</optionalTarget>
<sourceCardinality>*</sourceCardinality>
<sourceEntity>6B55F7C2-48F9-27D9-8FD8-52C96CA2528D</sourceEntity>
<targetCardinalityString>1</targetCardinalityString>
<targetEntity>CF662795-9CAD-A318-931C-76DE03F7C9D7</targetEntity>
<transferable>true</transferable>
</Relation>