<?xml version = '1.0' encoding = 'UTF-8'?>
<Table class="oracle.dbtools.crest.model.design.relational.Table" id="269CE8ED-7C6B-A82E-6378-6D575BA768CE" directorySegmentName="seg_0" name="colores">
<createdBy>alumno</createdBy>
<createdTime>2012-11-20 19:05:49 UTC</createdTime>
<generatorID>B7A70637-F9AC-43FD-204A-9AE67939A3C8</generatorID>
<ownerDesignName>muebles</ownerDesignName>
<pkName>colores PK</pkName>
<fonts>
<FontObject class="oracle.dbtools.crest.model.design.FontObjectWr">
<foType>Título</foType>
<fontStyle>1</fontStyle>
<colorRGB>-16776961</colorRGB>
</FontObject>
<FontObject class="oracle.dbtools.crest.model.design.FontObjectWr">
<foType>Columna</foType>
<colorRGB>-16777216</colorRGB>
</FontObject>
<FontObject class="oracle.dbtools.crest.model.design.FontObjectWr">
<foType>Tipo de Dato</foType>
<colorRGB>-16744448</colorRGB>
</FontObject>
<FontObject class="oracle.dbtools.crest.model.design.FontObjectWr">
<foType>Elemento de Clave Primaria</foType>
<colorRGB>-16776961</colorRGB>
</FontObject>
<FontObject class="oracle.dbtools.crest.model.design.FontObjectWr">
<foType>Elemento de Clave Ajena</foType>
<colorRGB>-16777216</colorRGB>
</FontObject>
<FontObject class="oracle.dbtools.crest.model.design.FontObjectWr">
<foType>Elemento de Clave Única</foType>
<colorRGB>-16776961</colorRGB>
</FontObject>
<FontObject class="oracle.dbtools.crest.model.design.FontObjectWr">
<foType>No Nulo</foType>
<colorRGB>-65536</colorRGB>
</FontObject>
<FontObject class="oracle.dbtools.crest.model.design.FontObjectWr">
<foType>Clave</foType>
<colorRGB>-16777216</colorRGB>
</FontObject>
</fonts>
<columns>
<Column class="oracle.dbtools.crest.model.design.relational.Column" name="id_color" id="8EC89246-B273-E34C-CCB1-04D82F8F2A57">
<createdBy>alumno</createdBy>
<createdTime>2012-11-20 19:05:49 UTC</createdTime>
<generatorID>F306F676-F411-4189-F82F-2CA656DA8B5D</generatorID>
<ownerDesignName>muebles</ownerDesignName>
<useDomainConstraints>false</useDomainConstraints>
<use>1</use>
<logicalDatatype>LOGDT011</logicalDatatype>
<previousColumn>false</previousColumn>
<autoIncrementCycle>false</autoIncrementCycle>
</Column>
<Column class="oracle.dbtools.crest.model.design.relational.Column" name="descripcion" id="AE3F5C94-0E94-BC10-AAD0-E882900E283E">
<createdBy>alumno</createdBy>
<createdTime>2012-11-20 19:05:49 UTC</createdTime>
<generatorID>D0C8957B-6191-0A36-7AE7-1AFB78C51C55</generatorID>
<ownerDesignName>muebles</ownerDesignName>
<useDomainConstraints>false</useDomainConstraints>
<use>1</use>
<logicalDatatype>LOGDT024</logicalDatatype>
<previousColumn>false</previousColumn>
<autoIncrementCycle>false</autoIncrementCycle>
</Column>
</columns>
<indexes>
<ind_PK_UK class="oracle.dbtools.crest.model.design.relational.Index" id="6DD5159A-E532-BE24-6852-1FAA0687B9F5" name="colores PK">
<createdBy>alumno</createdBy>
<createdTime>2012-11-20 19:05:49 UTC</createdTime>
<generatorID>53E21420-8835-7007-C3E3-9DB1C07C2E83</generatorID>
<ownerDesignName>muebles</ownerDesignName>
<pk>true</pk>
<indexState>Primary Constraint</indexState>
<indexColumnUsage>
<colUsage columnID="8EC89246-B273-E34C-CCB1-04D82F8F2A57"/>
</indexColumnUsage>
</ind_PK_UK>
</indexes>
</Table>