<?xml version = '1.0' encoding = 'UTF-8'?>
<Table class="oracle.dbtools.crest.model.design.relational.Table" id="39ED0DCF-2A9A-5EBE-64AF-553F601C841B" directorySegmentName="seg_0" name="Muebles">
<createdBy>alumno</createdBy>
<createdTime>2012-11-20 19:05:49 UTC</createdTime>
<generatorID>A92B4E50-BAC8-545F-EA8F-1B346AFF342C</generatorID>
<ownerDesignName>muebles</ownerDesignName>
<pkName>Muebles PK</pkName>
<fonts>
<FontObject class="oracle.dbtools.crest.model.design.FontObjectWr">
<foType>Título</foType>
<fontStyle>1</fontStyle>
<colorRGB>-16776961</colorRGB>
</FontObject>
<FontObject class="oracle.dbtools.crest.model.design.FontObjectWr">
<foType>Columna</foType>
<colorRGB>-16777216</colorRGB>
</FontObject>
<FontObject class="oracle.dbtools.crest.model.design.FontObjectWr">
<foType>Tipo de Dato</foType>
<colorRGB>-16744448</colorRGB>
</FontObject>
<FontObject class="oracle.dbtools.crest.model.design.FontObjectWr">
<foType>Elemento de Clave Primaria</foType>
<colorRGB>-16776961</colorRGB>
</FontObject>
<FontObject class="oracle.dbtools.crest.model.design.FontObjectWr">
<foType>Elemento de Clave Ajena</foType>
<colorRGB>-16777216</colorRGB>
</FontObject>
<FontObject class="oracle.dbtools.crest.model.design.FontObjectWr">
<foType>Elemento de Clave Única</foType>
<colorRGB>-16776961</colorRGB>
</FontObject>
<FontObject class="oracle.dbtools.crest.model.design.FontObjectWr">
<foType>No Nulo</foType>
<colorRGB>-65536</colorRGB>
</FontObject>
<FontObject class="oracle.dbtools.crest.model.design.FontObjectWr">
<foType>Clave</foType>
<colorRGB>-16777216</colorRGB>
</FontObject>
</fonts>
<columns>
<Column class="oracle.dbtools.crest.model.design.relational.Column" name="id_mueble" id="E8637191-17F9-C2ED-73E2-84926A050667">
<createdBy>alumno</createdBy>
<createdTime>2012-11-20 19:05:49 UTC</createdTime>
<generatorID>81CFF632-7899-FB60-196F-292306F67E40</generatorID>
<ownerDesignName>muebles</ownerDesignName>
<useDomainConstraints>false</useDomainConstraints>
<use>1</use>
<logicalDatatype>LOGDT011</logicalDatatype>
<previousColumn>false</previousColumn>
<autoIncrementCycle>false</autoIncrementCycle>
</Column>
<Column class="oracle.dbtools.crest.model.design.relational.Column" name="alto" id="AB9F4AE6-4F8C-27E9-8198-51025EA4BC1B">
<createdBy>alumno</createdBy>
<createdTime>2012-11-20 19:05:49 UTC</createdTime>
<generatorID>FE17D3BD-8ECB-1E00-B3AF-AC15D478CD78</generatorID>
<ownerDesignName>muebles</ownerDesignName>
<useDomainConstraints>false</useDomainConstraints>
<use>1</use>
<logicalDatatype>LOGDT011</logicalDatatype>
<previousColumn>false</previousColumn>
<autoIncrementCycle>false</autoIncrementCycle>
</Column>
<Column class="oracle.dbtools.crest.model.design.relational.Column" name="ancho" id="C28E3ECD-255C-9BF7-465A-0438AB914AEE">
<createdBy>alumno</createdBy>
<createdTime>2012-11-20 19:05:49 UTC</createdTime>
<generatorID>E8803F3E-5CDF-4837-5564-87DD6DDEF0FC</generatorID>
<ownerDesignName>muebles</ownerDesignName>
<useDomainConstraints>false</useDomainConstraints>
<use>1</use>
<logicalDatatype>LOGDT011</logicalDatatype>
<previousColumn>false</previousColumn>
<autoIncrementCycle>false</autoIncrementCycle>
</Column>
<Column class="oracle.dbtools.crest.model.design.relational.Column" name="profundidad" id="FAEAFD0C-650B-4ED1-174F-74D55CE318E5">
<createdBy>alumno</createdBy>
<createdTime>2012-11-20 19:05:49 UTC</createdTime>
<generatorID>8340107F-2E07-8337-4064-A2FEAD0884C0</generatorID>
<ownerDesignName>muebles</ownerDesignName>
<useDomainConstraints>false</useDomainConstraints>
<use>1</use>
<logicalDatatype>LOGDT011</logicalDatatype>
<previousColumn>false</previousColumn>
<autoIncrementCycle>false</autoIncrementCycle>
</Column>
<Column class="oracle.dbtools.crest.model.design.relational.Column" name="precio" id="EB0F4C32-F697-922C-5736-A87B21568128">
<createdBy>alumno</createdBy>
<createdTime>2012-11-20 19:05:49 UTC</createdTime>
<generatorID>CD671C4E-2AFF-13BC-D0D9-B802ECE5D0B4</generatorID>
<ownerDesignName>muebles</ownerDesignName>
<useDomainConstraints>false</useDomainConstraints>
<use>1</use>
<logicalDatatype>LOGDT011</logicalDatatype>
<previousColumn>false</previousColumn>
<autoIncrementCycle>false</autoIncrementCycle>
</Column>
<Column class="oracle.dbtools.crest.model.design.relational.Column" name="id_ambiente" id="C3753D4F-4938-8FBF-89F1-E85B0CD8F9F4">
<createdBy>alumno</createdBy>
<createdTime>2012-11-20 19:05:49 UTC</createdTime>
<generatorID>3CC2A406-1C13-6C39-9B47-77881240FBA7</generatorID>
<ownerDesignName>muebles</ownerDesignName>
<nullsAllowed>true</nullsAllowed>
<useDomainConstraints>false</useDomainConstraints>
<use>1</use>
<logicalDatatype>LOGDT011</logicalDatatype>
<delegate>F95C8E34-9547-7CCE-0FF1-35EB96358A89</delegate>
<previousColumn>false</previousColumn>
<autoIncrementCycle>false</autoIncrementCycle>
<associations>
<colAssociation fkAssociation="18BE75D5-C11E-333F-61B9-25A4CE223BA9" referredColumn="F95C8E34-9547-7CCE-0FF1-35EB96358A89"/>
</associations>
</Column>
<Column class="oracle.dbtools.crest.model.design.relational.Column" name="id_temporada" id="F5C4BB29-123F-46FB-0EDA-B95D7F38BB80">
<createdBy>alumno</createdBy>
<createdTime>2012-11-20 19:05:49 UTC</createdTime>
<generatorID>CFF7E4D8-FF9D-C2AC-C87B-5AFC901A71CF</generatorID>
<ownerDesignName>muebles</ownerDesignName>
<nullsAllowed>true</nullsAllowed>
<useDomainConstraints>false</useDomainConstraints>
<use>1</use>
<logicalDatatype>LOGDT011</logicalDatatype>
<delegate>CC6D58C8-D351-DB63-5A92-02BC0215D5F8</delegate>
<previousColumn>false</previousColumn>
<autoIncrementCycle>false</autoIncrementCycle>
<associations>
<colAssociation fkAssociation="C0069F43-1319-C898-5F20-8AA02502FDA6" referredColumn="CC6D58C8-D351-DB63-5A92-02BC0215D5F8"/>
</associations>
</Column>
<Column class="oracle.dbtools.crest.model.design.relational.Column" name="id_tipo" id="D6633B2A-7522-5797-9D7B-94B068A44E5C">
<createdBy>alumno</createdBy>
<createdTime>2012-11-20 19:05:49 UTC</createdTime>
<generatorID>0A572414-6F8D-B9C3-B828-D07A07B53D82</generatorID>
<ownerDesignName>muebles</ownerDesignName>
<nullsAllowed>true</nullsAllowed>
<useDomainConstraints>false</useDomainConstraints>
<use>1</use>
<logicalDatatype>LOGDT011</logicalDatatype>
<delegate>0B9080DA-B041-27E7-401A-D660DB9ADBBB</delegate>
<previousColumn>false</previousColumn>
<autoIncrementCycle>false</autoIncrementCycle>
<associations>
<colAssociation fkAssociation="2E87329F-6AA5-F183-AE3E-566E20B2DDE9" referredColumn="0B9080DA-B041-27E7-401A-D660DB9ADBBB"/>
</associations>
</Column>
<Column class="oracle.dbtools.crest.model.design.relational.Column" name="id_coleccion" id="9ECE978D-9109-426F-F561-E35FB5DAAFF9">
<createdBy>alumno</createdBy>
<createdTime>2012-11-20 19:05:49 UTC</createdTime>
<generatorID>5A6ECD10-D22B-31DA-F339-C82578236026</generatorID>
<ownerDesignName>muebles</ownerDesignName>
<nullsAllowed>true</nullsAllowed>
<useDomainConstraints>false</useDomainConstraints>
<use>1</use>
<logicalDatatype>LOGDT011</logicalDatatype>
<delegate>5EDDF2C8-B6A6-74C0-A902-917D5ADFA4F6</delegate>
<previousColumn>false</previousColumn>
<autoIncrementCycle>false</autoIncrementCycle>
<associations>
<colAssociation fkAssociation="487E5E79-B52B-E517-0660-A6DFEEB47802" referredColumn="5EDDF2C8-B6A6-74C0-A902-917D5ADFA4F6"/>
</associations>
</Column>
</columns>
<indexes>
<ind_PK_UK class="oracle.dbtools.crest.model.design.relational.Index" id="EEA104E0-C7D0-E5F5-6587-BFE968B87085" name="Muebles PK">
<createdBy>alumno</createdBy>
<createdTime>2012-11-20 19:05:49 UTC</createdTime>
<generatorID>97D08AD1-AEE2-63A6-1361-353ED3A2C960</generatorID>
<ownerDesignName>muebles</ownerDesignName>
<pk>true</pk>
<indexState>Primary Constraint</indexState>
<indexColumnUsage>
<colUsage columnID="E8637191-17F9-C2ED-73E2-84926A050667"/>
</indexColumnUsage>
</ind_PK_UK>
<ind_PK_UK class="oracle.dbtools.crest.model.design.relational.Index" id="8FC272D0-1884-E1FC-7942-F515824F305E" name="mueble_ambiente">
<createdBy>alumno</createdBy>
<createdTime>2012-11-20 19:05:49 UTC</createdTime>
<generatorID>590EA8DA-81AC-8991-CB6B-131CBAF53F1D</generatorID>
<ownerDesignName>muebles</ownerDesignName>
<indexState>Foreign Key</indexState>
<indexColumnUsage>
<colUsage columnID="C3753D4F-4938-8FBF-89F1-E85B0CD8F9F4"/>
</indexColumnUsage>
</ind_PK_UK>
<ind_PK_UK class="oracle.dbtools.crest.model.design.relational.Index" id="6D32E690-C0BE-48D6-E0E1-4A65B771AA31" name="mueble_coleccion">
<createdBy>alumno</createdBy>
<createdTime>2012-11-20 19:05:49 UTC</createdTime>
<generatorID>82146703-D965-40CA-6A14-AAACA1E3D640</generatorID>
<ownerDesignName>muebles</ownerDesignName>
<indexState>Foreign Key</indexState>
<indexColumnUsage>
<colUsage columnID="9ECE978D-9109-426F-F561-E35FB5DAAFF9"/>
</indexColumnUsage>
</ind_PK_UK>
<ind_PK_UK class="oracle.dbtools.crest.model.design.relational.Index" id="AB82CFFE-AC31-D31A-553D-0855B61DECA0" name="mueble_temporada">
<createdBy>alumno</createdBy>
<createdTime>2012-11-20 19:05:49 UTC</createdTime>
<generatorID>41112069-34B0-F283-9B5F-75A175068DD9</generatorID>
<ownerDesignName>muebles</ownerDesignName>
<indexState>Foreign Key</indexState>
<indexColumnUsage>
<colUsage columnID="F5C4BB29-123F-46FB-0EDA-B95D7F38BB80"/>
</indexColumnUsage>
</ind_PK_UK>
<ind_PK_UK class="oracle.dbtools.crest.model.design.relational.Index" id="BF4B8BA7-5C6D-9278-1EE2-701C3BD62B32" name="mueble_tipo">
<createdBy>alumno</createdBy>
<createdTime>2012-11-20 19:05:49 UTC</createdTime>
<generatorID>F13B14F0-684A-04A5-8547-789A278DDD00</generatorID>
<ownerDesignName>muebles</ownerDesignName>
<indexState>Foreign Key</indexState>
<indexColumnUsage>
<colUsage columnID="D6633B2A-7522-5797-9D7B-94B068A44E5C"/>
</indexColumnUsage>
</ind_PK_UK>
</indexes>
</Table>