<?xml version = '1.0' encoding = 'UTF-8'?>
<Table class="oracle.dbtools.crest.model.design.relational.Table" id="B2E2F5B1-278D-F955-7016-E5829D263E0F" directorySegmentName="seg_0" name="Colecciones">
<createdBy>alumno</createdBy>
<createdTime>2012-11-20 19:05:49 UTC</createdTime>
<generatorID>C5A462C3-2FC0-66CB-2240-1AE170FDCAA4</generatorID>
<ownerDesignName>muebles</ownerDesignName>
<pkName>Colecciones PK</pkName>
<fonts>
<FontObject class="oracle.dbtools.crest.model.design.FontObjectWr">
<foType>Título</foType>
<fontStyle>1</fontStyle>
<colorRGB>-16776961</colorRGB>
</FontObject>
<FontObject class="oracle.dbtools.crest.model.design.FontObjectWr">
<foType>Columna</foType>
<colorRGB>-16777216</colorRGB>
</FontObject>
<FontObject class="oracle.dbtools.crest.model.design.FontObjectWr">
<foType>Tipo de Dato</foType>
<colorRGB>-16744448</colorRGB>
</FontObject>
<FontObject class="oracle.dbtools.crest.model.design.FontObjectWr">
<foType>Elemento de Clave Primaria</foType>
<colorRGB>-16776961</colorRGB>
</FontObject>
<FontObject class="oracle.dbtools.crest.model.design.FontObjectWr">
<foType>Elemento de Clave Ajena</foType>
<colorRGB>-16777216</colorRGB>
</FontObject>
<FontObject class="oracle.dbtools.crest.model.design.FontObjectWr">
<foType>Elemento de Clave Única</foType>
<colorRGB>-16776961</colorRGB>
</FontObject>
<FontObject class="oracle.dbtools.crest.model.design.FontObjectWr">
<foType>No Nulo</foType>
<colorRGB>-65536</colorRGB>
</FontObject>
<FontObject class="oracle.dbtools.crest.model.design.FontObjectWr">
<foType>Clave</foType>
<colorRGB>-16777216</colorRGB>
</FontObject>
</fonts>
<columns>
<Column class="oracle.dbtools.crest.model.design.relational.Column" name="id_coleccion" id="5EDDF2C8-B6A6-74C0-A902-917D5ADFA4F6">
<createdBy>alumno</createdBy>
<createdTime>2012-11-20 19:05:49 UTC</createdTime>
<generatorID>8E47662B-4A25-A30B-5457-0ACEF9CD6470</generatorID>
<ownerDesignName>muebles</ownerDesignName>
<useDomainConstraints>false</useDomainConstraints>
<use>1</use>
<logicalDatatype>LOGDT011</logicalDatatype>
<previousColumn>false</previousColumn>
<autoIncrementCycle>false</autoIncrementCycle>
</Column>
<Column class="oracle.dbtools.crest.model.design.relational.Column" name="descrpcion" id="D68E0C3E-474F-84C6-C273-AE45738CF3DB">
<createdBy>alumno</createdBy>
<createdTime>2012-11-20 19:05:49 UTC</createdTime>
<generatorID>AA68835C-0CFA-7234-8012-EDCFF1B5742F</generatorID>
<ownerDesignName>muebles</ownerDesignName>
<useDomainConstraints>false</useDomainConstraints>
<use>1</use>
<logicalDatatype>LOGDT024</logicalDatatype>
<previousColumn>false</previousColumn>
<autoIncrementCycle>false</autoIncrementCycle>
</Column>
<Column class="oracle.dbtools.crest.model.design.relational.Column" name="id_color" id="61FD870F-DD03-6E83-3FB6-C224A4FE0AB3">
<createdBy>MiguelAngel</createdBy>
<createdTime>2012-11-25 16:59:21 UTC</createdTime>
<generatorID>9BA0AB1A-D3DE-75E3-72E2-588C82B5A065</generatorID>
<ownerDesignName>muebles</ownerDesignName>
<nullsAllowed>true</nullsAllowed>
<useDomainConstraints>false</useDomainConstraints>
<use>1</use>
<logicalDatatype>LOGDT011</logicalDatatype>
<delegate>8EC89246-B273-E34C-CCB1-04D82F8F2A57</delegate>
<previousColumn>false</previousColumn>
<autoIncrementCycle>false</autoIncrementCycle>
<associations>
<colAssociation fkAssociation="9FBD3FC1-32FD-D6FB-4918-BB748CA238EA" referredColumn="8EC89246-B273-E34C-CCB1-04D82F8F2A57"/>
</associations>
</Column>
<Column class="oracle.dbtools.crest.model.design.relational.Column" name="id_cristal" id="563DC9C1-D8AE-A169-E1C6-EFB5491AAC84">
<createdBy>MiguelAngel</createdBy>
<createdTime>2012-11-25 16:59:21 UTC</createdTime>
<generatorID>B31EA185-C729-64D7-A74A-0986EFC5FF35</generatorID>
<ownerDesignName>muebles</ownerDesignName>
<nullsAllowed>true</nullsAllowed>
<useDomainConstraints>false</useDomainConstraints>
<use>1</use>
<logicalDatatype>LOGDT011</logicalDatatype>
<delegate>21DFEDAB-716C-3A19-E5EF-0E33A0DD10AE</delegate>
<previousColumn>false</previousColumn>
<autoIncrementCycle>false</autoIncrementCycle>
<associations>
<colAssociation fkAssociation="78D8DA0A-7EAF-7CEF-E828-05386C0B991A" referredColumn="21DFEDAB-716C-3A19-E5EF-0E33A0DD10AE"/>
</associations>
</Column>
<Column class="oracle.dbtools.crest.model.design.relational.Column" name="id_terminacion" id="079DA3A3-CE79-F8FD-0BCA-CD1E114BA046">
<createdBy>MiguelAngel</createdBy>
<createdTime>2012-11-25 16:59:21 UTC</createdTime>
<generatorID>AF9604BD-DF73-C20A-3C71-A793F93246E7</generatorID>
<ownerDesignName>muebles</ownerDesignName>
<nullsAllowed>true</nullsAllowed>
<useDomainConstraints>false</useDomainConstraints>
<use>1</use>
<logicalDatatype>LOGDT011</logicalDatatype>
<delegate>B0C213EC-5813-656C-0348-72FA9B89A68D</delegate>
<previousColumn>false</previousColumn>
<autoIncrementCycle>false</autoIncrementCycle>
<associations>
<colAssociation fkAssociation="468DDC59-CDE0-F843-B16F-32C16E4AC85E" referredColumn="B0C213EC-5813-656C-0348-72FA9B89A68D"/>
</associations>
</Column>
</columns>
<indexes>
<ind_PK_UK class="oracle.dbtools.crest.model.design.relational.Index" id="1B283C83-77B7-BC24-CB9F-8C0556E1D662" name="Colecciones PK">
<createdBy>alumno</createdBy>
<createdTime>2012-11-20 19:05:49 UTC</createdTime>
<generatorID>519F8700-7BF9-29D7-1146-77CC1A882F99</generatorID>
<ownerDesignName>muebles</ownerDesignName>
<pk>true</pk>
<indexState>Primary Constraint</indexState>
<indexColumnUsage>
<colUsage columnID="5EDDF2C8-B6A6-74C0-A902-917D5ADFA4F6"/>
</indexColumnUsage>
</ind_PK_UK>
<ind_PK_UK class="oracle.dbtools.crest.model.design.relational.Index" id="0D4F5DBE-4E32-62BB-8345-CE265AB76BB3" name="coleccion_color">
<createdBy>MiguelAngel</createdBy>
<createdTime>2012-11-25 16:59:21 UTC</createdTime>
<generatorID>71F2457D-6DAA-FCB0-3BA2-61AE1FD521A3</generatorID>
<ownerDesignName>muebles</ownerDesignName>
<indexState>Foreign Key</indexState>
<indexColumnUsage>
<colUsage columnID="61FD870F-DD03-6E83-3FB6-C224A4FE0AB3"/>
</indexColumnUsage>
</ind_PK_UK>
<ind_PK_UK class="oracle.dbtools.crest.model.design.relational.Index" id="401398F3-CDB2-469E-AEE8-2C9A97EDFD94" name="coleccion_terminacion">
<createdBy>MiguelAngel</createdBy>
<createdTime>2012-11-25 16:59:21 UTC</createdTime>
<generatorID>7EC028C8-6FF6-24A3-4531-9BC0FB23721A</generatorID>
<ownerDesignName>muebles</ownerDesignName>
<indexState>Foreign Key</indexState>
<indexColumnUsage>
<colUsage columnID="079DA3A3-CE79-F8FD-0BCA-CD1E114BA046"/>
</indexColumnUsage>
</ind_PK_UK>
<ind_PK_UK class="oracle.dbtools.crest.model.design.relational.Index" id="52EB8EE4-855C-4008-9ABB-E4109B7884B7" name="relacion_color">
<createdBy>MiguelAngel</createdBy>
<createdTime>2012-11-25 16:59:21 UTC</createdTime>
<generatorID>A8DBD1E7-D658-48F3-A9BD-C8C29BF3A645</generatorID>
<ownerDesignName>muebles</ownerDesignName>
<indexState>Foreign Key</indexState>
<indexColumnUsage>
<colUsage columnID="563DC9C1-D8AE-A169-E1C6-EFB5491AAC84"/>
</indexColumnUsage>
</ind_PK_UK>
</indexes>
</Table>