<?xml version = '1.0' encoding = 'UTF-8'?>
<Entity class="oracle.dbtools.crest.model.design.logical.Entity" id="9AC3595A-A265-137E-946E-F4B98E2F6BCE" directorySegmentName="seg_0" name="Temporada">
<createdBy>alumno</createdBy>
<createdTime>2012-10-17 20:18:49 UTC</createdTime>
<generatorID>Generado por el Usuario</generatorID>
<ownerDesignName>ejercicio_datamodeler</ownerDesignName>
<engineerTo>
<item key="CCC06DEB-33CA-851D-668E-799A49D30215" value="true"/>
</engineerTo>
<pkName>Key_temporada</pkName>
<adequatelyNormalized>NO</adequatelyNormalized>
<expectedVolumes>0</expectedVolumes>
<fwdEngineeringStrategyName>Single Table</fwdEngineeringStrategyName>
<growthPercent>0</growthPercent>
<growthType>Year</growthType>
<maxVolumes>9999999</maxVolumes>
<minVolumes>0</minVolumes>
<normalForm>Third</normalForm>
<fonts>
<FontObject class="oracle.dbtools.crest.model.design.FontObjectWr">
<foType>Título</foType>
<fontStyle>1</fontStyle>
<colorRGB>-16776961</colorRGB>
</FontObject>
<FontObject class="oracle.dbtools.crest.model.design.FontObjectWr">
<foType>Atributo</foType>
<colorRGB>-16777216</colorRGB>
</FontObject>
<FontObject class="oracle.dbtools.crest.model.design.FontObjectWr">
<foType>Tipo de Dato</foType>
<colorRGB>-16744448</colorRGB>
</FontObject>
<FontObject class="oracle.dbtools.crest.model.design.FontObjectWr">
<foType>Elemento de Clave Primaria</foType>
<colorRGB>-16776961</colorRGB>
</FontObject>
<FontObject class="oracle.dbtools.crest.model.design.FontObjectWr">
<foType>Elemento de Clave Ajena</foType>
<colorRGB>-16777216</colorRGB>
</FontObject>
<FontObject class="oracle.dbtools.crest.model.design.FontObjectWr">
<foType>Elemento de Clave Única</foType>
<colorRGB>-16776961</colorRGB>
</FontObject>
<FontObject class="oracle.dbtools.crest.model.design.FontObjectWr">
<foType>No Nulo</foType>
<colorRGB>-65536</colorRGB>
</FontObject>
<FontObject class="oracle.dbtools.crest.model.design.FontObjectWr">
<foType>Clave</foType>
<colorRGB>-16777216</colorRGB>
</FontObject>
</fonts>
<attributes>
<Attribute class="oracle.dbtools.crest.model.design.logical.Attribute" name="year" id="7BB819CF-399E-793E-D3E4-7DCBE51ADD04">
<createdBy>alumno</createdBy>
<createdTime>2012-10-17 20:58:45 UTC</createdTime>
<generatorID>Generado por el Usuario</generatorID>
<ownerDesignName>ejercicio_datamodeler</ownerDesignName>
<engineerTo>
<item key="CCC06DEB-33CA-851D-668E-799A49D30215" value="true"/>
</engineerTo>
<nullsAllowed>true</nullsAllowed>
<useDomainConstraints>false</useDomainConstraints>
<use>1</use>
<logicalDatatype>LOGDT011</logicalDatatype>
</Attribute>
</attributes>
<identifiers>
<identifier class="oracle.dbtools.crest.model.design.logical.CandidateKey" id="1A8F9C2F-0E89-A3ED-ED27-105FB3F8D8FC" name="Key_temporada">
<createdBy>alumno</createdBy>
<createdTime>2012-10-17 20:58:58 UTC</createdTime>
<generatorID>Generado por el Usuario</generatorID>
<ownerDesignName>ejercicio_datamodeler</ownerDesignName>
<engineerTo>
<item key="CCC06DEB-33CA-851D-668E-799A49D30215" value="true"/>
</engineerTo>
<pk>true</pk>
<usedAttributes>
<attributeRef>7BB819CF-399E-793E-D3E4-7DCBE51ADD04</attributeRef>
</usedAttributes>
</identifier>
</identifiers>
</Entity>