<?xml version = '1.0' encoding = 'UTF-8'?>
<relationalModel class="oracle.dbtools.crest.model.design.relational.RelationalDesign" name="Relational_1" id="715E11C2-B450-0961-5858-99FEA0C3045D" mainViewID="03E7E427-4EEB-6CD8-1C08-13FF2C1AD5F5">
<createdBy>alumno</createdBy>
<createdTime>2012-10-17 18:28:33 UTC</createdTime>
<generatorID>Generado por el Usuario</generatorID>
<ownerDesignName>Muebles</ownerDesignName>
<shouldBeOpen>true</shouldBeOpen>
<selectedRDBMSSite>32076570-2523-435C-2E92-BF29817DFF70</selectedRDBMSSite>
</relationalModel>