<?xml version = '1.0' encoding = 'UTF-8'?>
<Note class="oracle.dbtools.crest.model.design.Note" name="Note_1" id="E5690BEE-874F-2229-F3BF-67E146F03229" directorySegmentName="seg_0">
<createdBy>alumno</createdBy>
<createdTime>2012-11-23 12:56:20 UTC</createdTime>
<comment>Creado por:&lt;br/&gt;Méndez Santiago, Raquel.&lt;br/&gt;Sánchez Ocasar, Rafael.</comment>
<generatorID>Generado por el Usuario</generatorID>
<ownerDesignName>ejercicio</ownerDesignName>
<fonts>
<FontObject class="oracle.dbtools.crest.model.design.FontObjectWr">
<foType>Título</foType>
<colorRGB>-16777216</colorRGB>
</FontObject>
</fonts>
</Note>