<?xml version = '1.0' encoding = 'UTF-8'?>
<FKIndexAssociation class="oracle.dbtools.crest.model.design.relational.FKIndexAssociation" id="28E848A3-F6F3-46B4-6A9A-C83C160A30B9" directorySegmentName="seg_0" name="LineaPedido_Color">
<createdBy>alumno</createdBy>
<createdTime>2012-10-17 21:34:21 UTC</createdTime>
<generatorID>8D3BA520-00E0-7F70-6A6D-44F917DE1921</generatorID>
<ownerDesignName>ejercicio_datamodeler</ownerDesignName>
<containerWithKeyObject>885EBFE8-6E1E-E0A8-4441-E4FFA0637D44</containerWithKeyObject>
<deleteRule>RESTRICT</deleteRule>
<localFKIndex>BF36FCA4-F3EE-8F82-4146-67B175C14EBA</localFKIndex>
<keyObject>8819E59A-20FE-FB4C-00F6-127976B142E3</keyObject>
<mandatory>true</mandatory>
<transferable>true</transferable>
</FKIndexAssociation>