<?xml version = '1.0' encoding = 'UTF-8'?>
<FKIndexAssociation class="oracle.dbtools.crest.model.design.relational.FKIndexAssociation" id="3253B92E-860C-3E90-6045-F22FFDD5278C" directorySegmentName="seg_0" name="FK_ASS_11">
<createdBy>alumno</createdBy>
<createdTime>2012-10-17 21:34:21 UTC</createdTime>
<generatorID>549B22CF-4898-B0EE-2CAD-AD209D5136BF</generatorID>
<ownerDesignName>ejercicio_datamodeler</ownerDesignName>
<containerWithKeyObject>5576AD64-AAB7-A0D4-03E9-576B094FD67D</containerWithKeyObject>
<deleteRule>CASCADE</deleteRule>
<localFKIndex>1D85BC81-CBE9-FDCD-F766-5303917B2424</localFKIndex>
<keyObject>08F96481-912F-D2A7-B138-374DDB1CF710</keyObject>
<mandatory>true</mandatory>
<transferable>true</transferable>
</FKIndexAssociation>