<?xml version = '1.0' encoding = 'UTF-8'?>
<FKIndexAssociation class="oracle.dbtools.crest.model.design.relational.FKIndexAssociation" id="529CD176-B1AE-D15D-0B92-8F2CF1B603A1" directorySegmentName="seg_0" name="FK_ASS_4">
<createdBy>alumno</createdBy>
<createdTime>2012-10-17 21:34:21 UTC</createdTime>
<generatorID>B67C15CA-CE38-C94C-77D9-58552FB3A57F</generatorID>
<ownerDesignName>ejercicio_datamodeler</ownerDesignName>
<containerWithKeyObject>C1AF58FA-866A-5235-C860-8FBB1B083F44</containerWithKeyObject>
<deleteRule>CASCADE</deleteRule>
<localFKIndex>C213B523-C9B3-96AF-F383-B467CE7D5255</localFKIndex>
<keyObject>D0785E3D-B4FE-D430-4DA1-ED4A075BBD17</keyObject>
<mandatory>true</mandatory>
<transferable>true</transferable>
</FKIndexAssociation>