<?xml version = '1.0' encoding = 'UTF-8'?>
<FKIndexAssociation class="oracle.dbtools.crest.model.design.relational.FKIndexAssociation" id="5FE5C8AC-7F53-938B-526F-211B28581A7A" directorySegmentName="seg_0" name="LineaPedido_Mueble">
<createdBy>alumno</createdBy>
<createdTime>2012-10-17 21:34:21 UTC</createdTime>
<generatorID>B981593B-B519-D94B-DA1C-1F36AE530404</generatorID>
<ownerDesignName>ejercicio_datamodeler</ownerDesignName>
<containerWithKeyObject>885EBFE8-6E1E-E0A8-4441-E4FFA0637D44</containerWithKeyObject>
<deleteRule>RESTRICT</deleteRule>
<localFKIndex>7CBF7362-868F-48AD-5FC2-1A9C5ADC2528</localFKIndex>
<keyObject>08F96481-912F-D2A7-B138-374DDB1CF710</keyObject>
<mandatory>true</mandatory>
<transferable>true</transferable>
</FKIndexAssociation>