<?xml version = '1.0' encoding = 'UTF-8'?>
<FKIndexAssociation class="oracle.dbtools.crest.model.design.relational.FKIndexAssociation" id="89FF4C7A-6FFD-D364-B023-7D75EA7B4B47" directorySegmentName="seg_0" name="FK_ASS_6">
<createdBy>alumno</createdBy>
<createdTime>2012-10-17 21:34:21 UTC</createdTime>
<generatorID>EAAEB5E3-41A0-6F88-92CB-A3C7D0C0DAB0</generatorID>
<ownerDesignName>ejercicio_datamodeler</ownerDesignName>
<containerWithKeyObject>0660D4CE-7CB1-31BE-ACEB-407EE307CD4A</containerWithKeyObject>
<deleteRule>CASCADE</deleteRule>
<localFKIndex>3E230D46-A202-768A-9E9F-1441D934F7F4</localFKIndex>
<keyObject>D8BD49DB-7847-A711-84D6-A7076B3A3B0B</keyObject>
<mandatory>true</mandatory>
<transferable>true</transferable>
</FKIndexAssociation>