<?xml version = '1.0' encoding = 'UTF-8'?>
<FKIndexAssociation class="oracle.dbtools.crest.model.design.relational.FKIndexAssociation" id="C0E3C98F-AA8E-4CB0-6FC1-C806F23807E6" directorySegmentName="seg_0" name="LineaPedido_Cristal">
<createdBy>alumno</createdBy>
<createdTime>2012-10-17 21:34:21 UTC</createdTime>
<generatorID>5C94B61F-5172-4464-6842-5D170E187A0A</generatorID>
<ownerDesignName>ejercicio_datamodeler</ownerDesignName>
<containerWithKeyObject>885EBFE8-6E1E-E0A8-4441-E4FFA0637D44</containerWithKeyObject>
<deleteRule>RESTRICT</deleteRule>
<localFKIndex>E6C08FD4-2701-E258-4D29-1D399B9EC57E</localFKIndex>
<keyObject>D0785E3D-B4FE-D430-4DA1-ED4A075BBD17</keyObject>
<mandatory>true</mandatory>
<transferable>true</transferable>
</FKIndexAssociation>