<?xml version = '1.0' encoding = 'UTF-8'?>
<FKIndexAssociation class="oracle.dbtools.crest.model.design.relational.FKIndexAssociation" id="C8A7AF00-7C79-2755-707F-F9C931EB6493" directorySegmentName="seg_0" name="FK_ASS_5">
<createdBy>alumno</createdBy>
<createdTime>2012-10-17 21:34:21 UTC</createdTime>
<generatorID>EAAEB5E3-41A0-6F88-92CB-A3C7D0C0DAB0</generatorID>
<ownerDesignName>ejercicio_datamodeler</ownerDesignName>
<containerWithKeyObject>0660D4CE-7CB1-31BE-ACEB-407EE307CD4A</containerWithKeyObject>
<deleteRule>CASCADE</deleteRule>
<localFKIndex>AB9A7715-C732-B50F-497A-91B71B82C0EE</localFKIndex>
<keyObject>71F86522-9F0C-08C9-4D9B-CDFADBF17D54</keyObject>
<mandatory>true</mandatory>
<transferable>true</transferable>
</FKIndexAssociation>