<?xml version = '1.0' encoding = 'UTF-8'?>
<FKIndexAssociation class="oracle.dbtools.crest.model.design.relational.FKIndexAssociation" id="EC883635-0307-80F1-ACF4-5459F642D42B" directorySegmentName="seg_0" name="Pedido_LineaPedido">
<createdBy>alumno</createdBy>
<createdTime>2012-10-17 21:34:21 UTC</createdTime>
<generatorID>09AEB298-A555-2F84-A025-8C948435B148</generatorID>
<ownerDesignName>ejercicio_datamodeler</ownerDesignName>
<containerWithKeyObject>885EBFE8-6E1E-E0A8-4441-E4FFA0637D44</containerWithKeyObject>
<deleteRule>CASCADE</deleteRule>
<localFKIndex>4C535DB1-21CB-FA30-5939-5941F032EB6F</localFKIndex>
<keyObject>513DB192-EA6A-3E11-2504-8FED975568E0</keyObject>
<mandatory>true</mandatory>
<transferable>true</transferable>
</FKIndexAssociation>