<?xml version = '1.0' encoding = 'UTF-8'?>
<FKIndexAssociation class="oracle.dbtools.crest.model.design.relational.FKIndexAssociation" id="F8BF049A-E6A1-C543-AC9F-81AC207618F3" directorySegmentName="seg_0" name="FK_ASS_3">
<createdBy>alumno</createdBy>
<createdTime>2012-10-17 21:34:21 UTC</createdTime>
<generatorID>B67C15CA-CE38-C94C-77D9-58552FB3A57F</generatorID>
<ownerDesignName>ejercicio_datamodeler</ownerDesignName>
<containerWithKeyObject>C1AF58FA-866A-5235-C860-8FBB1B083F44</containerWithKeyObject>
<deleteRule>CASCADE</deleteRule>
<localFKIndex>E8169C65-5F8C-8CCE-4E5D-129B1C9352A2</localFKIndex>
<keyObject>71F86522-9F0C-08C9-4D9B-CDFADBF17D54</keyObject>
<mandatory>true</mandatory>
<transferable>true</transferable>
</FKIndexAssociation>