<?xml version = '1.0' encoding = 'UTF-8'?>
<Table class="oracle.dbtools.crest.model.design.relational.Table" id="0B705010-A9BC-C8EC-227C-0C42A57FDE57" directorySegmentName="seg_0" name="Lineas_pedidos">
<createdBy>alumno</createdBy>
<createdTime>2012-10-17 22:49:23 UTC</createdTime>
<generatorID>4518B2E7-0B2F-0923-5B4C-97E5D0B77E55</generatorID>
<ownerDesignName>Muebles</ownerDesignName>
<pkName>linea_key</pkName>
<fonts>
<FontObject class="oracle.dbtools.crest.model.design.FontObjectWr">
<foType>Título</foType>
<fontStyle>1</fontStyle>
<colorRGB>-16776961</colorRGB>
</FontObject>
<FontObject class="oracle.dbtools.crest.model.design.FontObjectWr">
<foType>Columna</foType>
<colorRGB>-16777216</colorRGB>
</FontObject>
<FontObject class="oracle.dbtools.crest.model.design.FontObjectWr">
<foType>Tipo de Dato</foType>
<colorRGB>-16744448</colorRGB>
</FontObject>
<FontObject class="oracle.dbtools.crest.model.design.FontObjectWr">
<foType>Elemento de Clave Primaria</foType>
<colorRGB>-16776961</colorRGB>
</FontObject>
<FontObject class="oracle.dbtools.crest.model.design.FontObjectWr">
<foType>Elemento de Clave Ajena</foType>
<colorRGB>-16777216</colorRGB>
</FontObject>
<FontObject class="oracle.dbtools.crest.model.design.FontObjectWr">
<foType>Elemento de Clave Única</foType>
<colorRGB>-16776961</colorRGB>
</FontObject>
<FontObject class="oracle.dbtools.crest.model.design.FontObjectWr">
<foType>No Nulo</foType>
<colorRGB>-65536</colorRGB>
</FontObject>
<FontObject class="oracle.dbtools.crest.model.design.FontObjectWr">
<foType>Clave</foType>
<colorRGB>-16777216</colorRGB>
</FontObject>
</fonts>
<columns>
<Column class="oracle.dbtools.crest.model.design.relational.Column" name="cod_linea" id="9617D74C-C82C-1962-8AC3-519EBC1B1992">
<createdBy>alumno</createdBy>
<createdTime>2012-10-17 22:49:23 UTC</createdTime>
<generatorID>EF5A3D12-897E-EC65-2565-249D98DDAF76</generatorID>
<ownerDesignName>Muebles</ownerDesignName>
<useDomainConstraints>false</useDomainConstraints>
<use>1</use>
<logicalDatatype>LOGDT011</logicalDatatype>
<previousColumn>false</previousColumn>
<autoIncrementCycle>false</autoIncrementCycle>
</Column>
<Column class="oracle.dbtools.crest.model.design.relational.Column" name="cantidad" id="3187BEA4-B98E-7584-D274-D7470EF071EA">
<createdBy>alumno</createdBy>
<createdTime>2012-10-17 22:49:23 UTC</createdTime>
<generatorID>9992788B-4E47-C9FE-4936-DDCEFD81F4CD</generatorID>
<ownerDesignName>Muebles</ownerDesignName>
<nullsAllowed>true</nullsAllowed>
<useDomainConstraints>false</useDomainConstraints>
<use>1</use>
<logicalDatatype>LOGDT011</logicalDatatype>
<previousColumn>false</previousColumn>
<autoIncrementCycle>false</autoIncrementCycle>
</Column>
<Column class="oracle.dbtools.crest.model.design.relational.Column" name="id_pedido" id="AAEBD79A-2FE0-20CC-06CE-4ACD7F89CE10">
<createdBy>alumno</createdBy>
<createdTime>2012-10-17 22:49:23 UTC</createdTime>
<generatorID>A5E349B4-44FC-7466-6A62-98739FB3A413</generatorID>
<ownerDesignName>Muebles</ownerDesignName>
<useDomainConstraints>false</useDomainConstraints>
<use>1</use>
<logicalDatatype>LOGDT011</logicalDatatype>
<previousColumn>false</previousColumn>
<autoIncrementCycle>false</autoIncrementCycle>
</Column>
<Column class="oracle.dbtools.crest.model.design.relational.Column" name="cod_mueble" id="71923AD8-EABD-5DFA-C775-9871C04E3655">
<createdBy>alumno</createdBy>
<createdTime>2012-10-17 22:49:23 UTC</createdTime>
<generatorID>EF22094A-9507-5BE7-BF46-110E57019A5F</generatorID>
<ownerDesignName>Muebles</ownerDesignName>
<nullsAllowed>true</nullsAllowed>
<useDomainConstraints>false</useDomainConstraints>
<use>1</use>
<logicalDatatype>LOGDT011</logicalDatatype>
<previousColumn>false</previousColumn>
<autoIncrementCycle>false</autoIncrementCycle>
</Column>
<Column class="oracle.dbtools.crest.model.design.relational.Column" name="tipo_cristal" id="CF654A5C-601F-C689-D725-7DE528F0327D">
<createdBy>alumno</createdBy>
<createdTime>2012-10-17 22:49:23 UTC</createdTime>
<generatorID>391ED3AF-3E35-75D0-EF46-680072606809</generatorID>
<ownerDesignName>Muebles</ownerDesignName>
<nullsAllowed>true</nullsAllowed>
<useDomainConstraints>false</useDomainConstraints>
<use>1</use>
<logicalDatatype>LOGDT024</logicalDatatype>
<dataTypeSize>50</dataTypeSize>
<previousColumn>false</previousColumn>
<autoIncrementCycle>false</autoIncrementCycle>
</Column>
<Column class="oracle.dbtools.crest.model.design.relational.Column" name="id_color" id="B24D2292-EF2C-5734-6C35-7420BA13295B">
<createdBy>alumno</createdBy>
<createdTime>2012-10-17 22:49:23 UTC</createdTime>
<generatorID>03F8455C-086C-5643-3B29-70EE7861849F</generatorID>
<ownerDesignName>Muebles</ownerDesignName>
<nullsAllowed>true</nullsAllowed>
<useDomainConstraints>false</useDomainConstraints>
<use>1</use>
<logicalDatatype>LOGDT011</logicalDatatype>
<previousColumn>false</previousColumn>
<autoIncrementCycle>false</autoIncrementCycle>
</Column>
<Column class="oracle.dbtools.crest.model.design.relational.Column" name="id_terminacion" id="328A6D86-974D-ECF3-3DD9-B96BF82F9B47">
<createdBy>alumno</createdBy>
<createdTime>2012-10-17 22:49:23 UTC</createdTime>
<generatorID>B97DC01E-E58B-C687-B327-8B1BD38154B7</generatorID>
<ownerDesignName>Muebles</ownerDesignName>
<nullsAllowed>true</nullsAllowed>
<useDomainConstraints>false</useDomainConstraints>
<use>1</use>
<logicalDatatype>LOGDT011</logicalDatatype>
<delegate>FBE6AAD8-D0CB-79CE-E5D1-C0329BED2AEC</delegate>
<previousColumn>false</previousColumn>
<autoIncrementCycle>false</autoIncrementCycle>
<associations>
<colAssociation fkAssociation="9D084D97-C374-95C2-2393-4DB76C9E4D92" referredColumn="FBE6AAD8-D0CB-79CE-E5D1-C0329BED2AEC"/>
</associations>
</Column>
</columns>
<indexes>
<ind_PK_UK class="oracle.dbtools.crest.model.design.relational.Index" id="AFA9F568-2B4D-C129-53B0-61D4EC2283F7" name="linea_key">
<createdBy>alumno</createdBy>
<createdTime>2012-10-17 22:49:23 UTC</createdTime>
<generatorID>C2157054-0D78-991A-1588-D78B44927B2A</generatorID>
<ownerDesignName>Muebles</ownerDesignName>
<pk>true</pk>
<indexState>Primary Constraint</indexState>
<indexColumnUsage>
<colUsage columnID="9617D74C-C82C-1962-8AC3-519EBC1B1992"/>
</indexColumnUsage>
</ind_PK_UK>
<ind_PK_UK class="oracle.dbtools.crest.model.design.relational.Index" id="02B24319-3AAC-F8D4-1427-0DB8DAF6B200" name="Lineas_pedidos__IDX">
<createdBy>alumno</createdBy>
<createdTime>2012-10-17 22:49:23 UTC</createdTime>
<generatorID>Generado por el Usuario</generatorID>
<ownerDesignName>Muebles</ownerDesignName>
<indexState>Unique Plain Index</indexState>
<indexColumnUsage>
<colUsage columnID="328A6D86-974D-ECF3-3DD9-B96BF82F9B47"/>
</indexColumnUsage>
</ind_PK_UK>
<ind_PK_UK class="oracle.dbtools.crest.model.design.relational.Index" id="3DC1B8D9-1D23-AAE7-7313-9C066A88D3D6" name="contiene">
<createdBy>alumno</createdBy>
<createdTime>2012-10-17 22:49:23 UTC</createdTime>
<generatorID>1700E2B1-EDC5-1F2A-DE55-352AA7C2ADDB</generatorID>
<ownerDesignName>Muebles</ownerDesignName>
<indexState>Foreign Key</indexState>
<indexColumnUsage>
<colUsage columnID="328A6D86-974D-ECF3-3DD9-B96BF82F9B47"/>
</indexColumnUsage>
</ind_PK_UK>
</indexes>
</Table>