<?xml version = '1.0' encoding = 'UTF-8'?>
<Table class="oracle.dbtools.crest.model.design.relational.Table" id="5DDE8660-142C-5182-5A54-31228E567B8E" directorySegmentName="seg_0" name="Clientes">
<createdBy>alumno</createdBy>
<createdTime>2012-10-17 22:49:23 UTC</createdTime>
<generatorID>16AA4DDD-29FC-DBEA-0507-6D32A55D6EE9</generatorID>
<ownerDesignName>Muebles</ownerDesignName>
<pkName>cliente_key</pkName>
<fonts>
<FontObject class="oracle.dbtools.crest.model.design.FontObjectWr">
<foType>Título</foType>
<fontStyle>1</fontStyle>
<colorRGB>-16776961</colorRGB>
</FontObject>
<FontObject class="oracle.dbtools.crest.model.design.FontObjectWr">
<foType>Columna</foType>
<colorRGB>-16777216</colorRGB>
</FontObject>
<FontObject class="oracle.dbtools.crest.model.design.FontObjectWr">
<foType>Tipo de Dato</foType>
<colorRGB>-16744448</colorRGB>
</FontObject>
<FontObject class="oracle.dbtools.crest.model.design.FontObjectWr">
<foType>Elemento de Clave Primaria</foType>
<colorRGB>-16776961</colorRGB>
</FontObject>
<FontObject class="oracle.dbtools.crest.model.design.FontObjectWr">
<foType>Elemento de Clave Ajena</foType>
<colorRGB>-16777216</colorRGB>
</FontObject>
<FontObject class="oracle.dbtools.crest.model.design.FontObjectWr">
<foType>Elemento de Clave Única</foType>
<colorRGB>-16776961</colorRGB>
</FontObject>
<FontObject class="oracle.dbtools.crest.model.design.FontObjectWr">
<foType>No Nulo</foType>
<colorRGB>-65536</colorRGB>
</FontObject>
<FontObject class="oracle.dbtools.crest.model.design.FontObjectWr">
<foType>Clave</foType>
<colorRGB>-16777216</colorRGB>
</FontObject>
</fonts>
<columns>
<Column class="oracle.dbtools.crest.model.design.relational.Column" name="nombre" id="61234E51-D468-5171-452D-6C456D0093DC">
<createdBy>alumno</createdBy>
<createdTime>2012-10-17 22:49:23 UTC</createdTime>
<generatorID>CBA5A58E-BDDA-9DEE-7583-C9D545D1C7F0</generatorID>
<ownerDesignName>Muebles</ownerDesignName>
<nullsAllowed>true</nullsAllowed>
<useDomainConstraints>false</useDomainConstraints>
<use>1</use>
<logicalDatatype>LOGDT024</logicalDatatype>
<dataTypeSize>50</dataTypeSize>
<previousColumn>false</previousColumn>
<autoIncrementCycle>false</autoIncrementCycle>
</Column>
<Column class="oracle.dbtools.crest.model.design.relational.Column" name="apellidos" id="390DCE7E-0C22-22B8-24E2-48BE5296532F">
<createdBy>alumno</createdBy>
<createdTime>2012-10-17 22:49:23 UTC</createdTime>
<generatorID>69A5ED9D-0EFD-BCCC-1D67-9169BBAF4918</generatorID>
<ownerDesignName>Muebles</ownerDesignName>
<nullsAllowed>true</nullsAllowed>
<useDomainConstraints>false</useDomainConstraints>
<use>1</use>
<logicalDatatype>LOGDT024</logicalDatatype>
<dataTypeSize>50</dataTypeSize>
<previousColumn>false</previousColumn>
<autoIncrementCycle>false</autoIncrementCycle>
</Column>
<Column class="oracle.dbtools.crest.model.design.relational.Column" name="dni" id="93104041-69F3-903C-91B0-E28AE12B5945">
<createdBy>alumno</createdBy>
<createdTime>2012-10-17 22:49:23 UTC</createdTime>
<generatorID>DFFDE6EC-0F17-408E-1936-DBB74D87F4E0</generatorID>
<ownerDesignName>Muebles</ownerDesignName>
<useDomainConstraints>false</useDomainConstraints>
<use>1</use>
<logicalDatatype>LOGDT024</logicalDatatype>
<dataTypeSize>50</dataTypeSize>
<previousColumn>false</previousColumn>
<autoIncrementCycle>false</autoIncrementCycle>
</Column>
<Column class="oracle.dbtools.crest.model.design.relational.Column" name="email" id="3C10A176-EFEF-749E-1B43-AD9132E70A8B">
<createdBy>alumno</createdBy>
<createdTime>2012-10-17 22:49:23 UTC</createdTime>
<generatorID>22963FE0-8DEF-6ACB-DC34-24A160F2ADDF</generatorID>
<ownerDesignName>Muebles</ownerDesignName>
<nullsAllowed>true</nullsAllowed>
<useDomainConstraints>false</useDomainConstraints>
<use>1</use>
<logicalDatatype>LOGDT024</logicalDatatype>
<dataTypeSize>50</dataTypeSize>
<previousColumn>false</previousColumn>
<autoIncrementCycle>false</autoIncrementCycle>
</Column>
</columns>
<indexes>
<ind_PK_UK class="oracle.dbtools.crest.model.design.relational.Index" id="B6C5702B-0B9F-D47C-70D9-FB55607DA0FE" name="cliente_key">
<createdBy>alumno</createdBy>
<createdTime>2012-10-17 22:49:23 UTC</createdTime>
<generatorID>52074D15-B38A-DEEA-B304-F823FE7E5CD5</generatorID>
<ownerDesignName>Muebles</ownerDesignName>
<pk>true</pk>
<indexState>Primary Constraint</indexState>
<indexColumnUsage>
<colUsage columnID="93104041-69F3-903C-91B0-E28AE12B5945"/>
</indexColumnUsage>
</ind_PK_UK>
</indexes>
</Table>