<?xml version = '1.0' encoding = 'UTF-8'?>
<Table class="oracle.dbtools.crest.model.design.relational.Table" id="A2CB5621-D3AD-1F51-4CC7-4073C764C306" directorySegmentName="seg_0" name="Temporada">
<createdBy>alumno</createdBy>
<createdTime>2012-10-17 22:49:23 UTC</createdTime>
<generatorID>49EEADE9-53FC-31DC-5954-A6A2BEB7695E</generatorID>
<ownerDesignName>Muebles</ownerDesignName>
<pkName>temp_key</pkName>
<fonts>
<FontObject class="oracle.dbtools.crest.model.design.FontObjectWr">
<foType>Título</foType>
<fontStyle>1</fontStyle>
<colorRGB>-16776961</colorRGB>
</FontObject>
<FontObject class="oracle.dbtools.crest.model.design.FontObjectWr">
<foType>Columna</foType>
<colorRGB>-16777216</colorRGB>
</FontObject>
<FontObject class="oracle.dbtools.crest.model.design.FontObjectWr">
<foType>Tipo de Dato</foType>
<colorRGB>-16744448</colorRGB>
</FontObject>
<FontObject class="oracle.dbtools.crest.model.design.FontObjectWr">
<foType>Elemento de Clave Primaria</foType>
<colorRGB>-16776961</colorRGB>
</FontObject>
<FontObject class="oracle.dbtools.crest.model.design.FontObjectWr">
<foType>Elemento de Clave Ajena</foType>
<colorRGB>-16777216</colorRGB>
</FontObject>
<FontObject class="oracle.dbtools.crest.model.design.FontObjectWr">
<foType>Elemento de Clave Única</foType>
<colorRGB>-16776961</colorRGB>
</FontObject>
<FontObject class="oracle.dbtools.crest.model.design.FontObjectWr">
<foType>No Nulo</foType>
<colorRGB>-65536</colorRGB>
</FontObject>
<FontObject class="oracle.dbtools.crest.model.design.FontObjectWr">
<foType>Clave</foType>
<colorRGB>-16777216</colorRGB>
</FontObject>
</fonts>
<columns>
<Column class="oracle.dbtools.crest.model.design.relational.Column" name="nombre_temporada" id="BF46BECE-CE12-18D4-BBB2-EF649B50C2FB">
<createdBy>alumno</createdBy>
<createdTime>2012-10-17 22:49:23 UTC</createdTime>
<generatorID>230E88FE-1C19-4C24-148F-A86F69602945</generatorID>
<ownerDesignName>Muebles</ownerDesignName>
<useDomainConstraints>false</useDomainConstraints>
<use>1</use>
<logicalDatatype>LOGDT011</logicalDatatype>
<previousColumn>false</previousColumn>
<autoIncrementCycle>false</autoIncrementCycle>
</Column>
</columns>
<indexes>
<ind_PK_UK class="oracle.dbtools.crest.model.design.relational.Index" id="1FF24430-26E7-F617-3DBE-7AE8056DBA66" name="temp_key">
<createdBy>alumno</createdBy>
<createdTime>2012-10-17 22:49:23 UTC</createdTime>
<generatorID>7A095C13-CFAB-B1D7-785A-EDAB8BCC25D5</generatorID>
<ownerDesignName>Muebles</ownerDesignName>
<pk>true</pk>
<indexState>Primary Constraint</indexState>
<indexColumnUsage>
<colUsage columnID="BF46BECE-CE12-18D4-BBB2-EF649B50C2FB"/>
</indexColumnUsage>
</ind_PK_UK>
</indexes>
</Table>