<?xml version = '1.0' encoding = 'UTF-8'?>
<Table class="oracle.dbtools.crest.model.design.relational.Table" id="B940FEF3-3560-1612-EDC1-3E5B7322CC90" directorySegmentName="seg_0" name="Ambientes">
<createdBy>alumno</createdBy>
<createdTime>2012-10-17 22:49:23 UTC</createdTime>
<generatorID>562DCF54-C1AF-5CC3-A564-67E0595334C1</generatorID>
<ownerDesignName>Muebles</ownerDesignName>
<pkName>amb_key</pkName>
<fonts>
<FontObject class="oracle.dbtools.crest.model.design.FontObjectWr">
<foType>Título</foType>
<fontStyle>1</fontStyle>
<colorRGB>-16776961</colorRGB>
</FontObject>
<FontObject class="oracle.dbtools.crest.model.design.FontObjectWr">
<foType>Columna</foType>
<colorRGB>-16777216</colorRGB>
</FontObject>
<FontObject class="oracle.dbtools.crest.model.design.FontObjectWr">
<foType>Tipo de Dato</foType>
<colorRGB>-16744448</colorRGB>
</FontObject>
<FontObject class="oracle.dbtools.crest.model.design.FontObjectWr">
<foType>Elemento de Clave Primaria</foType>
<colorRGB>-16776961</colorRGB>
</FontObject>
<FontObject class="oracle.dbtools.crest.model.design.FontObjectWr">
<foType>Elemento de Clave Ajena</foType>
<colorRGB>-16777216</colorRGB>
</FontObject>
<FontObject class="oracle.dbtools.crest.model.design.FontObjectWr">
<foType>Elemento de Clave Única</foType>
<colorRGB>-16776961</colorRGB>
</FontObject>
<FontObject class="oracle.dbtools.crest.model.design.FontObjectWr">
<foType>No Nulo</foType>
<colorRGB>-65536</colorRGB>
</FontObject>
<FontObject class="oracle.dbtools.crest.model.design.FontObjectWr">
<foType>Clave</foType>
<colorRGB>-16777216</colorRGB>
</FontObject>
</fonts>
<columns>
<Column class="oracle.dbtools.crest.model.design.relational.Column" name="nombre_ambiente" id="A02242BF-D300-2A92-8DF6-EA4482F5CFE2">
<createdBy>alumno</createdBy>
<createdTime>2012-10-17 22:49:23 UTC</createdTime>
<generatorID>CFAC5973-9AF1-9BE2-EB31-625F4AD264E0</generatorID>
<ownerDesignName>Muebles</ownerDesignName>
<useDomainConstraints>false</useDomainConstraints>
<use>1</use>
<logicalDatatype>LOGDT024</logicalDatatype>
<dataTypeSize>50</dataTypeSize>
<previousColumn>false</previousColumn>
<autoIncrementCycle>false</autoIncrementCycle>
</Column>
<Column class="oracle.dbtools.crest.model.design.relational.Column" name="cod_mueble" id="53D4A5C0-B627-B2B0-CE76-49B1DF301683">
<createdBy>alumno</createdBy>
<createdTime>2012-10-17 22:49:23 UTC</createdTime>
<generatorID>4B1A90AA-9ED5-AFA8-7ADA-30A6A877AA7E</generatorID>
<ownerDesignName>Muebles</ownerDesignName>
<nullsAllowed>true</nullsAllowed>
<useDomainConstraints>false</useDomainConstraints>
<use>1</use>
<logicalDatatype>LOGDT011</logicalDatatype>
<previousColumn>false</previousColumn>
<autoIncrementCycle>false</autoIncrementCycle>
</Column>
</columns>
<indexes>
<ind_PK_UK class="oracle.dbtools.crest.model.design.relational.Index" id="E8A719A1-9071-223D-19D7-F0D9520545FD" name="amb_key">
<createdBy>alumno</createdBy>
<createdTime>2012-10-17 22:49:23 UTC</createdTime>
<generatorID>35BAF51F-E784-39BC-8E94-075CB1AE3CCE</generatorID>
<ownerDesignName>Muebles</ownerDesignName>
<pk>true</pk>
<indexState>Primary Constraint</indexState>
<indexColumnUsage>
<colUsage columnID="A02242BF-D300-2A92-8DF6-EA4482F5CFE2"/>
</indexColumnUsage>
</ind_PK_UK>
</indexes>
</Table>