<?xml version = '1.0' encoding = 'UTF-8'?>
<Table class="oracle.dbtools.crest.model.design.relational.Table" id="EDCA0478-579C-E8F2-C09D-704318EB7BDF" directorySegmentName="seg_0" name="Colores">
<createdBy>alumno</createdBy>
<createdTime>2012-10-17 22:49:23 UTC</createdTime>
<generatorID>E16DD4A4-B1E3-BAC4-BCD5-E34902D422D8</generatorID>
<ownerDesignName>Muebles</ownerDesignName>
<fonts>
<FontObject class="oracle.dbtools.crest.model.design.FontObjectWr">
<foType>Título</foType>
<fontStyle>1</fontStyle>
<colorRGB>-16776961</colorRGB>
</FontObject>
<FontObject class="oracle.dbtools.crest.model.design.FontObjectWr">
<foType>Columna</foType>
<colorRGB>-16777216</colorRGB>
</FontObject>
<FontObject class="oracle.dbtools.crest.model.design.FontObjectWr">
<foType>Tipo de Dato</foType>
<colorRGB>-16744448</colorRGB>
</FontObject>
<FontObject class="oracle.dbtools.crest.model.design.FontObjectWr">
<foType>Elemento de Clave Primaria</foType>
<colorRGB>-16776961</colorRGB>
</FontObject>
<FontObject class="oracle.dbtools.crest.model.design.FontObjectWr">
<foType>Elemento de Clave Ajena</foType>
<colorRGB>-16777216</colorRGB>
</FontObject>
<FontObject class="oracle.dbtools.crest.model.design.FontObjectWr">
<foType>Elemento de Clave Única</foType>
<colorRGB>-16776961</colorRGB>
</FontObject>
<FontObject class="oracle.dbtools.crest.model.design.FontObjectWr">
<foType>No Nulo</foType>
<colorRGB>-65536</colorRGB>
</FontObject>
<FontObject class="oracle.dbtools.crest.model.design.FontObjectWr">
<foType>Clave</foType>
<colorRGB>-16777216</colorRGB>
</FontObject>
</fonts>
<columns>
<Column class="oracle.dbtools.crest.model.design.relational.Column" name="id_color" id="C1EFF58E-18C7-5B82-9C8E-0E14DF96FDBF">
<createdBy>alumno</createdBy>
<createdTime>2012-10-17 22:49:23 UTC</createdTime>
<generatorID>9F4CF5BD-C30D-F6D2-D002-EFEDF86666BB</generatorID>
<ownerDesignName>Muebles</ownerDesignName>
<nullsAllowed>true</nullsAllowed>
<useDomainConstraints>false</useDomainConstraints>
<use>1</use>
<logicalDatatype>LOGDT011</logicalDatatype>
<previousColumn>false</previousColumn>
<autoIncrementCycle>false</autoIncrementCycle>
</Column>
<Column class="oracle.dbtools.crest.model.design.relational.Column" name="color" id="E7BF92A2-F235-9757-D7FE-1CCD00CE52D5">
<createdBy>alumno</createdBy>
<createdTime>2012-10-17 22:49:23 UTC</createdTime>
<generatorID>C7EBE055-68DF-451C-D875-6450A450B0AB</generatorID>
<ownerDesignName>Muebles</ownerDesignName>
<nullsAllowed>true</nullsAllowed>
<useDomainConstraints>false</useDomainConstraints>
<use>1</use>
<logicalDatatype>LOGDT024</logicalDatatype>
<dataTypeSize>50</dataTypeSize>
<previousColumn>false</previousColumn>
<autoIncrementCycle>false</autoIncrementCycle>
</Column>
<Column class="oracle.dbtools.crest.model.design.relational.Column" name="cod_linea" id="1FC98598-EA6B-F42C-E2EB-BA34FB4596D0">
<createdBy>alumno</createdBy>
<createdTime>2012-10-17 22:49:23 UTC</createdTime>
<generatorID>45E3D99E-A2CD-E900-1EFE-8CB3456F917D</generatorID>
<ownerDesignName>Muebles</ownerDesignName>
<nullsAllowed>true</nullsAllowed>
<useDomainConstraints>false</useDomainConstraints>
<use>1</use>
<logicalDatatype>LOGDT011</logicalDatatype>
<delegate>9617D74C-C82C-1962-8AC3-519EBC1B1992</delegate>
<previousColumn>false</previousColumn>
<autoIncrementCycle>false</autoIncrementCycle>
<associations>
<colAssociation fkAssociation="4075DC11-E9E2-991C-FDF5-E253CE0F2435" referredColumn="9617D74C-C82C-1962-8AC3-519EBC1B1992"/>
</associations>
</Column>
</columns>
<indexes>
<ind_PK_UK class="oracle.dbtools.crest.model.design.relational.Index" id="97496ED4-7682-5204-AFA2-75B8EDCED489" name="Colores__IDX">
<createdBy>alumno</createdBy>
<createdTime>2012-10-17 22:49:23 UTC</createdTime>
<generatorID>Generado por el Usuario</generatorID>
<ownerDesignName>Muebles</ownerDesignName>
<indexState>Unique Plain Index</indexState>
<indexColumnUsage>
<colUsage columnID="1FC98598-EA6B-F42C-E2EB-BA34FB4596D0"/>
</indexColumnUsage>
</ind_PK_UK>
<ind_PK_UK class="oracle.dbtools.crest.model.design.relational.Index" id="C0B44E7A-DD0C-4BDA-4468-77EFA8266F26" name="contiene">
<createdBy>alumno</createdBy>
<createdTime>2012-10-17 22:49:23 UTC</createdTime>
<generatorID>00AD62AD-7E4C-55F3-5C8F-0453CACD7700</generatorID>
<ownerDesignName>Muebles</ownerDesignName>
<indexState>Foreign Key</indexState>
<indexColumnUsage>
<colUsage columnID="1FC98598-EA6B-F42C-E2EB-BA34FB4596D0"/>
</indexColumnUsage>
</ind_PK_UK>
</indexes>
</Table>