<?xml version = '1.0' encoding = 'UTF-8'?>
<Relation class="oracle.dbtools.crest.model.design.logical.Relation" name="pertenece_a" id="0B3FEE3D-F307-6767-D74E-E4DB1134E077" directorySegmentName="seg_0">
<createdBy>alumno</createdBy>
<createdTime>2012-10-17 22:37:20 UTC</createdTime>
<generatorID>Generado por el Usuario</generatorID>
<ownerDesignName>Muebles</ownerDesignName>
<engineerTo>
<item key="715E11C2-B450-0961-5858-99FEA0C3045D" value="true"/>
</engineerTo>
<identifying>false</identifying>
<optionalSource>true</optionalSource>
<optionalTarget>true</optionalTarget>
<sourceCardinality>1</sourceCardinality>
<sourceEntity>8326A778-1B4C-E0D2-4328-9FA8E02E613E</sourceEntity>
<targetCardinalityString>1</targetCardinalityString>
<targetEntity>562DCF54-C1AF-5CC3-A564-67E0595334C1</targetEntity>
<transferable>true</transferable>
</Relation>