<?xml version = '1.0' encoding = 'UTF-8'?>
<Relation class="oracle.dbtools.crest.model.design.logical.Relation" name="pertenece a" id="14EAD762-DF56-9A2E-33ED-CE4E6308A455" directorySegmentName="seg_0">
<createdBy>alumno</createdBy>
<createdTime>2012-10-17 22:32:50 UTC</createdTime>
<generatorID>Generado por el Usuario</generatorID>
<ownerDesignName>Muebles</ownerDesignName>
<engineerTo>
<item key="715E11C2-B450-0961-5858-99FEA0C3045D" value="true"/>
</engineerTo>
<identifying>false</identifying>
<optionalSource>true</optionalSource>
<optionalTarget>true</optionalTarget>
<sourceCardinality>*</sourceCardinality>
<sourceEntity>8326A778-1B4C-E0D2-4328-9FA8E02E613E</sourceEntity>
<targetCardinalityString>*</targetCardinalityString>
<targetEntity>49EEADE9-53FC-31DC-5954-A6A2BEB7695E</targetEntity>
<transferable>true</transferable>
</Relation>