<?xml version = '1.0' encoding = 'UTF-8'?>
<Relation class="oracle.dbtools.crest.model.design.logical.Relation" name="es_de" id="38514232-B934-C1FE-942B-A09CCF2B870B" directorySegmentName="seg_0">
<createdBy>alumno</createdBy>
<createdTime>2012-10-17 22:36:02 UTC</createdTime>
<generatorID>Generado por el Usuario</generatorID>
<ownerDesignName>Muebles</ownerDesignName>
<engineerTo>
<item key="715E11C2-B450-0961-5858-99FEA0C3045D" value="true"/>
</engineerTo>
<identifying>false</identifying>
<optionalSource>true</optionalSource>
<optionalTarget>true</optionalTarget>
<sourceCardinality>1</sourceCardinality>
<sourceEntity>8326A778-1B4C-E0D2-4328-9FA8E02E613E</sourceEntity>
<targetCardinalityString>1</targetCardinalityString>
<targetEntity>D4E3FB58-CBFB-1EB0-7EF1-9F9E9C90CBBF</targetEntity>
<transferable>true</transferable>
</Relation>