<?xml version = '1.0' encoding = 'UTF-8'?>
<Relation class="oracle.dbtools.crest.model.design.logical.Relation" name="tiene" id="420E3890-0697-F65F-6166-EFC48F8109A1" directorySegmentName="seg_0">
<createdBy>alumno</createdBy>
<createdTime>2012-10-17 22:31:17 UTC</createdTime>
<generatorID>Generado por el Usuario</generatorID>
<ownerDesignName>Muebles</ownerDesignName>
<engineerTo>
<item key="715E11C2-B450-0961-5858-99FEA0C3045D" value="true"/>
</engineerTo>
<identifying>false</identifying>
<optionalSource>true</optionalSource>
<optionalTarget>false</optionalTarget>
<sourceCardinality>1</sourceCardinality>
<sourceEntity>1F9E5084-4A87-BDE0-D131-F12BF8CD261E</sourceEntity>
<targetCardinalityString>*</targetCardinalityString>
<targetEntity>4518B2E7-0B2F-0923-5B4C-97E5D0B77E55</targetEntity>
<transferable>true</transferable>
</Relation>