<?xml version = '1.0' encoding = 'UTF-8'?>
<Relation class="oracle.dbtools.crest.model.design.logical.Relation" name="tiene" id="5A129B02-4581-7056-E6E8-8D115EC5BF6B" directorySegmentName="seg_0">
<createdBy>alumno</createdBy>
<createdTime>2012-10-17 22:43:58 UTC</createdTime>
<generatorID>Generado por el Usuario</generatorID>
<ownerDesignName>Muebles</ownerDesignName>
<engineerTo>
<item key="715E11C2-B450-0961-5858-99FEA0C3045D" value="true"/>
</engineerTo>
<identifying>false</identifying>
<optionalSource>true</optionalSource>
<optionalTarget>true</optionalTarget>
<sourceCardinality>*</sourceCardinality>
<sourceEntity>D4E3FB58-CBFB-1EB0-7EF1-9F9E9C90CBBF</sourceEntity>
<targetCardinalityString>*</targetCardinalityString>
<targetEntity>E16DD4A4-B1E3-BAC4-BCD5-E34902D422D8</targetEntity>
<transferable>true</transferable>
</Relation>