<?xml version = '1.0' encoding = 'UTF-8'?>
<Relation class="oracle.dbtools.crest.model.design.logical.Relation" name="hace" id="773384F8-C5BF-E8AA-E1EB-ED8733D01AB1" directorySegmentName="seg_0">
<createdBy>alumno</createdBy>
<createdTime>2012-10-17 22:29:55 UTC</createdTime>
<generatorID>Generado por el Usuario</generatorID>
<ownerDesignName>Muebles</ownerDesignName>
<engineerTo>
<item key="715E11C2-B450-0961-5858-99FEA0C3045D" value="true"/>
</engineerTo>
<identifying>false</identifying>
<optionalSource>true</optionalSource>
<optionalTarget>false</optionalTarget>
<sourceCardinality>1</sourceCardinality>
<sourceEntity>16AA4DDD-29FC-DBEA-0507-6D32A55D6EE9</sourceEntity>
<targetCardinalityString>*</targetCardinalityString>
<targetEntity>1F9E5084-4A87-BDE0-D131-F12BF8CD261E</targetEntity>
<transferable>true</transferable>
</Relation>