<?xml version = '1.0' encoding = 'UTF-8'?>
<Relation class="oracle.dbtools.crest.model.design.logical.Relation" name="pertenece_a" id="9921D174-DD07-9E5D-2082-BF80F1844677" directorySegmentName="seg_0">
<createdBy>alumno</createdBy>
<createdTime>2012-10-17 22:40:11 UTC</createdTime>
<generatorID>Generado por el Usuario</generatorID>
<ownerDesignName>Muebles</ownerDesignName>
<engineerTo>
<item key="715E11C2-B450-0961-5858-99FEA0C3045D" value="true"/>
</engineerTo>
<identifying>false</identifying>
<optionalSource>true</optionalSource>
<optionalTarget>true</optionalTarget>
<sourceCardinality>1</sourceCardinality>
<sourceEntity>8326A778-1B4C-E0D2-4328-9FA8E02E613E</sourceEntity>
<targetCardinalityString>1</targetCardinalityString>
<targetEntity>24B4F42B-C750-FD3A-B7F0-B94DCC9670E0</targetEntity>
<transferable>true</transferable>
</Relation>