<?xml version = '1.0' encoding = 'UTF-8'?>
<Relation class="oracle.dbtools.crest.model.design.logical.Relation" name="tiene" id="AE4C2474-85CB-B5B6-D31D-EE1ABC9CECFB" directorySegmentName="seg_0">
<createdBy>alumno</createdBy>
<createdTime>2012-10-17 22:44:59 UTC</createdTime>
<generatorID>Generado por el Usuario</generatorID>
<ownerDesignName>Muebles</ownerDesignName>
<engineerTo>
<item key="715E11C2-B450-0961-5858-99FEA0C3045D" value="true"/>
</engineerTo>
<identifying>false</identifying>
<optionalSource>true</optionalSource>
<optionalTarget>true</optionalTarget>
<sourceCardinality>*</sourceCardinality>
<sourceEntity>D4E3FB58-CBFB-1EB0-7EF1-9F9E9C90CBBF</sourceEntity>
<targetCardinalityString>*</targetCardinalityString>
<targetEntity>7DD11B67-8859-C510-D7C4-BFD47EAE5DD3</targetEntity>
<transferable>true</transferable>
</Relation>