<?xml version = '1.0' encoding = 'UTF-8'?>
<Relation class="oracle.dbtools.crest.model.design.logical.Relation" name="contiene" id="B463FAEE-C361-C990-D4B1-F63091916FDC" directorySegmentName="seg_0">
<createdBy>alumno</createdBy>
<createdTime>2012-10-17 22:42:59 UTC</createdTime>
<generatorID>Generado por el Usuario</generatorID>
<ownerDesignName>Muebles</ownerDesignName>
<engineerTo>
<item key="715E11C2-B450-0961-5858-99FEA0C3045D" value="true"/>
</engineerTo>
<identifying>false</identifying>
<optionalSource>true</optionalSource>
<optionalTarget>true</optionalTarget>
<sourceCardinality>1</sourceCardinality>
<sourceEntity>4518B2E7-0B2F-0923-5B4C-97E5D0B77E55</sourceEntity>
<targetCardinalityString>1</targetCardinalityString>
<targetEntity>7DD11B67-8859-C510-D7C4-BFD47EAE5DD3</targetEntity>
<transferable>true</transferable>
</Relation>