<?xml version = '1.0' encoding = 'UTF-8'?>
<Relation class="oracle.dbtools.crest.model.design.logical.Relation" name="contiene" id="E06ABAE7-1ACA-5140-D7A9-8B5555075125" directorySegmentName="seg_0">
<createdBy>alumno</createdBy>
<createdTime>2012-10-17 22:42:36 UTC</createdTime>
<generatorID>Generado por el Usuario</generatorID>
<ownerDesignName>Muebles</ownerDesignName>
<engineerTo>
<item key="715E11C2-B450-0961-5858-99FEA0C3045D" value="true"/>
</engineerTo>
<identifying>false</identifying>
<optionalSource>true</optionalSource>
<optionalTarget>true</optionalTarget>
<sourceCardinality>1</sourceCardinality>
<sourceEntity>4518B2E7-0B2F-0923-5B4C-97E5D0B77E55</sourceEntity>
<targetCardinalityString>1</targetCardinalityString>
<targetEntity>8326A778-1B4C-E0D2-4328-9FA8E02E613E</targetEntity>
<transferable>true</transferable>
</Relation>