<?xml version = '1.0' encoding = 'UTF-8'?>
<Relation class="oracle.dbtools.crest.model.design.logical.Relation" name="tiene" id="E79A848E-FB9B-27DD-5859-E35FC53B2029" directorySegmentName="seg_0">
<createdBy>alumno</createdBy>
<createdTime>2012-10-17 22:41:10 UTC</createdTime>
<generatorID>Generado por el Usuario</generatorID>
<ownerDesignName>Muebles</ownerDesignName>
<engineerTo>
<item key="715E11C2-B450-0961-5858-99FEA0C3045D" value="true"/>
</engineerTo>
<identifying>false</identifying>
<optionalSource>true</optionalSource>
<optionalTarget>true</optionalTarget>
<sourceCardinality>*</sourceCardinality>
<sourceEntity>D4E3FB58-CBFB-1EB0-7EF1-9F9E9C90CBBF</sourceEntity>
<targetCardinalityString>*</targetCardinalityString>
<targetEntity>B127DC33-9651-DDED-3B10-727FF492559A</targetEntity>
<transferable>true</transferable>
</Relation>