<?xml version = '1.0' encoding = 'UTF-8'?>
<Relation class="oracle.dbtools.crest.model.design.logical.Relation" name="HACE" id="2227568A-7D3F-072A-E51C-3A308821C5E8" directorySegmentName="seg_0">
<createdBy>David</createdBy>
<createdTime>2012-11-24 11:47:14 UTC</createdTime>
<generatorID>Generado por el Usuario</generatorID>
<ownerDesignName>ejerDataModeler_David_Morera</ownerDesignName>
<engineerTo>
<item key="88A0635D-C3C3-DDE8-929A-9A3771795554" value="true"/>
</engineerTo>
<identifying>false</identifying>
<optionalSource>false</optionalSource>
<optionalTarget>false</optionalTarget>
<sourceCardinality>1</sourceCardinality>
<sourceEntity>70CE51A3-A012-5DC3-C5BD-E7DB790E71AA</sourceEntity>
<targetCardinalityString>*</targetCardinalityString>
<targetEntity>5DF2ACA6-ABAC-04AA-01F9-433B0B93E023</targetEntity>
<transferable>true</transferable>
</Relation>