<?xml version = '1.0' encoding = 'UTF-8'?>
<Relation class="oracle.dbtools.crest.model.design.logical.Relation" name="PERTENECE A" id="2A97E568-3B4E-9518-BFE9-D81D4917B4C2" directorySegmentName="seg_0">
<createdBy>David</createdBy>
<createdTime>2012-11-24 12:02:12 UTC</createdTime>
<generatorID>Generado por el Usuario</generatorID>
<ownerDesignName>ejerDataModeler_David_Morera</ownerDesignName>
<engineerTo>
<item key="88A0635D-C3C3-DDE8-929A-9A3771795554" value="true"/>
</engineerTo>
<identifying>false</identifying>
<optionalSource>false</optionalSource>
<optionalTarget>true</optionalTarget>
<sourceCardinality>1</sourceCardinality>
<sourceEntity>D4C79F1D-35DA-E771-2BBC-83EADFDC1AAB</sourceEntity>
<targetCardinalityString>*</targetCardinalityString>
<targetEntity>A435F17D-E871-CCF2-FE8A-FE5F3F17BB09</targetEntity>
<transferable>true</transferable>
</Relation>