<?xml version = '1.0' encoding = 'UTF-8'?>
<Relation class="oracle.dbtools.crest.model.design.logical.Relation" name="GENERA" id="363065F1-1F3E-1050-0CFF-3B71E7BB8EA8" directorySegmentName="seg_0">
<createdBy>David</createdBy>
<createdTime>2012-11-24 11:47:50 UTC</createdTime>
<generatorID>Generado por el Usuario</generatorID>
<ownerDesignName>ejerDataModeler_David_Morera</ownerDesignName>
<engineerTo>
<item key="88A0635D-C3C3-DDE8-929A-9A3771795554" value="true"/>
</engineerTo>
<identifying>false</identifying>
<optionalSource>false</optionalSource>
<optionalTarget>false</optionalTarget>
<sourceCardinality>*</sourceCardinality>
<sourceEntity>3C18BCCD-DB58-0B4F-68B8-83454337317E</sourceEntity>
<targetCardinalityString>1</targetCardinalityString>
<targetEntity>5DF2ACA6-ABAC-04AA-01F9-433B0B93E023</targetEntity>
<transferable>true</transferable>
</Relation>