<?xml version = '1.0' encoding = 'UTF-8'?>
<Relation class="oracle.dbtools.crest.model.design.logical.Relation" name="CONTIENE" id="54E3E688-7CEA-32E3-8002-71FA60981773" directorySegmentName="seg_0">
<createdBy>David</createdBy>
<createdTime>2012-11-24 12:00:44 UTC</createdTime>
<generatorID>Generado por el Usuario</generatorID>
<ownerDesignName>ejerDataModeler_David_Morera</ownerDesignName>
<engineerTo>
<item key="88A0635D-C3C3-DDE8-929A-9A3771795554" value="true"/>
</engineerTo>
<identifying>false</identifying>
<optionalSource>false</optionalSource>
<optionalTarget>false</optionalTarget>
<sourceCardinality>*</sourceCardinality>
<sourceEntity>4CF0CDAC-8952-ACDA-2CDE-1FDA69AE0B80</sourceEntity>
<targetCardinalityString>*</targetCardinalityString>
<targetEntity>35B42F75-2AD4-9322-BB0E-5BB5DF3A5FFB</targetEntity>
<transferable>true</transferable>
</Relation>