<?xml version = '1.0' encoding = 'UTF-8'?>
<Relation class="oracle.dbtools.crest.model.design.logical.Relation" name="ES DE" id="6475E819-9734-2C5E-B791-9E5B2E9D52B4" directorySegmentName="seg_0">
<createdBy>David</createdBy>
<createdTime>2012-11-24 12:03:54 UTC</createdTime>
<generatorID>Generado por el Usuario</generatorID>
<ownerDesignName>ejerDataModeler_David_Morera</ownerDesignName>
<engineerTo>
<item key="88A0635D-C3C3-DDE8-929A-9A3771795554" value="true"/>
</engineerTo>
<identifying>false</identifying>
<optionalSource>false</optionalSource>
<optionalTarget>true</optionalTarget>
<sourceCardinality>1</sourceCardinality>
<sourceEntity>ACF87928-AA2F-C086-246A-394235F9F3D2</sourceEntity>
<targetCardinalityString>*</targetCardinalityString>
<targetEntity>A435F17D-E871-CCF2-FE8A-FE5F3F17BB09</targetEntity>
<transferable>true</transferable>
</Relation>