<?xml version = '1.0' encoding = 'UTF-8'?>
<Relation class="oracle.dbtools.crest.model.design.logical.Relation" name="TIENE" id="6DE5D2AB-749A-35C5-521F-E89F253934D2" directorySegmentName="seg_0">
<createdBy>David</createdBy>
<createdTime>2012-11-24 12:28:58 UTC</createdTime>
<generatorID>Generado por el Usuario</generatorID>
<ownerDesignName>ejerDataModeler_David_Morera</ownerDesignName>
<engineerTo>
<item key="88A0635D-C3C3-DDE8-929A-9A3771795554" value="true"/>
</engineerTo>
<identifying>false</identifying>
<optionalSource>true</optionalSource>
<optionalTarget>false</optionalTarget>
<sourceCardinality>*</sourceCardinality>
<sourceEntity>3C18BCCD-DB58-0B4F-68B8-83454337317E</sourceEntity>
<targetCardinalityString>1</targetCardinalityString>
<targetEntity>AFF197D1-FB40-C673-E91E-FCE8E5273949</targetEntity>
<transferable>true</transferable>
</Relation>