<?xml version = '1.0' encoding = 'UTF-8'?>
<Relation class="oracle.dbtools.crest.model.design.logical.Relation" name="TIENE" id="76C8904B-C1A9-E8F2-EEB4-6A91B322334C" directorySegmentName="seg_0">
<createdBy>David</createdBy>
<createdTime>2012-11-24 12:16:41 UTC</createdTime>
<generatorID>Generado por el Usuario</generatorID>
<ownerDesignName>ejerDataModeler_David_Morera</ownerDesignName>
<engineerTo>
<item key="88A0635D-C3C3-DDE8-929A-9A3771795554" value="true"/>
</engineerTo>
<identifying>false</identifying>
<optionalSource>false</optionalSource>
<optionalTarget>true</optionalTarget>
<sourceCardinality>1</sourceCardinality>
<sourceEntity>C44236E9-5330-B6ED-1647-07EDBC758338</sourceEntity>
<targetCardinalityString>*</targetCardinalityString>
<targetEntity>3C18BCCD-DB58-0B4F-68B8-83454337317E</targetEntity>
<transferable>true</transferable>
</Relation>