<?xml version = '1.0' encoding = 'UTF-8'?>
<Relation class="oracle.dbtools.crest.model.design.logical.Relation" name="ES DE" id="78EBF253-90CE-62AF-8A8C-C3FF301BE806" directorySegmentName="seg_0">
<createdBy>David</createdBy>
<createdTime>2012-11-24 12:01:30 UTC</createdTime>
<generatorID>Generado por el Usuario</generatorID>
<ownerDesignName>ejerDataModeler_David_Morera</ownerDesignName>
<engineerTo>
<item key="88A0635D-C3C3-DDE8-929A-9A3771795554" value="true"/>
</engineerTo>
<identifying>true</identifying>
<optionalSource>false</optionalSource>
<optionalTarget>false</optionalTarget>
<sourceCardinality>1</sourceCardinality>
<sourceEntity>3B5E2609-7EC2-00B7-8E6B-FF55D599CE59</sourceEntity>
<targetCardinalityString>*</targetCardinalityString>
<targetEntity>A435F17D-E871-CCF2-FE8A-FE5F3F17BB09</targetEntity>
<transferable>true</transferable>
</Relation>