<?xml version = '1.0' encoding = 'UTF-8'?>
<Relation class="oracle.dbtools.crest.model.design.logical.Relation" name="CONTIENE" id="A07CB5D3-C53B-8454-BEF2-372CD76AF65A" directorySegmentName="seg_0">
<createdBy>David</createdBy>
<createdTime>2012-11-24 12:01:08 UTC</createdTime>
<generatorID>Generado por el Usuario</generatorID>
<ownerDesignName>ejerDataModeler_David_Morera</ownerDesignName>
<engineerTo>
<item key="88A0635D-C3C3-DDE8-929A-9A3771795554" value="true"/>
</engineerTo>
<identifying>false</identifying>
<optionalSource>false</optionalSource>
<optionalTarget>false</optionalTarget>
<sourceCardinality>1</sourceCardinality>
<sourceEntity>35B42F75-2AD4-9322-BB0E-5BB5DF3A5FFB</sourceEntity>
<targetCardinalityString>*</targetCardinalityString>
<targetEntity>A435F17D-E871-CCF2-FE8A-FE5F3F17BB09</targetEntity>
<transferable>true</transferable>
</Relation>