<?xml version = '1.0' encoding = 'UTF-8'?>
<Relation class="oracle.dbtools.crest.model.design.logical.Relation" name="PERTENECE" id="C985EAD2-92E2-F0CC-A535-9FC389DCF9E4" directorySegmentName="seg_0">
<createdBy>David</createdBy>
<createdTime>2012-11-24 12:29:56 UTC</createdTime>
<generatorID>Generado por el Usuario</generatorID>
<ownerDesignName>ejerDataModeler_David_Morera</ownerDesignName>
<engineerTo>
<item key="88A0635D-C3C3-DDE8-929A-9A3771795554" value="true"/>
</engineerTo>
<identifying>false</identifying>
<optionalSource>false</optionalSource>
<optionalTarget>true</optionalTarget>
<sourceCardinality>1</sourceCardinality>
<sourceEntity>A435F17D-E871-CCF2-FE8A-FE5F3F17BB09</sourceEntity>
<targetCardinalityString>*</targetCardinalityString>
<targetEntity>3C18BCCD-DB58-0B4F-68B8-83454337317E</targetEntity>
<transferable>true</transferable>
</Relation>