<?xml version = '1.0' encoding = 'UTF-8'?>
<Relation class="oracle.dbtools.crest.model.design.logical.Relation" name="TIENE" id="CB5E6D13-DD90-9C64-3D6C-39438164FE3D" directorySegmentName="seg_0">
<createdBy>David</createdBy>
<createdTime>2012-11-24 12:00:12 UTC</createdTime>
<generatorID>Generado por el Usuario</generatorID>
<ownerDesignName>ejerDataModeler_David_Morera</ownerDesignName>
<engineerTo>
<item key="88A0635D-C3C3-DDE8-929A-9A3771795554" value="true"/>
</engineerTo>
<identifying>false</identifying>
<optionalSource>false</optionalSource>
<optionalTarget>true</optionalTarget>
<sourceCardinality>1</sourceCardinality>
<sourceEntity>4CF0CDAC-8952-ACDA-2CDE-1FDA69AE0B80</sourceEntity>
<targetCardinalityString>*</targetCardinalityString>
<targetEntity>3C18BCCD-DB58-0B4F-68B8-83454337317E</targetEntity>
<transferable>true</transferable>
</Relation>