<?xml version = '1.0' encoding = 'UTF-8'?>
<Relation class="oracle.dbtools.crest.model.design.logical.Relation" name="TIENE" id="D8C16D85-8595-D4DB-FCA9-E4757D525229" directorySegmentName="seg_0">
<createdBy>David</createdBy>
<createdTime>2012-11-24 12:14:24 UTC</createdTime>
<generatorID>Generado por el Usuario</generatorID>
<ownerDesignName>ejerDataModeler_David_Morera</ownerDesignName>
<engineerTo>
<item key="88A0635D-C3C3-DDE8-929A-9A3771795554" value="true"/>
</engineerTo>
<identifying>true</identifying>
<optionalSource>false</optionalSource>
<optionalTarget>false</optionalTarget>
<sourceCardinality>1</sourceCardinality>
<sourceEntity>35B42F75-2AD4-9322-BB0E-5BB5DF3A5FFB</sourceEntity>
<targetCardinalityString>*</targetCardinalityString>
<targetEntity>AFF197D1-FB40-C673-E91E-FCE8E5273949</targetEntity>
<transferable>true</transferable>
</Relation>