<?xml version = '1.0' encoding = 'UTF-8'?>
<Relation class="oracle.dbtools.crest.model.design.logical.Relation" name="PERTENECE" id="E7440B67-FF2C-9789-01D2-4EE233C1F165" directorySegmentName="seg_0">
<createdBy>David</createdBy>
<createdTime>2012-11-24 12:13:25 UTC</createdTime>
<generatorID>Generado por el Usuario</generatorID>
<ownerDesignName>ejerDataModeler_David_Morera</ownerDesignName>
<engineerTo>
<item key="88A0635D-C3C3-DDE8-929A-9A3771795554" value="true"/>
</engineerTo>
<identifying>false</identifying>
<optionalSource>false</optionalSource>
<optionalTarget>false</optionalTarget>
<sourceCardinality>*</sourceCardinality>
<sourceEntity>35B42F75-2AD4-9322-BB0E-5BB5DF3A5FFB</sourceEntity>
<targetCardinalityString>*</targetCardinalityString>
<targetEntity>C44236E9-5330-B6ED-1647-07EDBC758338</targetEntity>
<transferable>true</transferable>
</Relation>