<?xml version = '1.0' encoding = 'UTF-8'?>
<Note class="oracle.dbtools.crest.model.design.Note" name="Note_1" id="5D52E663-6C26-A88B-832E-22763B95B397" directorySegmentName="seg_0">
<createdBy>alumno</createdBy>
<createdTime>2012-11-24 22:34:56 UTC</createdTime>
<comment>Autor: José Alberto Gil Rodríguez&lt;br/&gt;BD: Multinacional minorista de muebles&lt;br/&gt;Relacional_muebles&lt;br/&gt;Versión: v.1</comment>
<generatorID>Generado por el Usuario</generatorID>
<ownerDesignName>multinacional_muebles</ownerDesignName>
<fonts>
<FontObject class="oracle.dbtools.crest.model.design.FontObjectWr">
<foType>Título</foType>
<colorRGB>-16777216</colorRGB>
</FontObject>
</fonts>
</Note>