<?xml version = '1.0' encoding = 'UTF-8'?>
<RMExtendedMap class="oracle.dbtools.crest.model.xtdmapping.RMExtendedMap">
<mappings>
<CM class="oracle.dbtools.crest.model.xtdmapping.ContainerMapping" id="19E7C2BC-640ABBC8C0CE8E52047A-0D4C411834BF" lID="19E7C2BC-28DE-C2BB-44CD-640ABBC8C0CE" lT="0" rID="8E52047A-A89D-1335-2919-0D4C411834BF" rT="4">
<containedMappings>
<Mg class="oracle.dbtools.crest.model.xtdmapping.RelMapping" id="566378EC-565E33961012D0785E3D-ED4A075BBD17" lID="566378EC-7A3D-FEF7-7F72-565E33961012" lT="2" rID="D0785E3D-B4FE-D430-4DA1-ED4A075BBD17" rT="7"/>
<Mg class="oracle.dbtools.crest.model.xtdmapping.RelMapping" id="57DDC47F-020FE99AD7F495C1E8E3-F3AF37C26473" lID="57DDC47F-9E82-D73C-C99C-020FE99AD7F4" rID="95C1E8E3-7933-9387-EDAD-F3AF37C26473"/>
</containedMappings>
</CM>
<CM class="oracle.dbtools.crest.model.xtdmapping.ContainerMapping" id="33FD68F0-A3D2C1D70762F6CA4A4B-4DBDF54DA494" lID="33FD68F0-A87A-1B23-00D4-A3D2C1D70762" lT="3" rID="F6CA4A4B-D2ED-0B17-4332-4DBDF54DA494" rT="4">
</CM>
<CM class="oracle.dbtools.crest.model.xtdmapping.ContainerMapping" id="549B22CF-AD209D5136BF5576AD64-576B094FD67D" lID="549B22CF-4898-B0EE-2CAD-AD209D5136BF" lT="3" rID="5576AD64-AAB7-A0D4-03E9-576B094FD67D" rT="4">
</CM>
<CM class="oracle.dbtools.crest.model.xtdmapping.ContainerMapping" id="6F4484DB-584A8ED7E6B21F188F22-F2C773795ED7" lID="6F4484DB-7DDE-D9C5-84CB-584A8ED7E6B2" lT="0" rID="1F188F22-8794-BB40-511F-F2C773795ED7" rT="4">
<containedMappings>
<Mg class="oracle.dbtools.crest.model.xtdmapping.RelMapping" id="05C8C131-73F5BCB7A878F9A16995-B3EA9EC4120E" lID="05C8C131-6598-E21E-CB47-73F5BCB7A878" rID="F9A16995-6D86-13F3-3B18-B3EA9EC4120E"/>
<Mg class="oracle.dbtools.crest.model.xtdmapping.RelMapping" id="19285C99-4A276E8015FE513DB192-8FED975568E0" lID="19285C99-8FAD-8E57-AB86-4A276E8015FE" lT="2" rID="513DB192-EA6A-3E11-2504-8FED975568E0" rT="7"/>
<Mg class="oracle.dbtools.crest.model.xtdmapping.RelMapping" id="5867C066-6CA4DE92637CC102E91A-90B4D36B60ED" lID="5867C066-A695-153A-2228-6CA4DE92637C" rID="C102E91A-9D40-E245-A018-90B4D36B60ED"/>
<Mg class="oracle.dbtools.crest.model.xtdmapping.RelMapping" id="98D5F117-6038C58FBDA34A205805-894717E176BB" lID="98D5F117-96F6-42EE-DCAB-6038C58FBDA3" rID="4A205805-EC07-6012-57EF-894717E176BB"/>
</containedMappings>
</CM>
<CM class="oracle.dbtools.crest.model.xtdmapping.ContainerMapping" id="8E10E1A6-97B103BD7A374C36D322-7006860DD4E3" lID="8E10E1A6-BAC0-705D-CB7C-97B103BD7A37" lT="0" rID="4C36D322-CF34-AA3D-9797-7006860DD4E3" rT="4">
<containedMappings>
<Mg class="oracle.dbtools.crest.model.xtdmapping.RelMapping" id="1A0017E1-3969CF985352D4EC4707-8780F90BA29D" lID="1A0017E1-C6E1-84A0-47CE-3969CF985352" lT="2" rID="D4EC4707-D8C6-7021-4204-8780F90BA29D" rT="7"/>
<Mg class="oracle.dbtools.crest.model.xtdmapping.RelMapping" id="26035A1E-E4E14165A0FD7AD4FA9F-591F03D9B3AC" lID="26035A1E-B5E6-5DAB-9223-E4E14165A0FD" rID="7AD4FA9F-C06F-1EB0-D896-591F03D9B3AC"/>
<Mg class="oracle.dbtools.crest.model.xtdmapping.RelMapping" id="3AD51406-5B407F871843F966C8FB-63873A75AFDC" lID="3AD51406-571A-5615-3447-5B407F871843" rID="F966C8FB-7D6C-56CD-8681-63873A75AFDC"/>
<Mg class="oracle.dbtools.crest.model.xtdmapping.RelMapping" id="6D107324-818E2C614EA3AC48672D-5012E65E4284" lID="6D107324-10F4-0894-754C-818E2C614EA3" rID="AC48672D-EDE8-1256-F8F7-5012E65E4284"/>
<Mg class="oracle.dbtools.crest.model.xtdmapping.RelMapping" id="7619DC0F-235E8AE43961EB6E1B27-6562D7875309" lID="7619DC0F-9036-43AF-97C4-235E8AE43961" rID="EB6E1B27-A00E-0C0D-F5DA-6562D7875309"/>
<Mg class="oracle.dbtools.crest.model.xtdmapping.RelMapping" id="866CEF6C-664EA41397E4615BFEA4-DC46DD87E1A3" lID="866CEF6C-BB32-7D16-942F-664EA41397E4" rID="615BFEA4-E9F7-0DCA-85CF-DC46DD87E1A3"/>
<Mg class="oracle.dbtools.crest.model.xtdmapping.RelMapping" id="E87A033D-C70A9A4DF219D55C489F-148842FC261B" lID="E87A033D-6BA9-EDB7-FE21-C70A9A4DF219" lT="2" rID="D55C489F-0640-C1D8-37E3-148842FC261B" rT="6"/>
</containedMappings>
</CM>
<CM class="oracle.dbtools.crest.model.xtdmapping.ContainerMapping" id="96324CAD-99ED268602FA885EBFE8-E4FFA0637D44" lID="96324CAD-47FD-F7AE-D7EA-99ED268602FA" lT="0" rID="885EBFE8-6E1E-E0A8-4441-E4FFA0637D44" rT="4">
<containedMappings>
<Mg class="oracle.dbtools.crest.model.xtdmapping.RelMapping" id="1AC5D407-C9B9C26C38FAC8C432E7-DCFB069FF580" lID="1AC5D407-E22C-783D-0E08-C9B9C26C38FA" rID="C8C432E7-7622-B826-76E2-DCFB069FF580"/>
<Mg class="oracle.dbtools.crest.model.xtdmapping.RelMapping" id="2EEC87A5-4E22D5F04275082B7233-4DAA223165C4" lID="2EEC87A5-78E2-0F84-F712-4E22D5F04275" rID="082B7233-2B51-51A1-5EF1-4DAA223165C4"/>
<Mg class="oracle.dbtools.crest.model.xtdmapping.RelMapping" id="7323B050-3BECEB655C784C4CFA93-77E86B1FAB0A" lID="7323B050-F519-B7B1-7808-3BECEB655C78" rID="4C4CFA93-119D-E333-301C-77E86B1FAB0A"/>
<Mg class="oracle.dbtools.crest.model.xtdmapping.RelMapping" id="E7E760A2-E5BC2C147612BCDAEB8F-8C37E892742A" lID="E7E760A2-4729-9E16-9A31-E5BC2C147612" rID="BCDAEB8F-35E9-68B1-ACDF-8C37E892742A"/>
<Mg class="oracle.dbtools.crest.model.xtdmapping.RelMapping" id="F1062642-6955E67ACFCB0CBB2F0D-9CD79398F9BD" lID="F1062642-3779-82A2-31F5-6955E67ACFCB" rID="0CBB2F0D-2A80-88A7-2A4B-9CD79398F9BD"/>
</containedMappings>
</CM>
<CM class="oracle.dbtools.crest.model.xtdmapping.ContainerMapping" id="9AC3595A-F4B98E2F6BCE27FB0992-7B4A542D4982" lID="9AC3595A-A265-137E-946E-F4B98E2F6BCE" lT="0" rID="27FB0992-8D12-5333-B30D-7B4A542D4982" rT="4">
<containedMappings>
<Mg class="oracle.dbtools.crest.model.xtdmapping.RelMapping" id="1A8F9C2F-105FB3F8D8FC46AFC7C4-3D1F40193556" lID="1A8F9C2F-0E89-A3ED-ED27-105FB3F8D8FC" lT="2" rID="46AFC7C4-311B-1241-1864-3D1F40193556" rT="7"/>
<Mg class="oracle.dbtools.crest.model.xtdmapping.RelMapping" id="7BB819CF-7DCBE51ADD042186DFC5-B27ABF5A3F98" lID="7BB819CF-399E-793E-D3E4-7DCBE51ADD04" rID="2186DFC5-A70C-E8F4-8E61-B27ABF5A3F98"/>
</containedMappings>
</CM>
<CM class="oracle.dbtools.crest.model.xtdmapping.ContainerMapping" id="A938B400-731ECC56D574DF7BC3E8-65CF9F102D56" lID="A938B400-8BC8-E5A3-9476-731ECC56D574" lT="0" rID="DF7BC3E8-A586-0927-CC59-65CF9F102D56" rT="4">
<containedMappings>
<Mg class="oracle.dbtools.crest.model.xtdmapping.RelMapping" id="83646EE9-F107F71E62CB02C5A884-7281BF72AACA" lID="83646EE9-5A25-C5BC-A718-F107F71E62CB" rID="02C5A884-6746-BF9E-CB90-7281BF72AACA"/>
<Mg class="oracle.dbtools.crest.model.xtdmapping.RelMapping" id="C9171F95-1D9AC6E4A9A743E9FF70-0E25B22DB59D" lID="C9171F95-3814-94C2-403B-1D9AC6E4A9A7" rID="43E9FF70-C226-203F-450D-0E25B22DB59D"/>
<Mg class="oracle.dbtools.crest.model.xtdmapping.RelMapping" id="E2AB7F00-0C274DC54851C1E457F8-6B41F019D36D" lID="E2AB7F00-5723-20BA-2F0D-0C274DC54851" rID="C1E457F8-F320-841D-EDA1-6B41F019D36D"/>
<Mg class="oracle.dbtools.crest.model.xtdmapping.RelMapping" id="F6E2BEBF-276E4C46C14D08F96481-374DDB1CF710" lID="F6E2BEBF-0520-EC11-E800-276E4C46C14D" lT="2" rID="08F96481-912F-D2A7-B138-374DDB1CF710" rT="7"/>
<Mg class="oracle.dbtools.crest.model.xtdmapping.RelMapping" id="FB447C64-CAE79D871A6BCA90969D-EA6666165676" lID="FB447C64-8BC6-5B52-3C73-CAE79D871A6B" rID="CA90969D-A0CF-B979-5FE3-EA6666165676"/>
</containedMappings>
</CM>
<CM class="oracle.dbtools.crest.model.xtdmapping.ContainerMapping" id="B2861BE9-66131FE7CDD521D3D528-F4456C408D2C" lID="B2861BE9-ADA4-4BB7-392F-66131FE7CDD5" lT="0" rID="21D3D528-9CE9-4EFF-9694-F4456C408D2C" rT="4">
<containedMappings>
<Mg class="oracle.dbtools.crest.model.xtdmapping.RelMapping" id="9ADC482E-C3A5552C8DC964B1010C-7460717C25D6" lID="9ADC482E-4DBA-DEA4-6885-C3A5552C8DC9" rID="64B1010C-7421-4B01-B025-7460717C25D6"/>
<Mg class="oracle.dbtools.crest.model.xtdmapping.RelMapping" id="D38A4EB0-DE4183CB8953D8BD49DB-A7076B3A3B0B" lID="D38A4EB0-993D-B2F3-4D10-DE4183CB8953" lT="2" rID="D8BD49DB-7847-A711-84D6-A7076B3A3B0B" rT="7"/>
</containedMappings>
</CM>
<CM class="oracle.dbtools.crest.model.xtdmapping.ContainerMapping" id="B58E5829-31E09D4667C6E0352990-C1660693575B" lID="B58E5829-4F97-178F-C33D-31E09D4667C6" lT="0" rID="E0352990-9995-3A1B-9209-C1660693575B" rT="4">
<containedMappings>
<Mg class="oracle.dbtools.crest.model.xtdmapping.RelMapping" id="1BBDEEB4-6F265AB069BBA2D2DAC4-730F675D9465" lID="1BBDEEB4-CEB8-3BAB-241B-6F265AB069BB" rID="A2D2DAC4-0F13-6F7C-0AAE-730F675D9465"/>
<Mg class="oracle.dbtools.crest.model.xtdmapping.RelMapping" id="5EB95A40-5FFE2BB790C08819E59A-127976B142E3" lID="5EB95A40-621C-9A2E-75CC-5FFE2BB790C0" lT="2" rID="8819E59A-20FE-FB4C-00F6-127976B142E3" rT="7"/>
</containedMappings>
</CM>
<CM class="oracle.dbtools.crest.model.xtdmapping.ContainerMapping" id="B67C15CA-58552FB3A57FC1AF58FA-8FBB1B083F44" lID="B67C15CA-CE38-C94C-77D9-58552FB3A57F" lT="3" rID="C1AF58FA-866A-5235-C860-8FBB1B083F44" rT="4">
</CM>
<CM class="oracle.dbtools.crest.model.xtdmapping.ContainerMapping" id="E531E5D6-4AE5C85C5FD76864A326-B0085C4ACBF6" lID="E531E5D6-88E5-97EC-1929-4AE5C85C5FD7" lT="0" rID="6864A326-00B7-5A72-6D68-B0085C4ACBF6" rT="4">
<containedMappings>
<Mg class="oracle.dbtools.crest.model.xtdmapping.RelMapping" id="92D245DA-1AF1FDABADB671F86522-CDFADBF17D54" lID="92D245DA-FEC3-FF8E-F5DA-1AF1FDABADB6" lT="2" rID="71F86522-9F0C-08C9-4D9B-CDFADBF17D54" rT="7"/>
<Mg class="oracle.dbtools.crest.model.xtdmapping.RelMapping" id="C32126D5-0639A4547ADFBBD77A17-5EAE875ABCDA" lID="C32126D5-0303-79E8-A187-0639A4547ADF" rID="BBD77A17-C155-9BA4-A357-5EAE875ABCDA"/>
</containedMappings>
</CM>
<CM class="oracle.dbtools.crest.model.xtdmapping.ContainerMapping" id="EAAEB5E3-A3C7D0C0DAB00660D4CE-407EE307CD4A" lID="EAAEB5E3-41A0-6F88-92CB-A3C7D0C0DAB0" lT="3" rID="0660D4CE-7CB1-31BE-ACEB-407EE307CD4A" rT="4">
</CM>
<CM class="oracle.dbtools.crest.model.xtdmapping.ContainerMapping" id="09AEB298-8C948435B148EC883635-5459F642D42B" lID="09AEB298-A555-2F84-A025-8C948435B148" lT="3" rID="EC883635-0307-80F1-ACF4-5459F642D42B" rT="8">
</CM>
<CM class="oracle.dbtools.crest.model.xtdmapping.ContainerMapping" id="51DD1054-A5C628F3008B0AF89CFA-D8665CF0CC13" lID="51DD1054-81AE-C288-D70D-A5C628F3008B" lT="3" rID="0AF89CFA-4198-6890-585D-D8665CF0CC13" rT="8">
</CM>
<CM class="oracle.dbtools.crest.model.xtdmapping.ContainerMapping" id="5C94B61F-5D170E187A0AC0E3C98F-C806F23807E6" lID="5C94B61F-5172-4464-6842-5D170E187A0A" lT="3" rID="C0E3C98F-AA8E-4CB0-6FC1-C806F23807E6" rT="8">
</CM>
<CM class="oracle.dbtools.crest.model.xtdmapping.ContainerMapping" id="8D3BA520-44F917DE192128E848A3-C83C160A30B9" lID="8D3BA520-00E0-7F70-6A6D-44F917DE1921" lT="3" rID="28E848A3-F6F3-46B4-6A9A-C83C160A30B9" rT="8">
</CM>
<CM class="oracle.dbtools.crest.model.xtdmapping.ContainerMapping" id="96A149EE-5091D4EA72DC38D4198D-E45CC8C2F1F1" lID="96A149EE-140B-23A1-A230-5091D4EA72DC" lT="3" rID="38D4198D-9DA8-7627-E03C-E45CC8C2F1F1" rT="8">
</CM>
<CM class="oracle.dbtools.crest.model.xtdmapping.ContainerMapping" id="B981593B-1F36AE5304045FE5C8AC-211B28581A7A" lID="B981593B-B519-D94B-DA1C-1F36AE530404" lT="3" rID="5FE5C8AC-7F53-938B-526F-211B28581A7A" rT="8">
</CM>
</mappings>
</RMExtendedMap>