<?xml version = '1.0' encoding = 'UTF-8'?>
<Table class="oracle.dbtools.crest.model.design.relational.Table" id="4C36D322-CF34-AA3D-9797-7006860DD4E3" directorySegmentName="seg_0" name="Usuario">
<createdBy>alumno</createdBy>
<createdTime>2012-10-17 21:34:21 UTC</createdTime>
<generatorID>8E10E1A6-BAC0-705D-CB7C-97B103BD7A37</generatorID>
<ownerDesignName>ejercicio_datamodeler</ownerDesignName>
<pkName>Key_dni</pkName>
<fonts>
<FontObject class="oracle.dbtools.crest.model.design.FontObjectWr">
<foType>Título</foType>
<fontStyle>1</fontStyle>
<colorRGB>-16776961</colorRGB>
</FontObject>
<FontObject class="oracle.dbtools.crest.model.design.FontObjectWr">
<foType>Columna</foType>
<colorRGB>-16777216</colorRGB>
</FontObject>
<FontObject class="oracle.dbtools.crest.model.design.FontObjectWr">
<foType>Tipo de Dato</foType>
<colorRGB>-16744448</colorRGB>
</FontObject>
<FontObject class="oracle.dbtools.crest.model.design.FontObjectWr">
<foType>Elemento de Clave Primaria</foType>
<colorRGB>-16776961</colorRGB>
</FontObject>
<FontObject class="oracle.dbtools.crest.model.design.FontObjectWr">
<foType>Elemento de Clave Ajena</foType>
<colorRGB>-16777216</colorRGB>
</FontObject>
<FontObject class="oracle.dbtools.crest.model.design.FontObjectWr">
<foType>Elemento de Clave Única</foType>
<colorRGB>-16776961</colorRGB>
</FontObject>
<FontObject class="oracle.dbtools.crest.model.design.FontObjectWr">
<foType>No Nulo</foType>
<colorRGB>-65536</colorRGB>
</FontObject>
<FontObject class="oracle.dbtools.crest.model.design.FontObjectWr">
<foType>Clave</foType>
<colorRGB>-16777216</colorRGB>
</FontObject>
</fonts>
<columns>
<Column class="oracle.dbtools.crest.model.design.relational.Column" name="nombre" id="AC48672D-EDE8-1256-F8F7-5012E65E4284">
<createdBy>alumno</createdBy>
<createdTime>2012-10-17 21:34:21 UTC</createdTime>
<generatorID>6D107324-10F4-0894-754C-818E2C614EA3</generatorID>
<ownerDesignName>ejercicio_datamodeler</ownerDesignName>
<nullsAllowed>true</nullsAllowed>
<useDomainConstraints>false</useDomainConstraints>
<use>1</use>
<logicalDatatype>LOGDT024</logicalDatatype>
<dataTypeSize>50</dataTypeSize>
<previousColumn>false</previousColumn>
<autoIncrementCycle>false</autoIncrementCycle>
</Column>
<Column class="oracle.dbtools.crest.model.design.relational.Column" name="apellidos" id="EB6E1B27-A00E-0C0D-F5DA-6562D7875309">
<createdBy>alumno</createdBy>
<createdTime>2012-10-17 21:34:21 UTC</createdTime>
<generatorID>7619DC0F-9036-43AF-97C4-235E8AE43961</generatorID>
<ownerDesignName>ejercicio_datamodeler</ownerDesignName>
<nullsAllowed>true</nullsAllowed>
<useDomainConstraints>false</useDomainConstraints>
<use>1</use>
<logicalDatatype>LOGDT024</logicalDatatype>
<dataTypeSize>50</dataTypeSize>
<previousColumn>false</previousColumn>
<autoIncrementCycle>false</autoIncrementCycle>
</Column>
<Column class="oracle.dbtools.crest.model.design.relational.Column" name="dni" id="7AD4FA9F-C06F-1EB0-D896-591F03D9B3AC">
<createdBy>alumno</createdBy>
<createdTime>2012-10-17 21:34:21 UTC</createdTime>
<generatorID>26035A1E-B5E6-5DAB-9223-E4E14165A0FD</generatorID>
<ownerDesignName>ejercicio_datamodeler</ownerDesignName>
<useDomainConstraints>false</useDomainConstraints>
<use>1</use>
<logicalDatatype>LOGDT024</logicalDatatype>
<dataTypeSize>50</dataTypeSize>
<previousColumn>false</previousColumn>
<autoIncrementCycle>false</autoIncrementCycle>
</Column>
<Column class="oracle.dbtools.crest.model.design.relational.Column" name="correoe" id="F966C8FB-7D6C-56CD-8681-63873A75AFDC">
<createdBy>alumno</createdBy>
<createdTime>2012-10-17 21:34:21 UTC</createdTime>
<generatorID>3AD51406-571A-5615-3447-5B407F871843</generatorID>
<ownerDesignName>ejercicio_datamodeler</ownerDesignName>
<nullsAllowed>true</nullsAllowed>
<useDomainConstraints>false</useDomainConstraints>
<use>1</use>
<logicalDatatype>LOGDT024</logicalDatatype>
<dataTypeSize>50</dataTypeSize>
<previousColumn>false</previousColumn>
<autoIncrementCycle>false</autoIncrementCycle>
</Column>
<Column class="oracle.dbtools.crest.model.design.relational.Column" name="id_pedido" id="615BFEA4-E9F7-0DCA-85CF-DC46DD87E1A3">
<createdBy>alumno</createdBy>
<createdTime>2012-10-17 21:34:21 UTC</createdTime>
<generatorID>866CEF6C-BB32-7D16-942F-664EA41397E4</generatorID>
<ownerDesignName>ejercicio_datamodeler</ownerDesignName>
<useDomainConstraints>false</useDomainConstraints>
<use>1</use>
<logicalDatatype>LOGDT011</logicalDatatype>
<delegate>4A205805-EC07-6012-57EF-894717E176BB</delegate>
<previousColumn>false</previousColumn>
<autoIncrementCycle>false</autoIncrementCycle>
<associations>
<colAssociation fkAssociation="0AF89CFA-4198-6890-585D-D8665CF0CC13" referredColumn="4A205805-EC07-6012-57EF-894717E176BB"/>
</associations>
</Column>
</columns>
<indexes>
<ind_PK_UK class="oracle.dbtools.crest.model.design.relational.Index" id="D4EC4707-D8C6-7021-4204-8780F90BA29D" name="Key_dni">
<createdBy>alumno</createdBy>
<createdTime>2012-10-17 21:34:21 UTC</createdTime>
<generatorID>1A0017E1-C6E1-84A0-47CE-3969CF985352</generatorID>
<ownerDesignName>ejercicio_datamodeler</ownerDesignName>
<pk>true</pk>
<indexState>Primary Constraint</indexState>
<indexColumnUsage>
<colUsage columnID="7AD4FA9F-C06F-1EB0-D896-591F03D9B3AC"/>
</indexColumnUsage>
</ind_PK_UK>
<ind_PK_UK class="oracle.dbtools.crest.model.design.relational.Index" id="D55C489F-0640-C1D8-37E3-148842FC261B" name="Unique_correoe">
<createdBy>alumno</createdBy>
<createdTime>2012-10-17 21:34:21 UTC</createdTime>
<generatorID>E87A033D-6BA9-EDB7-FE21-C70A9A4DF219</generatorID>
<ownerDesignName>ejercicio_datamodeler</ownerDesignName>
<indexState>Unique Constraint</indexState>
<indexColumnUsage>
<colUsage columnID="F966C8FB-7D6C-56CD-8681-63873A75AFDC"/>
</indexColumnUsage>
</ind_PK_UK>
<ind_PK_UK class="oracle.dbtools.crest.model.design.relational.Index" id="13762E15-8DB7-B42B-2CFB-4443D8DA8DCD" name="Usuario_Pedido">
<createdBy>alumno</createdBy>
<createdTime>2012-10-17 21:34:21 UTC</createdTime>
<generatorID>51DD1054-81AE-C288-D70D-A5C628F3008B</generatorID>
<ownerDesignName>ejercicio_datamodeler</ownerDesignName>
<indexState>Foreign Key</indexState>
<indexColumnUsage>
<colUsage columnID="615BFEA4-E9F7-0DCA-85CF-DC46DD87E1A3"/>
</indexColumnUsage>
</ind_PK_UK>
</indexes>
</Table>