<?xml version = '1.0' encoding = 'UTF-8'?>
<Table class="oracle.dbtools.crest.model.design.relational.Table" id="885EBFE8-6E1E-E0A8-4441-E4FFA0637D44" directorySegmentName="seg_0" name="Linea_Pedido">
<createdBy>alumno</createdBy>
<createdTime>2012-10-17 21:34:21 UTC</createdTime>
<generatorID>96324CAD-47FD-F7AE-D7EA-99ED268602FA</generatorID>
<ownerDesignName>ejercicio_datamodeler</ownerDesignName>
<fonts>
<FontObject class="oracle.dbtools.crest.model.design.FontObjectWr">
<foType>Título</foType>
<fontStyle>1</fontStyle>
<colorRGB>-16776961</colorRGB>
</FontObject>
<FontObject class="oracle.dbtools.crest.model.design.FontObjectWr">
<foType>Columna</foType>
<colorRGB>-16777216</colorRGB>
</FontObject>
<FontObject class="oracle.dbtools.crest.model.design.FontObjectWr">
<foType>Tipo de Dato</foType>
<colorRGB>-16744448</colorRGB>
</FontObject>
<FontObject class="oracle.dbtools.crest.model.design.FontObjectWr">
<foType>Elemento de Clave Primaria</foType>
<colorRGB>-16776961</colorRGB>
</FontObject>
<FontObject class="oracle.dbtools.crest.model.design.FontObjectWr">
<foType>Elemento de Clave Ajena</foType>
<colorRGB>-16777216</colorRGB>
</FontObject>
<FontObject class="oracle.dbtools.crest.model.design.FontObjectWr">
<foType>Elemento de Clave Única</foType>
<colorRGB>-16776961</colorRGB>
</FontObject>
<FontObject class="oracle.dbtools.crest.model.design.FontObjectWr">
<foType>No Nulo</foType>
<colorRGB>-65536</colorRGB>
</FontObject>
<FontObject class="oracle.dbtools.crest.model.design.FontObjectWr">
<foType>Clave</foType>
<colorRGB>-16777216</colorRGB>
</FontObject>
</fonts>
<columns>
<Column class="oracle.dbtools.crest.model.design.relational.Column" name="id_mueble" id="BCDAEB8F-35E9-68B1-ACDF-8C37E892742A">
<createdBy>alumno</createdBy>
<createdTime>2012-10-17 21:34:21 UTC</createdTime>
<generatorID>E7E760A2-4729-9E16-9A31-E5BC2C147612</generatorID>
<ownerDesignName>ejercicio_datamodeler</ownerDesignName>
<useDomainConstraints>false</useDomainConstraints>
<use>1</use>
<logicalDatatype>LOGDT011</logicalDatatype>
<delegate>CA90969D-A0CF-B979-5FE3-EA6666165676</delegate>
<previousColumn>false</previousColumn>
<autoIncrementCycle>false</autoIncrementCycle>
<associations>
<colAssociation fkAssociation="5FE5C8AC-7F53-938B-526F-211B28581A7A" referredColumn="CA90969D-A0CF-B979-5FE3-EA6666165676"/>
</associations>
</Column>
<Column class="oracle.dbtools.crest.model.design.relational.Column" name="id_pedido" id="4C4CFA93-119D-E333-301C-77E86B1FAB0A">
<createdBy>alumno</createdBy>
<createdTime>2012-10-17 21:34:21 UTC</createdTime>
<generatorID>7323B050-F519-B7B1-7808-3BECEB655C78</generatorID>
<ownerDesignName>ejercicio_datamodeler</ownerDesignName>
<useDomainConstraints>false</useDomainConstraints>
<use>1</use>
<logicalDatatype>LOGDT011</logicalDatatype>
<delegate>4A205805-EC07-6012-57EF-894717E176BB</delegate>
<previousColumn>false</previousColumn>
<autoIncrementCycle>false</autoIncrementCycle>
<associations>
<colAssociation fkAssociation="EC883635-0307-80F1-ACF4-5459F642D42B" referredColumn="4A205805-EC07-6012-57EF-894717E176BB"/>
</associations>
</Column>
<Column class="oracle.dbtools.crest.model.design.relational.Column" name="tipo_terminacion" id="082B7233-2B51-51A1-5EF1-4DAA223165C4">
<createdBy>alumno</createdBy>
<createdTime>2012-10-17 21:34:21 UTC</createdTime>
<generatorID>2EEC87A5-78E2-0F84-F712-4E22D5F04275</generatorID>
<ownerDesignName>ejercicio_datamodeler</ownerDesignName>
<useDomainConstraints>false</useDomainConstraints>
<use>1</use>
<logicalDatatype>LOGDT024</logicalDatatype>
<delegate>64B1010C-7421-4B01-B025-7460717C25D6</delegate>
<previousColumn>false</previousColumn>
<autoIncrementCycle>false</autoIncrementCycle>
<associations>
<colAssociation fkAssociation="38D4198D-9DA8-7627-E03C-E45CC8C2F1F1" referredColumn="64B1010C-7421-4B01-B025-7460717C25D6"/>
</associations>
</Column>
<Column class="oracle.dbtools.crest.model.design.relational.Column" name="color" id="0CBB2F0D-2A80-88A7-2A4B-9CD79398F9BD">
<createdBy>alumno</createdBy>
<createdTime>2012-10-17 21:34:21 UTC</createdTime>
<generatorID>F1062642-3779-82A2-31F5-6955E67ACFCB</generatorID>
<ownerDesignName>ejercicio_datamodeler</ownerDesignName>
<useDomainConstraints>false</useDomainConstraints>
<use>1</use>
<logicalDatatype>LOGDT024</logicalDatatype>
<delegate>A2D2DAC4-0F13-6F7C-0AAE-730F675D9465</delegate>
<previousColumn>false</previousColumn>
<autoIncrementCycle>false</autoIncrementCycle>
<associations>
<colAssociation fkAssociation="28E848A3-F6F3-46B4-6A9A-C83C160A30B9" referredColumn="A2D2DAC4-0F13-6F7C-0AAE-730F675D9465"/>
</associations>
</Column>
<Column class="oracle.dbtools.crest.model.design.relational.Column" name="tipo_cristal" id="C8C432E7-7622-B826-76E2-DCFB069FF580">
<createdBy>alumno</createdBy>
<createdTime>2012-10-17 21:34:21 UTC</createdTime>
<generatorID>1AC5D407-E22C-783D-0E08-C9B9C26C38FA</generatorID>
<ownerDesignName>ejercicio_datamodeler</ownerDesignName>
<useDomainConstraints>false</useDomainConstraints>
<use>1</use>
<logicalDatatype>LOGDT024</logicalDatatype>
<dataTypeSize>50</dataTypeSize>
<delegate>95C1E8E3-7933-9387-EDAD-F3AF37C26473</delegate>
<previousColumn>false</previousColumn>
<autoIncrementCycle>false</autoIncrementCycle>
<associations>
<colAssociation fkAssociation="C0E3C98F-AA8E-4CB0-6FC1-C806F23807E6" referredColumn="95C1E8E3-7933-9387-EDAD-F3AF37C26473"/>
</associations>
</Column>
</columns>
<indexes>
<ind_PK_UK class="oracle.dbtools.crest.model.design.relational.Index" id="BF36FCA4-F3EE-8F82-4146-67B175C14EBA" name="LineaPedido_Color">
<createdBy>alumno</createdBy>
<createdTime>2012-10-17 21:34:21 UTC</createdTime>
<generatorID>8D3BA520-00E0-7F70-6A6D-44F917DE1921</generatorID>
<ownerDesignName>ejercicio_datamodeler</ownerDesignName>
<indexState>Foreign Key</indexState>
<indexColumnUsage>
<colUsage columnID="0CBB2F0D-2A80-88A7-2A4B-9CD79398F9BD"/>
</indexColumnUsage>
</ind_PK_UK>
<ind_PK_UK class="oracle.dbtools.crest.model.design.relational.Index" id="E6C08FD4-2701-E258-4D29-1D399B9EC57E" name="LineaPedido_Cristal">
<createdBy>alumno</createdBy>
<createdTime>2012-10-17 21:34:21 UTC</createdTime>
<generatorID>5C94B61F-5172-4464-6842-5D170E187A0A</generatorID>
<ownerDesignName>ejercicio_datamodeler</ownerDesignName>
<indexState>Foreign Key</indexState>
<indexColumnUsage>
<colUsage columnID="C8C432E7-7622-B826-76E2-DCFB069FF580"/>
</indexColumnUsage>
</ind_PK_UK>
<ind_PK_UK class="oracle.dbtools.crest.model.design.relational.Index" id="7CBF7362-868F-48AD-5FC2-1A9C5ADC2528" name="LineaPedido_Mueble">
<createdBy>alumno</createdBy>
<createdTime>2012-10-17 21:34:21 UTC</createdTime>
<generatorID>B981593B-B519-D94B-DA1C-1F36AE530404</generatorID>
<ownerDesignName>ejercicio_datamodeler</ownerDesignName>
<indexState>Foreign Key</indexState>
<indexColumnUsage>
<colUsage columnID="BCDAEB8F-35E9-68B1-ACDF-8C37E892742A"/>
</indexColumnUsage>
</ind_PK_UK>
<ind_PK_UK class="oracle.dbtools.crest.model.design.relational.Index" id="F5971ED2-F27B-3E8B-9CE6-98188F1112DF" name="LineaPedido_Terminacion">
<createdBy>alumno</createdBy>
<createdTime>2012-10-17 21:34:21 UTC</createdTime>
<generatorID>96A149EE-140B-23A1-A230-5091D4EA72DC</generatorID>
<ownerDesignName>ejercicio_datamodeler</ownerDesignName>
<indexState>Foreign Key</indexState>
<indexColumnUsage>
<colUsage columnID="082B7233-2B51-51A1-5EF1-4DAA223165C4"/>
</indexColumnUsage>
</ind_PK_UK>
<ind_PK_UK class="oracle.dbtools.crest.model.design.relational.Index" id="4C535DB1-21CB-FA30-5939-5941F032EB6F" name="Pedido_LineaPedido">
<createdBy>alumno</createdBy>
<createdTime>2012-10-17 21:34:21 UTC</createdTime>
<generatorID>09AEB298-A555-2F84-A025-8C948435B148</generatorID>
<ownerDesignName>ejercicio_datamodeler</ownerDesignName>
<indexState>Foreign Key</indexState>
<indexColumnUsage>
<colUsage columnID="4C4CFA93-119D-E333-301C-77E86B1FAB0A"/>
</indexColumnUsage>
</ind_PK_UK>
</indexes>
</Table>