<?xml version = '1.0' encoding = 'UTF-8'?>
<Note class="oracle.dbtools.crest.model.design.Note" name="Note_1" id="E914E837-E297-CFE4-BF4E-01C0DEEFA216" directorySegmentName="seg_0">
<createdBy>alumno</createdBy>
<createdTime>2012-11-24 17:34:16 UTC</createdTime>
<comment>Autor: José Alberto Gil Rodríguez&lt;br/&gt;BD: Multinacional minorista de muebles&lt;br/&gt;Subvista_muebles&lt;br/&gt;Versión: v.1</comment>
<generatorID>Generado por el Usuario</generatorID>
<ownerDesignName>multinacional_muebles</ownerDesignName>
<engineerTo>
<item key="3912A08E-E422-CDA2-F79A-10BE960460D6" value="true"/>
</engineerTo>
<fonts>
<FontObject class="oracle.dbtools.crest.model.design.FontObjectWr">
<foType>Título</foType>
<colorRGB>-16777216</colorRGB>
</FontObject>
</fonts>
</Note>