<?xml version = '1.0' encoding = 'UTF-8'?>
<FKIndexAssociation class="oracle.dbtools.crest.model.design.relational.FKIndexAssociation" id="0AF58600-21A7-A18F-9DF3-51B072C20B95" directorySegmentName="seg_0" name="FK_ASS_12">
<createdBy>alumno</createdBy>
<createdTime>2012-11-24 19:14:03 UTC</createdTime>
<generatorID>239ED345-1325-5389-48AA-0194D09634F9</generatorID>
<ownerDesignName>multinacional_muebles</ownerDesignName>
<containerWithKeyObject>558873D0-9566-8DA2-E7C1-DD2194D06CF8</containerWithKeyObject>
<deleteRule>CASCADE</deleteRule>
<localFKIndex>D80905F6-EB3E-5153-20E0-B9E0ABB88D03</localFKIndex>
<keyObject>76DF00F3-128F-FE1A-4E5B-45BA6B678015</keyObject>
<mandatory>true</mandatory>
<transferable>true</transferable>
</FKIndexAssociation>