<?xml version = '1.0' encoding = 'UTF-8'?>
<FKIndexAssociation class="oracle.dbtools.crest.model.design.relational.FKIndexAssociation" id="149FE8E2-11AC-4667-45D1-63F28DEA777E" directorySegmentName="seg_0" name="Coleciones_muebles">
<createdBy>alumno</createdBy>
<createdTime>2012-11-24 19:14:03 UTC</createdTime>
<generatorID>6147AAFF-6E4C-F50F-71A3-47E9B19FAE63</generatorID>
<ownerDesignName>multinacional_muebles</ownerDesignName>
<containerWithKeyObject>F3D1DB98-10C3-4709-3EE3-73878AA37B50</containerWithKeyObject>
<deleteRule>RESTRICT</deleteRule>
<localFKIndex>004B1754-0370-026F-F65D-88576CDE8BC7</localFKIndex>
<keyObject>618DB338-731D-4EF4-73F4-C20AA5109771</keyObject>
<mandatory>false</mandatory>
<transferable>true</transferable>
</FKIndexAssociation>