<?xml version = '1.0' encoding = 'UTF-8'?>
<FKIndexAssociation class="oracle.dbtools.crest.model.design.relational.FKIndexAssociation" id="152CEA0B-CB61-BB61-9336-62DEC16CD66B" directorySegmentName="seg_0" name="FK_ASS_8">
<createdBy>alumno</createdBy>
<createdTime>2012-11-24 19:14:03 UTC</createdTime>
<generatorID>FF10B233-66C7-7702-49D7-429E8259C4AA</generatorID>
<ownerDesignName>multinacional_muebles</ownerDesignName>
<containerWithKeyObject>719D50F0-0BBA-6DDD-96D9-B75401115C3F</containerWithKeyObject>
<deleteRule>CASCADE</deleteRule>
<localFKIndex>55765415-E42B-9C71-2C3A-AF11D90B4984</localFKIndex>
<keyObject>885BD614-F00A-99B4-9322-854C93076DE2</keyObject>
<mandatory>true</mandatory>
<transferable>true</transferable>
</FKIndexAssociation>