<?xml version = '1.0' encoding = 'UTF-8'?>
<FKIndexAssociation class="oracle.dbtools.crest.model.design.relational.FKIndexAssociation" id="1D80F765-09F6-2694-3D3E-034FB0625925" directorySegmentName="seg_0" name="Terminaciones_linea_pedido">
<createdBy>alumno</createdBy>
<createdTime>2012-11-24 19:14:03 UTC</createdTime>
<generatorID>0ECE9A3C-1045-68AF-0964-156346AFAFED</generatorID>
<ownerDesignName>multinacional_muebles</ownerDesignName>
<containerWithKeyObject>DAC27FAC-4C5A-7EE1-5EA3-7326AAAFF317</containerWithKeyObject>
<deleteRule>RESTRICT</deleteRule>
<localFKIndex>243E3B01-9D87-9681-1E73-A41D21709EF7</localFKIndex>
<keyObject>76DF00F3-128F-FE1A-4E5B-45BA6B678015</keyObject>
<mandatory>false</mandatory>
<transferable>true</transferable>
</FKIndexAssociation>