<?xml version = '1.0' encoding = 'UTF-8'?>
<FKIndexAssociation class="oracle.dbtools.crest.model.design.relational.FKIndexAssociation" id="3574CF2D-FC53-9A75-087E-2022A307830C" directorySegmentName="seg_0" name="Pedidos_lineas_pedidos">
<createdBy>alumno</createdBy>
<createdTime>2012-11-24 19:14:03 UTC</createdTime>
<generatorID>0A53920F-2B3E-42AB-6DD2-A1390A21AA90</generatorID>
<ownerDesignName>multinacional_muebles</ownerDesignName>
<containerWithKeyObject>DAC27FAC-4C5A-7EE1-5EA3-7326AAAFF317</containerWithKeyObject>
<deleteRule>RESTRICT</deleteRule>
<localFKIndex>57C4E5EF-6632-AB7E-FACF-5DA6CD8DE85B</localFKIndex>
<keyObject>37934E70-CC66-593A-E49C-33FC19FD5B3C</keyObject>
<mandatory>false</mandatory>
<transferable>true</transferable>
</FKIndexAssociation>