<?xml version = '1.0' encoding = 'UTF-8'?>
<FKIndexAssociation class="oracle.dbtools.crest.model.design.relational.FKIndexAssociation" id="390D4A3E-ABAA-4947-ABB6-824F255D5FE4" directorySegmentName="seg_0" name="Cristales_linea_pedido">
<createdBy>alumno</createdBy>
<createdTime>2012-11-24 19:33:00 UTC</createdTime>
<generatorID>AA20B48D-4D80-9365-09A0-7D4DFA7346E3</generatorID>
<ownerDesignName>multinacional_muebles</ownerDesignName>
<containerWithKeyObject>DAC27FAC-4C5A-7EE1-5EA3-7326AAAFF317</containerWithKeyObject>
<deleteRule>RESTRICT</deleteRule>
<localFKIndex>E0562159-DAF2-0C5C-8CB4-319EAFC7F1E1</localFKIndex>
<keyObject>45AE6F1D-B6B2-9346-7115-C26E31254E94</keyObject>
<mandatory>false</mandatory>
<transferable>true</transferable>
</FKIndexAssociation>