<?xml version = '1.0' encoding = 'UTF-8'?>
<FKIndexAssociation class="oracle.dbtools.crest.model.design.relational.FKIndexAssociation" id="460DB5D4-0E54-EDDB-4CB6-16F42D374CAF" directorySegmentName="seg_0" name="FK_ASS_9">
<createdBy>alumno</createdBy>
<createdTime>2012-11-24 19:14:03 UTC</createdTime>
<generatorID>48CC90DB-2CBE-30A8-C3D3-4D7251A2FBC6</generatorID>
<ownerDesignName>multinacional_muebles</ownerDesignName>
<containerWithKeyObject>150B3A6E-BC21-0BAC-3B8C-B336B3A93D94</containerWithKeyObject>
<deleteRule>CASCADE</deleteRule>
<localFKIndex>AD6AE72D-4AAA-47F9-D666-E481B9DD5E37</localFKIndex>
<keyObject>618DB338-731D-4EF4-73F4-C20AA5109771</keyObject>
<mandatory>true</mandatory>
<transferable>true</transferable>
</FKIndexAssociation>