<?xml version = '1.0' encoding = 'UTF-8'?>
<FKIndexAssociation class="oracle.dbtools.crest.model.design.relational.FKIndexAssociation" id="46A7FE30-AAAF-5262-5EA6-DEC887136DF4" directorySegmentName="seg_0" name="FK_ASS_7">
<createdBy>alumno</createdBy>
<createdTime>2012-11-24 19:14:03 UTC</createdTime>
<generatorID>FF10B233-66C7-7702-49D7-429E8259C4AA</generatorID>
<ownerDesignName>multinacional_muebles</ownerDesignName>
<containerWithKeyObject>719D50F0-0BBA-6DDD-96D9-B75401115C3F</containerWithKeyObject>
<deleteRule>CASCADE</deleteRule>
<localFKIndex>542D6357-FE5F-B01E-906C-F4DB2E235DF8</localFKIndex>
<keyObject>618DB338-731D-4EF4-73F4-C20AA5109771</keyObject>
<mandatory>true</mandatory>
<transferable>true</transferable>
</FKIndexAssociation>