<?xml version = '1.0' encoding = 'UTF-8'?>
<FKIndexAssociation class="oracle.dbtools.crest.model.design.relational.FKIndexAssociation" id="58A5DA49-65FB-0DBF-FF56-33FCD498A847" directorySegmentName="seg_0" name="Ambiente_muebles">
<createdBy>alumno</createdBy>
<createdTime>2012-11-24 19:14:03 UTC</createdTime>
<generatorID>C774676F-26CC-9C7D-28AA-6DE85C0BBD84</generatorID>
<ownerDesignName>multinacional_muebles</ownerDesignName>
<containerWithKeyObject>F3D1DB98-10C3-4709-3EE3-73878AA37B50</containerWithKeyObject>
<deleteRule>RESTRICT</deleteRule>
<localFKIndex>2780BDC3-45B9-7AE4-088E-862C302A1A8D</localFKIndex>
<keyObject>D13440AA-DD5D-2C88-0ACB-725A7940C76D</keyObject>
<mandatory>false</mandatory>
<transferable>true</transferable>
</FKIndexAssociation>