<?xml version = '1.0' encoding = 'UTF-8'?>
<FKIndexAssociation class="oracle.dbtools.crest.model.design.relational.FKIndexAssociation" id="5E424659-C708-08CC-6B43-548BDDB9B6B0" directorySegmentName="seg_0" name="FK_ASS_11">
<createdBy>alumno</createdBy>
<createdTime>2012-11-24 19:14:03 UTC</createdTime>
<generatorID>239ED345-1325-5389-48AA-0194D09634F9</generatorID>
<ownerDesignName>multinacional_muebles</ownerDesignName>
<containerWithKeyObject>558873D0-9566-8DA2-E7C1-DD2194D06CF8</containerWithKeyObject>
<deleteRule>CASCADE</deleteRule>
<localFKIndex>31A4014F-0D75-E0D8-AA1D-069146DBE8D9</localFKIndex>
<keyObject>618DB338-731D-4EF4-73F4-C20AA5109771</keyObject>
<mandatory>true</mandatory>
<transferable>true</transferable>
</FKIndexAssociation>