<?xml version = '1.0' encoding = 'UTF-8'?>
<FKIndexAssociation class="oracle.dbtools.crest.model.design.relational.FKIndexAssociation" id="913AAC61-0D54-5005-38DD-C0F1DBEF85B4" directorySegmentName="seg_0" name="Muebles_linea_pedido">
<createdBy>alumno</createdBy>
<createdTime>2012-11-24 19:14:03 UTC</createdTime>
<generatorID>7A89500D-5374-9C87-D434-650DEC47CA81</generatorID>
<ownerDesignName>multinacional_muebles</ownerDesignName>
<containerWithKeyObject>DAC27FAC-4C5A-7EE1-5EA3-7326AAAFF317</containerWithKeyObject>
<deleteRule>RESTRICT</deleteRule>
<localFKIndex>0B4D721C-71E4-953E-C4FF-C7F5486FB6A5</localFKIndex>
<keyObject>4C2A3A50-9239-BFFA-366C-5F17A8D61EC2</keyObject>
<mandatory>false</mandatory>
<transferable>true</transferable>
</FKIndexAssociation>