<?xml version = '1.0' encoding = 'UTF-8'?>
<FKIndexAssociation class="oracle.dbtools.crest.model.design.relational.FKIndexAssociation" id="AB635080-FC7C-4AC6-C9A5-B2230A2EC843" directorySegmentName="seg_0" name="FK_ASS_2">
<createdBy>alumno</createdBy>
<createdTime>2012-11-24 18:46:13 UTC</createdTime>
<generatorID>D026F18E-CC6E-1DA2-2D0C-8E43D81DDBD5</generatorID>
<ownerDesignName>multinacional_muebles</ownerDesignName>
<containerWithKeyObject>CF6E6E51-E2D0-F14C-90B3-CE7A67CEEE7B</containerWithKeyObject>
<deleteRule>CASCADE</deleteRule>
<localFKIndex>96D33C47-32A7-E675-1146-AC0FFE58F4AF</localFKIndex>
<keyObject>4C2A3A50-9239-BFFA-366C-5F17A8D61EC2</keyObject>
<mandatory>true</mandatory>
<transferable>true</transferable>
</FKIndexAssociation>