<?xml version = '1.0' encoding = 'UTF-8'?>
<FKIndexAssociation class="oracle.dbtools.crest.model.design.relational.FKIndexAssociation" id="B372D528-289A-6FEA-5A08-097267433833" directorySegmentName="seg_0" name="Clientes_pedidos">
<createdBy>alumno</createdBy>
<createdTime>2012-11-24 19:14:03 UTC</createdTime>
<generatorID>337B0372-D11E-87C2-A99D-DB45707C0FCB</generatorID>
<ownerDesignName>multinacional_muebles</ownerDesignName>
<containerWithKeyObject>65355ABD-9EDE-A284-AD0B-415E4473EA29</containerWithKeyObject>
<deleteRule>RESTRICT</deleteRule>
<localFKIndex>C9459261-2425-A8B0-8F32-BF89778A3473</localFKIndex>
<keyObject>70EA7F19-2A65-FADC-7838-26325AAEA263</keyObject>
<mandatory>false</mandatory>
<transferable>true</transferable>
</FKIndexAssociation>