<?xml version = '1.0' encoding = 'UTF-8'?>
<FKIndexAssociation class="oracle.dbtools.crest.model.design.relational.FKIndexAssociation" id="C667E5F4-6225-EE7F-9CE7-B3C7979F7649" directorySegmentName="seg_0" name="Colores_linea_pedido">
<createdBy>alumno</createdBy>
<createdTime>2012-11-24 19:33:00 UTC</createdTime>
<generatorID>64CE9200-88C5-015B-1E26-6D48139C2173</generatorID>
<ownerDesignName>multinacional_muebles</ownerDesignName>
<containerWithKeyObject>DAC27FAC-4C5A-7EE1-5EA3-7326AAAFF317</containerWithKeyObject>
<deleteRule>RESTRICT</deleteRule>
<localFKIndex>0940978A-5267-790A-40A4-24D9E1E114AB</localFKIndex>
<keyObject>885BD614-F00A-99B4-9322-854C93076DE2</keyObject>
<mandatory>false</mandatory>
<transferable>true</transferable>
</FKIndexAssociation>