<?xml version = '1.0' encoding = 'UTF-8'?>
<FKIndexAssociation class="oracle.dbtools.crest.model.design.relational.FKIndexAssociation" id="D3712712-693D-1E5E-F7D0-89B1C7A693F5" directorySegmentName="seg_0" name="FK_ASS_1">
<createdBy>alumno</createdBy>
<createdTime>2012-11-24 18:46:13 UTC</createdTime>
<generatorID>D026F18E-CC6E-1DA2-2D0C-8E43D81DDBD5</generatorID>
<ownerDesignName>multinacional_muebles</ownerDesignName>
<containerWithKeyObject>CF6E6E51-E2D0-F14C-90B3-CE7A67CEEE7B</containerWithKeyObject>
<deleteRule>CASCADE</deleteRule>
<localFKIndex>3D477762-B030-8079-3373-B1D6B78D0622</localFKIndex>
<keyObject>9DB904F5-0DC3-F223-6D2A-AFF051A39A05</keyObject>
<mandatory>true</mandatory>
<transferable>true</transferable>
</FKIndexAssociation>