<?xml version = '1.0' encoding = 'UTF-8'?>
<FKIndexAssociation class="oracle.dbtools.crest.model.design.relational.FKIndexAssociation" id="DBE0C006-825A-5E68-BB37-0D2A5EA72A8B" directorySegmentName="seg_0" name="tipos_muebles">
<createdBy>alumno</createdBy>
<createdTime>2012-11-24 19:14:03 UTC</createdTime>
<generatorID>9E2700F5-C312-BD1D-D4AE-43FCFB489D49</generatorID>
<ownerDesignName>multinacional_muebles</ownerDesignName>
<containerWithKeyObject>F3D1DB98-10C3-4709-3EE3-73878AA37B50</containerWithKeyObject>
<deleteRule>RESTRICT</deleteRule>
<localFKIndex>F3D66AA1-3311-86E0-3376-80F5E40477FD</localFKIndex>
<keyObject>1D728FCD-CA41-33D8-2FD1-DF3924C6435F</keyObject>
<mandatory>false</mandatory>
<transferable>true</transferable>
</FKIndexAssociation>