<?xml version = '1.0' encoding = 'UTF-8'?>
<FKIndexAssociation class="oracle.dbtools.crest.model.design.relational.FKIndexAssociation" id="DE8B8E22-3B02-0DE2-CFA5-43C1F44BFF82" directorySegmentName="seg_0" name="FK_ASS_10">
<createdBy>alumno</createdBy>
<createdTime>2012-11-24 19:14:03 UTC</createdTime>
<generatorID>48CC90DB-2CBE-30A8-C3D3-4D7251A2FBC6</generatorID>
<ownerDesignName>multinacional_muebles</ownerDesignName>
<containerWithKeyObject>150B3A6E-BC21-0BAC-3B8C-B336B3A93D94</containerWithKeyObject>
<deleteRule>CASCADE</deleteRule>
<localFKIndex>432FD35D-AE69-271C-0DA7-3E0A270091D1</localFKIndex>
<keyObject>45AE6F1D-B6B2-9346-7115-C26E31254E94</keyObject>
<mandatory>true</mandatory>
<transferable>true</transferable>
</FKIndexAssociation>