<?xml version = '1.0' encoding = 'UTF-8'?>
<Relation class="oracle.dbtools.crest.model.design.logical.Relation" name="Puede" id="371EAE17-6066-3F2E-5C05-4B069C48F132" directorySegmentName="seg_0">
<createdBy>Administrator</createdBy>
<createdTime>2012-11-24 16:45:06 UTC</createdTime>
<ownerDesignName>Muebles3</ownerDesignName>
<engineerTo>
<item key="404C2EB3-FB13-7199-E8B3-480C1E0B5D6F" value="true"/>
<item key="B6BEFE3C-C6D1-386C-760F-EE96738094EE" value="true"/>
</engineerTo>
<identifying>false</identifying>
<optionalSource>false</optionalSource>
<optionalTarget>true</optionalTarget>
<sourceCardinality>1</sourceCardinality>
<sourceEntity>8C91DF29-04AA-6FFC-F158-C8C6CDCD7169</sourceEntity>
<targetCardinalityString>*</targetCardinalityString>
<targetEntity>02742C80-820C-C8D2-AEAE-3A87245EFE8B</targetEntity>
<transferable>true</transferable>
</Relation>