<?xml version = '1.0' encoding = 'UTF-8'?>
<Relation class="oracle.dbtools.crest.model.design.logical.Relation" name="con un" id="3EA07DAE-4C7E-9AD3-947E-8D1809E02CDC" directorySegmentName="seg_0">
<createdBy>Administrator</createdBy>
<createdTime>2012-11-24 16:46:10 UTC</createdTime>
<ownerDesignName>Muebles3</ownerDesignName>
<engineerTo>
<item key="404C2EB3-FB13-7199-E8B3-480C1E0B5D6F" value="true"/>
<item key="B6BEFE3C-C6D1-386C-760F-EE96738094EE" value="true"/>
</engineerTo>
<identifying>false</identifying>
<optionalSource>true</optionalSource>
<optionalTarget>true</optionalTarget>
<sourceCardinality>*</sourceCardinality>
<sourceEntity>E079E988-10B2-EF91-D23A-55CDB339F4F0</sourceEntity>
<targetCardinalityString>*</targetCardinalityString>
<targetEntity>01D81FFA-B32C-A7BC-DA18-2056B83DC533</targetEntity>
<transferable>true</transferable>
</Relation>