<?xml version = '1.0' encoding = 'UTF-8'?>
<Relation class="oracle.dbtools.crest.model.design.logical.Relation" name="Contiene" id="4F640B84-0CDD-6345-7946-44C4A9D194E4" directorySegmentName="seg_0">
<createdBy>Administrator</createdBy>
<createdTime>2012-11-24 16:43:02 UTC</createdTime>
<ownerDesignName>Muebles3</ownerDesignName>
<engineerTo>
<item key="404C2EB3-FB13-7199-E8B3-480C1E0B5D6F" value="true"/>
<item key="B6BEFE3C-C6D1-386C-760F-EE96738094EE" value="true"/>
</engineerTo>
<identifying>false</identifying>
<optionalSource>true</optionalSource>
<optionalTarget>true</optionalTarget>
<sourceCardinality>*</sourceCardinality>
<sourceEntity>9810EFA6-57DE-9A18-A909-477AF93E75E1</sourceEntity>
<targetCardinalityString>*</targetCardinalityString>
<targetEntity>8C85A4FC-738D-19F7-E4E6-0540FCDCCBAA</targetEntity>
<transferable>true</transferable>
</Relation>