<?xml version = '1.0' encoding = 'UTF-8'?>
<Relation class="oracle.dbtools.crest.model.design.logical.Relation" name="pide 1" id="5C56CBCD-5B36-4A0D-4BA0-FD7A38F35D3E" directorySegmentName="seg_0">
<createdBy>Administrator</createdBy>
<createdTime>2012-11-24 16:45:44 UTC</createdTime>
<ownerDesignName>Muebles3</ownerDesignName>
<engineerTo>
<item key="404C2EB3-FB13-7199-E8B3-480C1E0B5D6F" value="true"/>
<item key="B6BEFE3C-C6D1-386C-760F-EE96738094EE" value="true"/>
</engineerTo>
<identifying>false</identifying>
<optionalSource>true</optionalSource>
<optionalTarget>true</optionalTarget>
<sourceCardinality>*</sourceCardinality>
<sourceEntity>E079E988-10B2-EF91-D23A-55CDB339F4F0</sourceEntity>
<targetCardinalityString>*</targetCardinalityString>
<targetEntity>8C85A4FC-738D-19F7-E4E6-0540FCDCCBAA</targetEntity>
<transferable>true</transferable>
</Relation>