<?xml version = '1.0' encoding = 'UTF-8'?>
<Relation class="oracle.dbtools.crest.model.design.logical.Relation" name="pide 3" id="5E5D315A-F209-5F22-A41D-AABCC00D9590" directorySegmentName="seg_0">
<createdBy>Administrator</createdBy>
<createdTime>2012-11-24 16:46:00 UTC</createdTime>
<ownerDesignName>Muebles3</ownerDesignName>
<engineerTo>
<item key="404C2EB3-FB13-7199-E8B3-480C1E0B5D6F" value="true"/>
<item key="B6BEFE3C-C6D1-386C-760F-EE96738094EE" value="true"/>
</engineerTo>
<identifying>false</identifying>
<optionalSource>true</optionalSource>
<optionalTarget>true</optionalTarget>
<sourceCardinality>*</sourceCardinality>
<sourceEntity>E079E988-10B2-EF91-D23A-55CDB339F4F0</sourceEntity>
<targetCardinalityString>*</targetCardinalityString>
<targetEntity>FBD634A6-1A64-3816-F39A-E88246F4A7F0</targetEntity>
<transferable>true</transferable>
</Relation>