<?xml version = '1.0' encoding = 'UTF-8'?>
<Relation class="oracle.dbtools.crest.model.design.logical.Relation" name="Pasa a" id="78DB8F05-1F10-6D9E-C6C8-1902C79F82F5" directorySegmentName="seg_0">
<createdBy>Administrator</createdBy>
<createdTime>2012-11-24 16:45:19 UTC</createdTime>
<ownerDesignName>Muebles3</ownerDesignName>
<engineerTo>
<item key="404C2EB3-FB13-7199-E8B3-480C1E0B5D6F" value="true"/>
<item key="B6BEFE3C-C6D1-386C-760F-EE96738094EE" value="true"/>
</engineerTo>
<identifying>false</identifying>
<optionalSource>false</optionalSource>
<optionalTarget>true</optionalTarget>
<sourceCardinality>1</sourceCardinality>
<sourceEntity>02742C80-820C-C8D2-AEAE-3A87245EFE8B</sourceEntity>
<targetCardinalityString>*</targetCardinalityString>
<targetEntity>E079E988-10B2-EF91-D23A-55CDB339F4F0</targetEntity>
<transferable>true</transferable>
</Relation>