<?xml version = '1.0' encoding = 'UTF-8'?>
<Relation class="oracle.dbtools.crest.model.design.logical.Relation" name="Es de" id="860947A7-66BC-DC28-138F-059CCA3E8F33" directorySegmentName="seg_0">
<createdBy>Administrator</createdBy>
<createdTime>2012-11-24 16:35:47 UTC</createdTime>
<ownerDesignName>Muebles3</ownerDesignName>
<engineerTo>
<item key="404C2EB3-FB13-7199-E8B3-480C1E0B5D6F" value="true"/>
<item key="B6BEFE3C-C6D1-386C-760F-EE96738094EE" value="true"/>
</engineerTo>
<identifying>false</identifying>
<optionalSource>true</optionalSource>
<optionalTarget>false</optionalTarget>
<sourceCardinality>*</sourceCardinality>
<sourceEntity>01D81FFA-B32C-A7BC-DA18-2056B83DC533</sourceEntity>
<targetCardinalityString>1</targetCardinalityString>
<targetEntity>8ABF37E9-AA26-6703-B486-9302F9137190</targetEntity>
<transferable>true</transferable>
</Relation>