<?xml version = '1.0' encoding = 'UTF-8'?>
<Relation class="oracle.dbtools.crest.model.design.logical.Relation" name="Diseñado en" id="C02BF4E9-22AD-C011-72C9-E61909868BF8" directorySegmentName="seg_0">
<createdBy>Administrator</createdBy>
<createdTime>2012-11-24 16:36:09 UTC</createdTime>
<ownerDesignName>Muebles3</ownerDesignName>
<engineerTo>
<item key="404C2EB3-FB13-7199-E8B3-480C1E0B5D6F" value="true"/>
<item key="B6BEFE3C-C6D1-386C-760F-EE96738094EE" value="true"/>
</engineerTo>
<identifying>false</identifying>
<optionalSource>true</optionalSource>
<optionalTarget>false</optionalTarget>
<sourceCardinality>*</sourceCardinality>
<sourceEntity>01D81FFA-B32C-A7BC-DA18-2056B83DC533</sourceEntity>
<targetCardinalityString>1</targetCardinalityString>
<targetEntity>9810EFA6-57DE-9A18-A909-477AF93E75E1</targetEntity>
<transferable>true</transferable>
</Relation>