<?xml version = '1.0' encoding = 'UTF-8'?>
<Relation class="oracle.dbtools.crest.model.design.logical.Relation" name="esta pintado" id="C07EE354-E2E7-6E1E-8B28-0AEF2F7C09D3" directorySegmentName="seg_0">
<createdBy>Administrator</createdBy>
<createdTime>2012-11-24 16:42:48 UTC</createdTime>
<ownerDesignName>Muebles3</ownerDesignName>
<engineerTo>
<item key="404C2EB3-FB13-7199-E8B3-480C1E0B5D6F" value="true"/>
<item key="B6BEFE3C-C6D1-386C-760F-EE96738094EE" value="true"/>
</engineerTo>
<identifying>false</identifying>
<optionalSource>true</optionalSource>
<optionalTarget>true</optionalTarget>
<sourceCardinality>*</sourceCardinality>
<sourceEntity>9810EFA6-57DE-9A18-A909-477AF93E75E1</sourceEntity>
<targetCardinalityString>*</targetCardinalityString>
<targetEntity>FBD634A6-1A64-3816-F39A-E88246F4A7F0</targetEntity>
<transferable>true</transferable>
</Relation>