<?xml version = '1.0' encoding = 'UTF-8'?>
<Relation class="oracle.dbtools.crest.model.design.logical.Relation" name="Pertenece" id="ED7D25C3-5A1B-5C07-DC6F-08FD912AEDC1" directorySegmentName="seg_0">
<createdBy>Administrator</createdBy>
<createdTime>2012-11-24 16:10:51 UTC</createdTime>
<ownerDesignName>Muebles3</ownerDesignName>
<engineerTo>
<item key="404C2EB3-FB13-7199-E8B3-480C1E0B5D6F" value="true"/>
<item key="B6BEFE3C-C6D1-386C-760F-EE96738094EE" value="true"/>
</engineerTo>
<identifying>false</identifying>
<optionalSource>false</optionalSource>
<optionalTarget>false</optionalTarget>
<sourceCardinality>*</sourceCardinality>
<sourceEntity>01D81FFA-B32C-A7BC-DA18-2056B83DC533</sourceEntity>
<targetCardinalityString>1</targetCardinalityString>
<targetEntity>5CFFC6AD-8178-A66C-3BF4-BF417B26B92E</targetEntity>
<transferable>true</transferable>
</Relation>