<?xml version = '1.0' encoding = 'UTF-8'?>
<FKIndexAssociation class="oracle.dbtools.crest.model.design.relational.FKIndexAssociation" id="2E87329F-6AA5-F183-AE3E-566E20B2DDE9" directorySegmentName="seg_0" name="mueble_tipo">
<createdBy>alumno</createdBy>
<createdTime>2012-11-20 19:05:49 UTC</createdTime>
<generatorID>F13B14F0-684A-04A5-8547-789A278DDD00</generatorID>
<ownerDesignName>muebles</ownerDesignName>
<containerWithKeyObject>39ED0DCF-2A9A-5EBE-64AF-553F601C841B</containerWithKeyObject>
<deleteRule>RESTRICT</deleteRule>
<localFKIndex>BF4B8BA7-5C6D-9278-1EE2-701C3BD62B32</localFKIndex>
<keyObject>7347449A-0787-BAFD-1101-A6EEC51FD235</keyObject>
<mandatory>false</mandatory>
<transferable>true</transferable>
</FKIndexAssociation>