<?xml version = '1.0' encoding = 'UTF-8'?>
<FKIndexAssociation class="oracle.dbtools.crest.model.design.relational.FKIndexAssociation" id="468DDC59-CDE0-F843-B16F-32C16E4AC85E" directorySegmentName="seg_0" name="coleccion_terminacion">
<createdBy>MiguelAngel</createdBy>
<createdTime>2012-11-25 16:59:21 UTC</createdTime>
<generatorID>7EC028C8-6FF6-24A3-4531-9BC0FB23721A</generatorID>
<ownerDesignName>muebles</ownerDesignName>
<containerWithKeyObject>B2E2F5B1-278D-F955-7016-E5829D263E0F</containerWithKeyObject>
<deleteRule>RESTRICT</deleteRule>
<localFKIndex>401398F3-CDB2-469E-AEE8-2C9A97EDFD94</localFKIndex>
<keyObject>BBC9C7B9-576D-80FB-3A21-521930965064</keyObject>
<mandatory>false</mandatory>
<transferable>true</transferable>
</FKIndexAssociation>