<?xml version = '1.0' encoding = 'UTF-8'?>
<FKIndexAssociation class="oracle.dbtools.crest.model.design.relational.FKIndexAssociation" id="73AD5D5A-5829-D06A-C79F-308C0946BA77" directorySegmentName="seg_0" name="cliente_cabecera_pedidos">
<createdBy>MiguelAngel</createdBy>
<createdTime>2012-11-25 16:59:21 UTC</createdTime>
<generatorID>78E00641-036E-41AB-4D6D-EFF32D670447</generatorID>
<ownerDesignName>muebles</ownerDesignName>
<containerWithKeyObject>CCFA7628-9929-C927-779A-0A810F1574C3</containerWithKeyObject>
<deleteRule>CASCADE</deleteRule>
<localFKIndex>7C784BAB-E8A4-D9D0-2D02-7EA2B97198F0</localFKIndex>
<keyObject>F925CC91-4CB0-D5C4-A64A-68D8667D6CCB</keyObject>
<mandatory>true</mandatory>
<transferable>true</transferable>
</FKIndexAssociation>