<?xml version = '1.0' encoding = 'UTF-8'?>
<FKIndexAssociation class="oracle.dbtools.crest.model.design.relational.FKIndexAssociation" id="78D8DA0A-7EAF-7CEF-E828-05386C0B991A" directorySegmentName="seg_0" name="relacion_color">
<createdBy>MiguelAngel</createdBy>
<createdTime>2012-11-25 16:59:21 UTC</createdTime>
<generatorID>A8DBD1E7-D658-48F3-A9BD-C8C29BF3A645</generatorID>
<ownerDesignName>muebles</ownerDesignName>
<containerWithKeyObject>B2E2F5B1-278D-F955-7016-E5829D263E0F</containerWithKeyObject>
<deleteRule>RESTRICT</deleteRule>
<localFKIndex>52EB8EE4-855C-4008-9ABB-E4109B7884B7</localFKIndex>
<keyObject>0DA89655-6193-F53B-C26A-B2B5014AB05E</keyObject>
<mandatory>false</mandatory>
<transferable>true</transferable>
</FKIndexAssociation>