<?xml version = '1.0' encoding = 'UTF-8'?>
<FKIndexAssociation class="oracle.dbtools.crest.model.design.relational.FKIndexAssociation" id="9FBD3FC1-32FD-D6FB-4918-BB748CA238EA" directorySegmentName="seg_0" name="coleccion_color">
<createdBy>MiguelAngel</createdBy>
<createdTime>2012-11-25 16:59:21 UTC</createdTime>
<generatorID>71F2457D-6DAA-FCB0-3BA2-61AE1FD521A3</generatorID>
<ownerDesignName>muebles</ownerDesignName>
<containerWithKeyObject>B2E2F5B1-278D-F955-7016-E5829D263E0F</containerWithKeyObject>
<deleteRule>RESTRICT</deleteRule>
<localFKIndex>0D4F5DBE-4E32-62BB-8345-CE265AB76BB3</localFKIndex>
<keyObject>6DD5159A-E532-BE24-6852-1FAA0687B9F5</keyObject>
<mandatory>false</mandatory>
<transferable>true</transferable>
</FKIndexAssociation>