<?xml version = '1.0' encoding = 'UTF-8'?>
<FKIndexAssociation class="oracle.dbtools.crest.model.design.relational.FKIndexAssociation" id="AD77C03F-BF10-BBC0-2B44-B5947CDE779C" directorySegmentName="seg_0" name="lineas_pedidos_cristal">
<createdBy>alumno</createdBy>
<createdTime>2012-11-20 19:05:49 UTC</createdTime>
<generatorID>8CC8CFD5-F6D6-9B35-CD03-0D58D4AD54CA</generatorID>
<ownerDesignName>muebles</ownerDesignName>
<containerWithKeyObject>30579A67-0FF5-2E51-DFCC-5FFC89337597</containerWithKeyObject>
<deleteRule>RESTRICT</deleteRule>
<localFKIndex>A44638DF-A1D1-3C41-9357-38BBEDE22AD2</localFKIndex>
<keyObject>0DA89655-6193-F53B-C26A-B2B5014AB05E</keyObject>
<mandatory>false</mandatory>
<transferable>true</transferable>
</FKIndexAssociation>