<?xml version = '1.0' encoding = 'UTF-8'?>
<FKIndexAssociation class="oracle.dbtools.crest.model.design.relational.FKIndexAssociation" id="AF96C689-7952-71E2-51DF-F0F97E54BC63" directorySegmentName="seg_0" name="cabecera_pedidos_lineas_pedidosv1">
<createdBy>MiguelAngel</createdBy>
<createdTime>2012-11-25 16:03:51 UTC</createdTime>
<generatorID>9250D8E6-D30E-4D2D-8A52-09CEF5593A1E</generatorID>
<ownerDesignName>muebles</ownerDesignName>
<containerWithKeyObject>30579A67-0FF5-2E51-DFCC-5FFC89337597</containerWithKeyObject>
<deleteRule>CASCADE</deleteRule>
<localFKIndex>3B959FD3-50B5-5279-AF50-BBB407914F14</localFKIndex>
<keyObject>58601357-0D51-80A3-EB7A-84D07FFC321F</keyObject>
<mandatory>true</mandatory>
<transferable>true</transferable>
</FKIndexAssociation>