<?xml version = '1.0' encoding = 'UTF-8'?>
<FKIndexAssociation class="oracle.dbtools.crest.model.design.relational.FKIndexAssociation" id="B53107E1-5A96-4610-4094-BA432E417ABE" directorySegmentName="seg_0" name="lineas_pedidos_mueble">
<createdBy>alumno</createdBy>
<createdTime>2012-11-20 19:05:49 UTC</createdTime>
<generatorID>6EF80AB7-916F-387E-27CF-42B18E752B82</generatorID>
<ownerDesignName>muebles</ownerDesignName>
<containerWithKeyObject>30579A67-0FF5-2E51-DFCC-5FFC89337597</containerWithKeyObject>
<deleteRule>CASCADE</deleteRule>
<localFKIndex>096AADBD-95AD-DA1D-17F1-FB187E405FE6</localFKIndex>
<keyObject>EEA104E0-C7D0-E5F5-6587-BFE968B87085</keyObject>
<mandatory>true</mandatory>
<transferable>true</transferable>
</FKIndexAssociation>