<?xml version = '1.0' encoding = 'UTF-8'?>
<relationalModel class="oracle.dbtools.crest.model.design.relational.RelationalDesign" name="Relacional_muebles" id="3912A08E-E422-CDA2-F79A-10BE960460D6" mainViewID="49E37F29-85B1-4EB6-1074-16C9504D383C">
<createdBy>alumno</createdBy>
<createdTime>2012-11-24 17:16:57 UTC</createdTime>
<generatorID>Generado por el Usuario</generatorID>
<ownerDesignName>multinacional_muebles</ownerDesignName>
<shouldBeOpen>true</shouldBeOpen>
<selectedRDBMSSite>32076570-2523-435C-2E92-BF29817DFF70</selectedRDBMSSite>
</relationalModel>