<?xml version = '1.0' encoding = 'UTF-8'?>
<Relation class="oracle.dbtools.crest.model.design.logical.Relation" name="Pertenece" id="0532C0F5-B90A-8CA8-4CD9-015DD04B1156" directorySegmentName="seg_0">
<createdBy>alumno</createdBy>
<createdTime>2012-11-20 17:12:40 UTC</createdTime>
<generatorID>Generado por el Usuario</generatorID>
<ownerDesignName>ejercicio</ownerDesignName>
<engineerTo>
<item key="19B82E38-27B6-7C30-CC1E-6EE2E0DCA362" value="true"/>
</engineerTo>
<identifying>false</identifying>
<optionalSource>true</optionalSource>
<optionalTarget>true</optionalTarget>
<sourceCardinality>*</sourceCardinality>
<sourceEntity>78E57DE1-17C6-B093-6B4A-5A44A9614E7D</sourceEntity>
<targetCardinalityString>1</targetCardinalityString>
<targetEntity>46EE5355-DFF7-547D-6193-97F49E86EE7B</targetEntity>
<transferable>true</transferable>
</Relation>