<?xml version = '1.0' encoding = 'UTF-8'?>
<Relation class="oracle.dbtools.crest.model.design.logical.Relation" name="Esta" id="2A16FE2A-6B39-D2B0-EB4A-0061064DFCCC" directorySegmentName="seg_0">
<createdBy>alumno</createdBy>
<createdTime>2012-11-23 11:54:42 UTC</createdTime>
<generatorID>Generado por el Usuario</generatorID>
<ownerDesignName>ejercicio</ownerDesignName>
<engineerTo>
<item key="19B82E38-27B6-7C30-CC1E-6EE2E0DCA362" value="true"/>
</engineerTo>
<identifying>false</identifying>
<optionalSource>true</optionalSource>
<optionalTarget>true</optionalTarget>
<sourceCardinality>1</sourceCardinality>
<sourceEntity>8D61D5BD-7989-3A7E-86DF-8C5380204904</sourceEntity>
<targetCardinalityString>*</targetCardinalityString>
<targetEntity>34E70E76-47A8-8481-4408-1D51E3ACAD66</targetEntity>
<transferable>true</transferable>
</Relation>