<?xml version = '1.0' encoding = 'UTF-8'?>
<Relation class="oracle.dbtools.crest.model.design.logical.Relation" name="Contiene" id="2AA7AC27-3CE0-D6E6-8E44-CB7063107BEA" directorySegmentName="seg_0">
<createdBy>alumno</createdBy>
<createdTime>2012-11-20 17:26:35 UTC</createdTime>
<generatorID>Generado por el Usuario</generatorID>
<ownerDesignName>ejercicio</ownerDesignName>
<engineerTo>
<item key="19B82E38-27B6-7C30-CC1E-6EE2E0DCA362" value="true"/>
</engineerTo>
<identifying>false</identifying>
<optionalSource>true</optionalSource>
<optionalTarget>true</optionalTarget>
<sourceCardinality>*</sourceCardinality>
<sourceEntity>78E57DE1-17C6-B093-6B4A-5A44A9614E7D</sourceEntity>
<targetCardinalityString>1</targetCardinalityString>
<targetEntity>DA2311DE-0859-F78C-F25B-F0E4EBAC8F99</targetEntity>
<transferable>true</transferable>
</Relation>