<?xml version = '1.0' encoding = 'UTF-8'?>
<Relation class="oracle.dbtools.crest.model.design.logical.Relation" name="Se encuentra" id="3CA75240-50AD-A9E5-A1B1-B90E5D62378A" directorySegmentName="seg_0">
<createdBy>alumno</createdBy>
<createdTime>2012-11-23 11:56:05 UTC</createdTime>
<generatorID>Generado por el Usuario</generatorID>
<ownerDesignName>ejercicio</ownerDesignName>
<engineerTo>
<item key="19B82E38-27B6-7C30-CC1E-6EE2E0DCA362" value="true"/>
</engineerTo>
<identifying>false</identifying>
<optionalSource>true</optionalSource>
<optionalTarget>true</optionalTarget>
<sourceCardinality>1</sourceCardinality>
<sourceEntity>E53E2691-1FBE-C8B1-2AE4-66F98244D726</sourceEntity>
<targetCardinalityString>*</targetCardinalityString>
<targetEntity>34E70E76-47A8-8481-4408-1D51E3ACAD66</targetEntity>
<transferable>true</transferable>
</Relation>