<?xml version = '1.0' encoding = 'UTF-8'?>
<Relation class="oracle.dbtools.crest.model.design.logical.Relation" name="Realiza" id="6267ABC0-061E-E158-7921-14B1852872A6" directorySegmentName="seg_0">
<createdBy>alumno</createdBy>
<createdTime>2012-11-20 18:25:38 UTC</createdTime>
<generatorID>Generado por el Usuario</generatorID>
<ownerDesignName>ejercicio</ownerDesignName>
<engineerTo>
<item key="19B82E38-27B6-7C30-CC1E-6EE2E0DCA362" value="true"/>
</engineerTo>
<identifying>false</identifying>
<optionalSource>true</optionalSource>
<optionalTarget>true</optionalTarget>
<sourceCardinality>1</sourceCardinality>
<sourceEntity>9D163479-E299-AEF7-9EC9-F2AF8F5BEB5F</sourceEntity>
<targetCardinalityString>*</targetCardinalityString>
<targetEntity>F20F231D-76CC-C902-413E-38B7B1EF602F</targetEntity>
<transferable>true</transferable>
</Relation>