<?xml version = '1.0' encoding = 'UTF-8'?>
<Relation class="oracle.dbtools.crest.model.design.logical.Relation" name="Se dispone de" id="6D818A27-9C14-A1E5-C8E9-4B070DCA07EA" directorySegmentName="seg_0">
<createdBy>alumno</createdBy>
<createdTime>2012-11-20 17:29:06 UTC</createdTime>
<generatorID>Generado por el Usuario</generatorID>
<ownerDesignName>ejercicio</ownerDesignName>
<engineerTo>
<item key="19B82E38-27B6-7C30-CC1E-6EE2E0DCA362" value="true"/>
</engineerTo>
<identifying>false</identifying>
<optionalSource>true</optionalSource>
<optionalTarget>true</optionalTarget>
<sourceCardinality>*</sourceCardinality>
<sourceEntity>E53E2691-1FBE-C8B1-2AE4-66F98244D726</sourceEntity>
<targetCardinalityString>*</targetCardinalityString>
<targetEntity>DA2311DE-0859-F78C-F25B-F0E4EBAC8F99</targetEntity>
<transferable>true</transferable>
</Relation>