<?xml version = '1.0' encoding = 'UTF-8'?>
<Relation class="oracle.dbtools.crest.model.design.logical.Relation" name="es_de_una" id="749BF20F-214A-AE29-DD9D-B5287BF9342F" directorySegmentName="seg_0">
<createdBy>alumno</createdBy>
<createdTime>2012-11-20 17:16:24 UTC</createdTime>
<generatorID>Generado por el Usuario</generatorID>
<ownerDesignName>ejercicio</ownerDesignName>
<engineerTo>
<item key="19B82E38-27B6-7C30-CC1E-6EE2E0DCA362" value="true"/>
</engineerTo>
<identifying>false</identifying>
<optionalSource>true</optionalSource>
<optionalTarget>true</optionalTarget>
<sourceCardinality>*</sourceCardinality>
<sourceEntity>78E57DE1-17C6-B093-6B4A-5A44A9614E7D</sourceEntity>
<targetCardinalityString>*</targetCardinalityString>
<targetEntity>25BC63D1-F3FA-061C-11E9-F0EB32F86211</targetEntity>
<transferable>true</transferable>
</Relation>