<?xml version = '1.0' encoding = 'UTF-8'?>
<Relation class="oracle.dbtools.crest.model.design.logical.Relation" name="Contiene" id="75582D5C-ED3F-0959-F29B-95A4B24E5CEA" directorySegmentName="seg_0">
<createdBy>alumno</createdBy>
<createdTime>2012-11-23 11:50:40 UTC</createdTime>
<generatorID>Generado por el Usuario</generatorID>
<ownerDesignName>ejercicio</ownerDesignName>
<engineerTo>
<item key="19B82E38-27B6-7C30-CC1E-6EE2E0DCA362" value="true"/>
</engineerTo>
<identifying>false</identifying>
<optionalSource>true</optionalSource>
<optionalTarget>true</optionalTarget>
<sourceCardinality>1</sourceCardinality>
<sourceEntity>34E70E76-47A8-8481-4408-1D51E3ACAD66</sourceEntity>
<targetCardinalityString>*</targetCardinalityString>
<targetEntity>F20F231D-76CC-C902-413E-38B7B1EF602F</targetEntity>
<transferable>true</transferable>
</Relation>