<?xml version = '1.0' encoding = 'UTF-8'?>
<Relation class="oracle.dbtools.crest.model.design.logical.Relation" name="Tenemos" id="7F9FC57D-DA96-9F39-0556-4BE28AEF013C" directorySegmentName="seg_0">
<createdBy>alumno</createdBy>
<createdTime>2012-11-23 11:57:45 UTC</createdTime>
<generatorID>Generado por el Usuario</generatorID>
<ownerDesignName>ejercicio</ownerDesignName>
<engineerTo>
<item key="19B82E38-27B6-7C30-CC1E-6EE2E0DCA362" value="true"/>
</engineerTo>
<identifying>false</identifying>
<optionalSource>true</optionalSource>
<optionalTarget>true</optionalTarget>
<sourceCardinality>1</sourceCardinality>
<sourceEntity>78E57DE1-17C6-B093-6B4A-5A44A9614E7D</sourceEntity>
<targetCardinalityString>*</targetCardinalityString>
<targetEntity>34E70E76-47A8-8481-4408-1D51E3ACAD66</targetEntity>
<transferable>true</transferable>
</Relation>