<?xml version = '1.0' encoding = 'UTF-8'?>
<Relation class="oracle.dbtools.crest.model.design.logical.Relation" name="Se encuentran" id="9CBD86E9-33FA-6D64-3953-FBAE09C8CA45" directorySegmentName="seg_0">
<createdBy>alumno</createdBy>
<createdTime>2012-11-20 17:32:16 UTC</createdTime>
<generatorID>Generado por el Usuario</generatorID>
<ownerDesignName>ejercicio</ownerDesignName>
<engineerTo>
<item key="19B82E38-27B6-7C30-CC1E-6EE2E0DCA362" value="true"/>
</engineerTo>
<identifying>false</identifying>
<optionalSource>true</optionalSource>
<optionalTarget>true</optionalTarget>
<sourceCardinality>*</sourceCardinality>
<sourceEntity>DA2311DE-0859-F78C-F25B-F0E4EBAC8F99</sourceEntity>
<targetCardinalityString>*</targetCardinalityString>
<targetEntity>8D61D5BD-7989-3A7E-86DF-8C5380204904</targetEntity>
<transferable>true</transferable>
</Relation>