<?xml version = '1.0' encoding = 'UTF-8'?>
<Relation class="oracle.dbtools.crest.model.design.logical.Relation" name="es" id="A5B3A5A7-25A6-AFBD-4112-5B1B695B2276" directorySegmentName="seg_0">
<createdBy>alumno</createdBy>
<createdTime>2012-11-20 17:20:39 UTC</createdTime>
<generatorID>Generado por el Usuario</generatorID>
<ownerDesignName>ejercicio</ownerDesignName>
<engineerTo>
<item key="19B82E38-27B6-7C30-CC1E-6EE2E0DCA362" value="true"/>
</engineerTo>
<identifying>false</identifying>
<optionalSource>true</optionalSource>
<optionalTarget>true</optionalTarget>
<sourceCardinality>*</sourceCardinality>
<sourceEntity>78E57DE1-17C6-B093-6B4A-5A44A9614E7D</sourceEntity>
<targetCardinalityString>1</targetCardinalityString>
<targetEntity>9D285FDB-4BCE-8D4A-C2D1-7CC0017377FE</targetEntity>
<transferable>true</transferable>
</Relation>