<?xml version = '1.0' encoding = 'UTF-8'?>
<Relation class="oracle.dbtools.crest.model.design.logical.Relation" name="Hay" id="CB4B7F06-13FD-3DBA-FE73-A16D87E3F31B" directorySegmentName="seg_0">
<createdBy>alumno</createdBy>
<createdTime>2012-11-20 17:30:42 UTC</createdTime>
<generatorID>Generado por el Usuario</generatorID>
<ownerDesignName>ejercicio</ownerDesignName>
<engineerTo>
<item key="19B82E38-27B6-7C30-CC1E-6EE2E0DCA362" value="true"/>
</engineerTo>
<identifying>false</identifying>
<optionalSource>true</optionalSource>
<optionalTarget>true</optionalTarget>
<sourceCardinality>*</sourceCardinality>
<sourceEntity>DA2311DE-0859-F78C-F25B-F0E4EBAC8F99</sourceEntity>
<targetCardinalityString>*</targetCardinalityString>
<targetEntity>080EE576-A95B-3767-5D93-5DD02E023AE8</targetEntity>
<transferable>true</transferable>
</Relation>