<?xml version = '1.0' encoding = 'UTF-8'?>
<Relation class="oracle.dbtools.crest.model.design.logical.Relation" name="Encontramos" id="CCE40FFE-382E-E4A3-F447-9A3B1171E89A" directorySegmentName="seg_0">
<createdBy>alumno</createdBy>
<createdTime>2012-11-23 11:56:31 UTC</createdTime>
<generatorID>Generado por el Usuario</generatorID>
<ownerDesignName>ejercicio</ownerDesignName>
<engineerTo>
<item key="19B82E38-27B6-7C30-CC1E-6EE2E0DCA362" value="true"/>
</engineerTo>
<identifying>false</identifying>
<optionalSource>true</optionalSource>
<optionalTarget>true</optionalTarget>
<sourceCardinality>1</sourceCardinality>
<sourceEntity>080EE576-A95B-3767-5D93-5DD02E023AE8</sourceEntity>
<targetCardinalityString>*</targetCardinalityString>
<targetEntity>34E70E76-47A8-8481-4408-1D51E3ACAD66</targetEntity>
<transferable>true</transferable>
</Relation>