<?xml version = '1.0' encoding = 'UTF-8'?>
<Note class="oracle.dbtools.crest.model.design.Note" name="Note_1" id="F8D25852-1919-65F7-869E-D56DD2EC5A28" directorySegmentName="seg_0">
<createdBy>alumno</createdBy>
<createdTime>2012-11-23 12:55:28 UTC</createdTime>
<comment>Creado por:&lt;br/&gt;Méndez Santiago, Raquel.&lt;br/&gt;Sánchez Ocasar, Rafael.</comment>
<generatorID>Generado por el Usuario</generatorID>
<ownerDesignName>ejercicio</ownerDesignName>
<engineerTo>
<item key="19B82E38-27B6-7C30-CC1E-6EE2E0DCA362" value="true"/>
</engineerTo>
<fonts>
<FontObject class="oracle.dbtools.crest.model.design.FontObjectWr">
<foType>Título</foType>
<colorRGB>-16777216</colorRGB>
</FontObject>
</fonts>
</Note>