<?xml version = '1.0' encoding = 'UTF-8'?>
<Diagram class="oracle.dbtools.crest.swingui.logical.DPVLogicalSubView" name="From_RM_Relational_1 - SubView_2" id="68E5A3DF-803D-C9C8-19D9-394DC68EC4B1">
<createdBy>Administrator</createdBy>
<createdTime>2012-11-24 16:28:48 UTC</createdTime>
<autoRoute>false</autoRoute>
<boxInbox>true</boxInbox>
<showLegend>false</showLegend>
<showLabels>false</showLabels>
<showGrid>false</showGrid>
<diagramColor>-1</diagramColor>
<display>false</display>
<generatorId>5D7E319F-3796-9A78-19B6-77E855B59A6A</generatorId>
<notation>1</notation>
</Diagram>