<?xml version = '1.0' encoding = 'UTF-8'?>
<Diagram class="oracle.dbtools.crest.swingui.logical.DPVLogical" name="Logical" id="B37B2EAE-3950-AFD4-3FB4-963306746F5C">
<createdBy>Administrator</createdBy>
<createdTime>2012-11-24 16:05:10 UTC</createdTime>
<autoRoute>false</autoRoute>
<boxInbox>true</boxInbox>
<showLegend>false</showLegend>
<showLabels>false</showLabels>
<showGrid>false</showGrid>
<diagramColor>-1</diagramColor>
<display>false</display>
<notation>1</notation>
<objectViews>
<OView class="oracle.dbtools.crest.swingui.logical.TVEntity" oid="00EFCF9B-8202-2B9E-FA8B-A9C5556B5539" otype="Entity" vid="141CA0A7-2569-15D2-A022-3BDEC55FD2A9">
<bounds x="413" y="299" width="157" height="52"/>
</OView>
<OView class="oracle.dbtools.crest.swingui.logical.TVEntity" oid="01D81FFA-B32C-A7BC-DA18-2056B83DC533" otype="Entity" vid="CB7EDD06-2151-150A-59E9-9B1915124ABA">
<bounds x="20" y="80" width="170" height="110"/>
</OView>
<OView class="oracle.dbtools.crest.swingui.logical.TVEntity" oid="02742C80-820C-C8D2-AEAE-3A87245EFE8B" otype="Entity" vid="73927D1E-D229-6184-EC2A-D201D66C19D2">
<bounds x="409" y="446" width="162" height="55"/>
</OView>
<OView class="oracle.dbtools.crest.swingui.TVNote" oid="1279CEA7-50C3-A970-33AF-69A7205C04F5" otype="Note" vid="D96CF7AE-095B-A5AF-4559-84185FA5B3AB">
<bounds x="387" y="0" width="224" height="22"/>
</OView>
<OView class="oracle.dbtools.crest.swingui.logical.TVEntity" oid="5CFFC6AD-8178-A66C-3BF4-BF417B26B92E" otype="Entity" vid="7B562AF8-17CE-1C7D-AA33-EC5FBE9CE2BC">
<bounds x="430" y="120" width="171" height="41"/>
</OView>
<OView class="oracle.dbtools.crest.swingui.logical.TVEntity" oid="8ABF37E9-AA26-6703-B486-9302F9137190" otype="Entity" vid="1A4FB517-41ED-8A5D-5F01-9B5842E6D51E">
<bounds x="430" y="50" width="170" height="51"/>
</OView>
<OView class="oracle.dbtools.crest.swingui.logical.TVEntity" oid="8C85A4FC-738D-19F7-E4E6-0540FCDCCBAA" otype="Entity" vid="4112C7C1-BAA6-F587-6CD0-E161F74DC945">
<bounds x="610" y="305" width="161" height="46"/>
</OView>
<OView class="oracle.dbtools.crest.swingui.logical.TVEntity" oid="8C91DF29-04AA-6FFC-F158-C8C6CDCD7169" otype="Entity" vid="512B9D8B-1699-AF1D-3B07-0DE14EBB52BB">
<bounds x="715" y="451" width="166" height="50"/>
</OView>
<OView class="oracle.dbtools.crest.swingui.logical.TVEntity" oid="9810EFA6-57DE-9A18-A909-477AF93E75E1" otype="Entity" vid="753CF316-34A4-BB7E-2E29-042BFA31A459">
<bounds x="420" y="190" width="171" height="61"/>
</OView>
<OView class="oracle.dbtools.crest.swingui.logical.TVEntity" oid="E079E988-10B2-EF91-D23A-55CDB339F4F0" otype="Entity" vid="09801875-2B65-7F55-9B11-B798F47C876B">
<bounds x="93" y="430" width="168" height="71"/>
</OView>
<OView class="oracle.dbtools.crest.swingui.logical.TVEntity" oid="FBD634A6-1A64-3816-F39A-E88246F4A7F0" otype="Entity" vid="FEC92EEF-5698-BA76-1280-3FE3A0A1E76A">
<bounds x="257" y="301" width="134" height="50"/>
</OView>
</objectViews>
<connectors>
<Connector class="oracle.dbtools.crest.swingui.logical.TVRelation" oid="371EAE17-6066-3F2E-5C05-4B069C48F132" otype="Relation" vid_source="512B9D8B-1699-AF1D-3B07-0DE14EBB52BB" vid_target="73927D1E-D229-6184-EC2A-D201D66C19D2">
<lineWidth>1</lineWidth>
<points>
<point x="715" y="476"/>
<point x="571" y="476"/>
</points>
</Connector>
<Connector class="oracle.dbtools.crest.swingui.logical.TVRelation" oid="3EA07DAE-4C7E-9AD3-947E-8D1809E02CDC" otype="Relation" vid_source="09801875-2B65-7F55-9B11-B798F47C876B" vid_target="CB7EDD06-2151-150A-59E9-9B1915124ABA">
<lineWidth>1</lineWidth>
<points>
<point x="141" y="430"/>
<point x="141" y="190"/>
</points>
</Connector>
<Connector class="oracle.dbtools.crest.swingui.logical.TVRelation" oid="4F640B84-0CDD-6345-7946-44C4A9D194E4" otype="Relation" vid_source="753CF316-34A4-BB7E-2E29-042BFA31A459" vid_target="4112C7C1-BAA6-F587-6CD0-E161F74DC945">
<lineWidth>1</lineWidth>
<points>
<point x="591" y="250"/>
<point x="690" y="305"/>
</points>
</Connector>
<Connector class="oracle.dbtools.crest.swingui.logical.TVRelation" oid="5C56CBCD-5B36-4A0D-4BA0-FD7A38F35D3E" otype="Relation" vid_source="09801875-2B65-7F55-9B11-B798F47C876B" vid_target="4112C7C1-BAA6-F587-6CD0-E161F74DC945">
<lineWidth>1</lineWidth>
<points>
<point x="261" y="460"/>
<point x="610" y="351"/>
</points>
</Connector>
<Connector class="oracle.dbtools.crest.swingui.logical.TVRelation" oid="5E5D315A-F209-5F22-A41D-AABCC00D9590" otype="Relation" vid_source="09801875-2B65-7F55-9B11-B798F47C876B" vid_target="FEC92EEF-5698-BA76-1280-3FE3A0A1E76A">
<lineWidth>1</lineWidth>
<points>
<point x="190" y="430"/>
<point x="259" y="351"/>
</points>
</Connector>
<Connector class="oracle.dbtools.crest.swingui.logical.TVRelation" oid="5E75AEB6-1F7C-84F0-7B8D-CBB0B1DAC8DD" otype="Relation" vid_source="09801875-2B65-7F55-9B11-B798F47C876B" vid_target="141CA0A7-2569-15D2-A022-3BDEC55FD2A9">
<lineWidth>1</lineWidth>
<points>
<point x="260" y="430"/>
<point x="491" y="351"/>
</points>
</Connector>
<Connector class="oracle.dbtools.crest.swingui.logical.TVRelation" oid="78DB8F05-1F10-6D9E-C6C8-1902C79F82F5" otype="Relation" vid_source="73927D1E-D229-6184-EC2A-D201D66C19D2" vid_target="09801875-2B65-7F55-9B11-B798F47C876B">
<lineWidth>1</lineWidth>
<points>
<point x="409" y="483"/>
<point x="261" y="483"/>
</points>
</Connector>
<Connector class="oracle.dbtools.crest.swingui.logical.TVRelation" oid="81E8A391-9489-B8CA-79CB-E39F098442F5" otype="Relation" vid_source="753CF316-34A4-BB7E-2E29-042BFA31A459" vid_target="141CA0A7-2569-15D2-A022-3BDEC55FD2A9">
<lineWidth>1</lineWidth>
<points>
<point x="495" y="251"/>
<point x="495" y="299"/>
</points>
</Connector>
<Connector class="oracle.dbtools.crest.swingui.logical.TVRelation" oid="860947A7-66BC-DC28-138F-059CCA3E8F33" otype="Relation" vid_source="CB7EDD06-2151-150A-59E9-9B1915124ABA" vid_target="1A4FB517-41ED-8A5D-5F01-9B5842E6D51E">
<lineWidth>1</lineWidth>
<points>
<point x="190" y="90"/>
<point x="430" y="90"/>
</points>
</Connector>
<Connector class="oracle.dbtools.crest.swingui.logical.TVRelation" oid="C02BF4E9-22AD-C011-72C9-E61909868BF8" otype="Relation" vid_source="CB7EDD06-2151-150A-59E9-9B1915124ABA" vid_target="753CF316-34A4-BB7E-2E29-042BFA31A459">
<lineWidth>1</lineWidth>
<points>
<point x="190" y="190"/>
<point x="420" y="190"/>
</points>
</Connector>
<Connector class="oracle.dbtools.crest.swingui.logical.TVRelation" oid="C07EE354-E2E7-6E1E-8B28-0AEF2F7C09D3" otype="Relation" vid_source="753CF316-34A4-BB7E-2E29-042BFA31A459" vid_target="FEC92EEF-5698-BA76-1280-3FE3A0A1E76A">
<lineWidth>1</lineWidth>
<points>
<point x="420" y="250"/>
<point x="324" y="301"/>
</points>
</Connector>
<Connector class="oracle.dbtools.crest.swingui.logical.TVRelation" oid="ED7D25C3-5A1B-5C07-DC6F-08FD912AEDC1" otype="Relation" vid_source="CB7EDD06-2151-150A-59E9-9B1915124ABA" vid_target="7B562AF8-17CE-1C7D-AA33-EC5FBE9CE2BC">
<lineWidth>1</lineWidth>
<points>
<point x="190" y="140"/>
<point x="430" y="140"/>
</points>
</Connector>
</connectors>
</Diagram>