<?xml version = '1.0' encoding = 'UTF-8'?>
<Diagram class="oracle.dbtools.crest.swingui.logical.DPVLogicalSubView" name="Logical - SubView_1" id="EC7E91B6-628D-2EE9-10EE-A52A18A283D6">
<createdBy>Administrator</createdBy>
<createdTime>2012-11-24 16:08:52 UTC</createdTime>
<autoRoute>false</autoRoute>
<boxInbox>true</boxInbox>
<showLegend>false</showLegend>
<showLabels>false</showLabels>
<showGrid>false</showGrid>
<diagramColor>-1</diagramColor>
<display>false</display>
<notation>1</notation>
<objectViews>
<OView class="oracle.dbtools.crest.swingui.logical.TVEntity" oid="01D81FFA-B32C-A7BC-DA18-2056B83DC533" otype="Entity" vid="F9FAAED9-6625-771C-5FB1-DDC0284B9485">
<bounds x="116" y="152" width="170" height="110"/>
</OView>
<OView class="oracle.dbtools.crest.swingui.logical.TVEntity" oid="5CFFC6AD-8178-A66C-3BF4-BF417B26B92E" otype="Entity" vid="C35EFF7C-D057-8E20-9D16-0D3E74F92A68">
<bounds x="433" y="139" width="114" height="41"/>
</OView>
<OView class="oracle.dbtools.crest.swingui.logical.TVEntity" oid="8ABF37E9-AA26-6703-B486-9302F9137190" otype="Entity" vid="9E0C3C91-6FFD-0FFC-2785-E52F424B383B">
<bounds x="700" y="206" width="181" height="85"/>
</OView>
<OView class="oracle.dbtools.crest.swingui.logical.TVEntity" oid="9810EFA6-57DE-9A18-A909-477AF93E75E1" otype="Entity" vid="B17D88E8-6800-CAF9-D854-687DAF08A7E7">
<bounds x="476" y="320" width="135" height="43"/>
</OView>
</objectViews>
<connectors>
<Connector class="oracle.dbtools.crest.swingui.logical.TVRelation" oid="860947A7-66BC-DC28-138F-059CCA3E8F33" otype="Relation" vid_source="F9FAAED9-6625-771C-5FB1-DDC0284B9485" vid_target="9E0C3C91-6FFD-0FFC-2785-E52F424B383B">
<lineWidth>1</lineWidth>
</Connector>
<Connector class="oracle.dbtools.crest.swingui.logical.TVRelation" oid="C02BF4E9-22AD-C011-72C9-E61909868BF8" otype="Relation" vid_source="F9FAAED9-6625-771C-5FB1-DDC0284B9485" vid_target="B17D88E8-6800-CAF9-D854-687DAF08A7E7">
<lineWidth>1</lineWidth>
</Connector>
<Connector class="oracle.dbtools.crest.swingui.logical.TVRelation" oid="ED7D25C3-5A1B-5C07-DC6F-08FD912AEDC1" otype="Relation" vid_source="F9FAAED9-6625-771C-5FB1-DDC0284B9485" vid_target="C35EFF7C-D057-8E20-9D16-0D3E74F92A68">
<lineWidth>1</lineWidth>
<points>
<point x="286" y="166"/>
<point x="433" y="166"/>
</points>
</Connector>
</connectors>
</Diagram>