<?xml version = '1.0' encoding = 'UTF-8'?>
<Diagram class="oracle.dbtools.crest.swingui.logical.DPVLogicalSubView" name="From_RM_Relational_1 - SubView_1" id="FF3FD526-9814-2D78-C014-4134D40E026E">
<createdBy>Administrator</createdBy>
<createdTime>2012-11-24 16:28:48 UTC</createdTime>
<autoRoute>false</autoRoute>
<boxInbox>true</boxInbox>
<showLegend>false</showLegend>
<showLabels>false</showLabels>
<showGrid>false</showGrid>
<diagramColor>-1</diagramColor>
<display>false</display>
<generatorId>4D829807-7988-38B1-3706-8F34E3186E56</generatorId>
<notation>1</notation>
</Diagram>