<?xml version = '1.0' encoding = 'UTF-8'?>
<FKIndexAssociation class="oracle.dbtools.crest.model.design.relational.FKIndexAssociation" id="213117AF-2410-7296-9289-6FF4FFC766B0" directorySegmentName="seg_0" name="Diseñado en">
<createdBy>Administrator</createdBy>
<createdTime>2012-11-24 17:47:49 UTC</createdTime>
<generatorID>C02BF4E9-22AD-C011-72C9-E61909868BF8</generatorID>
<ownerDesignName>Muebles3</ownerDesignName>
<containerWithKeyObject>DF2DC2C4-5F10-C350-B5CB-91F1E14000D3</containerWithKeyObject>
<deleteRule>RESTRICT</deleteRule>
<localFKIndex>5D106CF4-93F5-9986-B378-93E0E7669671</localFKIndex>
<keyObject>1B1679CA-0B85-4974-6F87-616E2E08B0D6</keyObject>
<mandatory>false</mandatory>
<transferable>true</transferable>
</FKIndexAssociation>