<?xml version = '1.0' encoding = 'UTF-8'?>
<FKIndexAssociation class="oracle.dbtools.crest.model.design.relational.FKIndexAssociation" id="2E8BD6D0-4B4C-18B5-C81D-55DC46C5732B" directorySegmentName="seg_0" name="Relation_10">
<createdBy>Administrator</createdBy>
<createdTime>2012-11-24 17:47:49 UTC</createdTime>
<generatorID>78DB8F05-1F10-6D9E-C6C8-1902C79F82F5</generatorID>
<ownerDesignName>Muebles3</ownerDesignName>
<containerWithKeyObject>9054E2C5-A469-8ABE-8E41-0CC295670637</containerWithKeyObject>
<deleteRule>RESTRICT</deleteRule>
<localFKIndex>8518C1D8-46E1-5D0D-09C0-237A97481D99</localFKIndex>
<keyObject>2191A9D9-5D4C-924A-7E20-88DDA1D6E89E</keyObject>
<mandatory>false</mandatory>
<transferable>true</transferable>
</FKIndexAssociation>