<?xml version = '1.0' encoding = 'UTF-8'?>
<FKIndexAssociation class="oracle.dbtools.crest.model.design.relational.FKIndexAssociation" id="A07B0CB0-1A3C-0C77-086E-EDA6126DE72E" directorySegmentName="seg_0" name="Pertenece">
<createdBy>Administrator</createdBy>
<createdTime>2012-11-24 17:47:49 UTC</createdTime>
<generatorID>ED7D25C3-5A1B-5C07-DC6F-08FD912AEDC1</generatorID>
<ownerDesignName>Muebles3</ownerDesignName>
<containerWithKeyObject>DF2DC2C4-5F10-C350-B5CB-91F1E14000D3</containerWithKeyObject>
<deleteRule>CASCADE</deleteRule>
<localFKIndex>1087932A-8717-66C5-D9B4-873A9058A8D4</localFKIndex>
<keyObject>A8B51B3C-6873-02BC-D084-DEE8752BE787</keyObject>
<mandatory>true</mandatory>
<transferable>true</transferable>
</FKIndexAssociation>