<?xml version = '1.0' encoding = 'UTF-8'?>
<FKIndexAssociation class="oracle.dbtools.crest.model.design.relational.FKIndexAssociation" id="D57EC915-F7AB-63C9-BFD7-31A62DB5C50D" directorySegmentName="seg_0" name="Es de">
<createdBy>Administrator</createdBy>
<createdTime>2012-11-24 17:47:49 UTC</createdTime>
<generatorID>860947A7-66BC-DC28-138F-059CCA3E8F33</generatorID>
<ownerDesignName>Muebles3</ownerDesignName>
<containerWithKeyObject>DF2DC2C4-5F10-C350-B5CB-91F1E14000D3</containerWithKeyObject>
<deleteRule>RESTRICT</deleteRule>
<localFKIndex>F4AEDE55-D896-33DD-20A2-0B4FB0515BF7</localFKIndex>
<keyObject>BAAC2609-1341-A809-46E8-AAF1534571F3</keyObject>
<mandatory>false</mandatory>
<transferable>true</transferable>
</FKIndexAssociation>