<?xml version = '1.0' encoding = 'UTF-8'?>
<FKIndexAssociation class="oracle.dbtools.crest.model.design.relational.FKIndexAssociation" id="FFB987A7-8C5A-2AC4-4264-C24670E78B65" directorySegmentName="seg_0" name="Relation_9">
<createdBy>Administrator</createdBy>
<createdTime>2012-11-24 17:47:49 UTC</createdTime>
<generatorID>371EAE17-6066-3F2E-5C05-4B069C48F132</generatorID>
<ownerDesignName>Muebles3</ownerDesignName>
<containerWithKeyObject>D3FD452F-7EBC-ED02-49BD-54DD2A444032</containerWithKeyObject>
<deleteRule>RESTRICT</deleteRule>
<localFKIndex>48E07119-E265-F615-3961-CCE2A02F30CA</localFKIndex>
<keyObject>26D39982-1EA7-22D4-1233-5A87FD557406</keyObject>
<mandatory>false</mandatory>
<transferable>true</transferable>
</FKIndexAssociation>