<?xml version = '1.0' encoding = 'UTF-8'?>
<RMExtendedMap class="oracle.dbtools.crest.model.xtdmapping.RMExtendedMap">
<mappings>
<CM class="oracle.dbtools.crest.model.xtdmapping.ContainerMapping" id="16AA4DDD-6D32A55D6EE95DDE8660-31228E567B8E" lID="16AA4DDD-29FC-DBEA-0507-6D32A55D6EE9" lT="0" rID="5DDE8660-142C-5182-5A54-31228E567B8E" rT="4">
<containedMappings>
<Mg class="oracle.dbtools.crest.model.xtdmapping.RelMapping" id="22963FE0-24A160F2ADDF3C10A176-AD9132E70A8B" lID="22963FE0-8DEF-6ACB-DC34-24A160F2ADDF" rID="3C10A176-EFEF-749E-1B43-AD9132E70A8B"/>
<Mg class="oracle.dbtools.crest.model.xtdmapping.RelMapping" id="52074D15-F823FE7E5CD5B6C5702B-FB55607DA0FE" lID="52074D15-B38A-DEEA-B304-F823FE7E5CD5" lT="2" rID="B6C5702B-0B9F-D47C-70D9-FB55607DA0FE" rT="7"/>
<Mg class="oracle.dbtools.crest.model.xtdmapping.RelMapping" id="69A5ED9D-9169BBAF4918390DCE7E-48BE5296532F" lID="69A5ED9D-0EFD-BCCC-1D67-9169BBAF4918" rID="390DCE7E-0C22-22B8-24E2-48BE5296532F"/>
<Mg class="oracle.dbtools.crest.model.xtdmapping.RelMapping" id="CBA5A58E-C9D545D1C7F061234E51-6C456D0093DC" lID="CBA5A58E-BDDA-9DEE-7583-C9D545D1C7F0" rID="61234E51-D468-5171-452D-6C456D0093DC"/>
<Mg class="oracle.dbtools.crest.model.xtdmapping.RelMapping" id="DFFDE6EC-DBB74D87F4E093104041-E28AE12B5945" lID="DFFDE6EC-0F17-408E-1936-DBB74D87F4E0" rID="93104041-69F3-903C-91B0-E28AE12B5945"/>
</containedMappings>
</CM>
<CM class="oracle.dbtools.crest.model.xtdmapping.ContainerMapping" id="1F9E5084-F12BF8CD261E3EA5DB1C-7CB343D6D3EB" lID="1F9E5084-4A87-BDE0-D131-F12BF8CD261E" lT="0" rID="3EA5DB1C-06FA-DD8B-8732-7CB343D6D3EB" rT="4">
<containedMappings>
<Mg class="oracle.dbtools.crest.model.xtdmapping.RelMapping" id="2416DDC1-6926E5D000352B12419C-401E93EF7F4B" lID="2416DDC1-47E6-B798-B622-6926E5D00035" rID="2B12419C-81F5-57B0-E8AC-401E93EF7F4B"/>
<Mg class="oracle.dbtools.crest.model.xtdmapping.RelMapping" id="5F080C22-1D5B910F7F0083D86BC9-992F045A53E9" lID="5F080C22-7725-9410-FC23-1D5B910F7F00" lT="2" rID="83D86BC9-C242-BF93-7C42-992F045A53E9" rT="7"/>
<Mg class="oracle.dbtools.crest.model.xtdmapping.RelMapping" id="6633820C-1F5F05BFA7A8D1AD7F6F-DFF237B00287" lID="6633820C-D18E-B579-62B1-1F5F05BFA7A8" rID="D1AD7F6F-04DF-C9B2-2955-DFF237B00287"/>
<Mg class="oracle.dbtools.crest.model.xtdmapping.RelMapping" id="BC63F192-E6D66FFFDAFB4C6B6487-A8318DB1EAD7" lID="BC63F192-CECE-1F9C-3626-E6D66FFFDAFB" rID="4C6B6487-123D-CD9E-BD72-A8318DB1EAD7"/>
</containedMappings>
</CM>
<CM class="oracle.dbtools.crest.model.xtdmapping.ContainerMapping" id="24B4F42B-B94DCC9670E09F67D6DC-62AB02F3C7E6" lID="24B4F42B-C750-FD3A-B7F0-B94DCC9670E0" lT="0" rID="9F67D6DC-0462-1D48-5D02-62AB02F3C7E6" rT="4">
<containedMappings>
<Mg class="oracle.dbtools.crest.model.xtdmapping.RelMapping" id="0F34ABC1-ECC9D5A9EBA7CA5E0F43-73DE03D28A2D" lID="0F34ABC1-CC24-622F-FC3C-ECC9D5A9EBA7" rID="CA5E0F43-463C-B0CC-2FDF-73DE03D28A2D"/>
<Mg class="oracle.dbtools.crest.model.xtdmapping.RelMapping" id="50B8A30C-74EB6D2811764EB682A9-96B0C1E72479" lID="50B8A30C-54D6-4DD0-5BED-74EB6D281176" lT="2" rID="4EB682A9-D1B5-61DD-020B-96B0C1E72479" rT="7"/>
<Mg class="oracle.dbtools.crest.model.xtdmapping.RelMapping" id="725B3A30-7375E5F648BB52C8B26C-FE4FDC9BA6F9" lID="725B3A30-599B-5845-34BB-7375E5F648BB" rID="52C8B26C-64E8-64CA-3369-FE4FDC9BA6F9"/>
</containedMappings>
</CM>
<CM class="oracle.dbtools.crest.model.xtdmapping.ContainerMapping" id="4518B2E7-97E5D0B77E550B705010-0C42A57FDE57" lID="4518B2E7-0B2F-0923-5B4C-97E5D0B77E55" lT="0" rID="0B705010-A9BC-C8EC-227C-0C42A57FDE57" rT="4">
<containedMappings>
<Mg class="oracle.dbtools.crest.model.xtdmapping.RelMapping" id="03F8455C-70EE7861849FB24D2292-7420BA13295B" lID="03F8455C-086C-5643-3B29-70EE7861849F" rID="B24D2292-EF2C-5734-6C35-7420BA13295B"/>
<Mg class="oracle.dbtools.crest.model.xtdmapping.RelMapping" id="391ED3AF-680072606809CF654A5C-7DE528F0327D" lID="391ED3AF-3E35-75D0-EF46-680072606809" rID="CF654A5C-601F-C689-D725-7DE528F0327D"/>
<Mg class="oracle.dbtools.crest.model.xtdmapping.RelMapping" id="9992788B-DDCEFD81F4CD3187BEA4-D7470EF071EA" lID="9992788B-4E47-C9FE-4936-DDCEFD81F4CD" rID="3187BEA4-B98E-7584-D274-D7470EF071EA"/>
<Mg class="oracle.dbtools.crest.model.xtdmapping.RelMapping" id="A5E349B4-98739FB3A413AAEBD79A-4ACD7F89CE10" lID="A5E349B4-44FC-7466-6A62-98739FB3A413" rID="AAEBD79A-2FE0-20CC-06CE-4ACD7F89CE10"/>
<Mg class="oracle.dbtools.crest.model.xtdmapping.RelMapping" id="B97DC01E-8B1BD38154B7328A6D86-B96BF82F9B47" lID="B97DC01E-E58B-C687-B327-8B1BD38154B7" rID="328A6D86-974D-ECF3-3DD9-B96BF82F9B47"/>
<Mg class="oracle.dbtools.crest.model.xtdmapping.RelMapping" id="C2157054-D78B44927B2AAFA9F568-61D4EC2283F7" lID="C2157054-0D78-991A-1588-D78B44927B2A" lT="2" rID="AFA9F568-2B4D-C129-53B0-61D4EC2283F7" rT="7"/>
<Mg class="oracle.dbtools.crest.model.xtdmapping.RelMapping" id="EF22094A-110E57019A5F71923AD8-9871C04E3655" lID="EF22094A-9507-5BE7-BF46-110E57019A5F" rID="71923AD8-EABD-5DFA-C775-9871C04E3655"/>
<Mg class="oracle.dbtools.crest.model.xtdmapping.RelMapping" id="EF5A3D12-249D98DDAF769617D74C-519EBC1B1992" lID="EF5A3D12-897E-EC65-2565-249D98DDAF76" rID="9617D74C-C82C-1962-8AC3-519EBC1B1992"/>
</containedMappings>
</CM>
<CM class="oracle.dbtools.crest.model.xtdmapping.ContainerMapping" id="49EEADE9-A6A2BEB7695EA2CB5621-4073C764C306" lID="49EEADE9-53FC-31DC-5954-A6A2BEB7695E" lT="0" rID="A2CB5621-D3AD-1F51-4CC7-4073C764C306" rT="4">
<containedMappings>
<Mg class="oracle.dbtools.crest.model.xtdmapping.RelMapping" id="230E88FE-A86F69602945BF46BECE-EF649B50C2FB" lID="230E88FE-1C19-4C24-148F-A86F69602945" rID="BF46BECE-CE12-18D4-BBB2-EF649B50C2FB"/>
<Mg class="oracle.dbtools.crest.model.xtdmapping.RelMapping" id="7A095C13-EDAB8BCC25D51FF24430-7AE8056DBA66" lID="7A095C13-CFAB-B1D7-785A-EDAB8BCC25D5" lT="2" rID="1FF24430-26E7-F617-3DBE-7AE8056DBA66" rT="7"/>
</containedMappings>
</CM>
<CM class="oracle.dbtools.crest.model.xtdmapping.ContainerMapping" id="562DCF54-67E0595334C1B940FEF3-3E5B7322CC90" lID="562DCF54-C1AF-5CC3-A564-67E0595334C1" lT="0" rID="B940FEF3-3560-1612-EDC1-3E5B7322CC90" rT="4">
<containedMappings>
<Mg class="oracle.dbtools.crest.model.xtdmapping.RelMapping" id="35BAF51F-075CB1AE3CCEE8A719A1-F0D9520545FD" lID="35BAF51F-E784-39BC-8E94-075CB1AE3CCE" lT="2" rID="E8A719A1-9071-223D-19D7-F0D9520545FD" rT="7"/>
<Mg class="oracle.dbtools.crest.model.xtdmapping.RelMapping" id="4B1A90AA-30A6A877AA7E53D4A5C0-49B1DF301683" lID="4B1A90AA-9ED5-AFA8-7ADA-30A6A877AA7E" rID="53D4A5C0-B627-B2B0-CE76-49B1DF301683"/>
<Mg class="oracle.dbtools.crest.model.xtdmapping.RelMapping" id="CFAC5973-625F4AD264E0A02242BF-EA4482F5CFE2" lID="CFAC5973-9AF1-9BE2-EB31-625F4AD264E0" rID="A02242BF-D300-2A92-8DF6-EA4482F5CFE2"/>
</containedMappings>
</CM>
<CM class="oracle.dbtools.crest.model.xtdmapping.ContainerMapping" id="7DD11B67-BFD47EAE5DD35B5B143B-DA3144983739" lID="7DD11B67-8859-C510-D7C4-BFD47EAE5DD3" lT="0" rID="5B5B143B-462C-B60B-0760-DA3144983739" rT="4">
<containedMappings>
<Mg class="oracle.dbtools.crest.model.xtdmapping.RelMapping" id="784A92E6-180CE58A153C54231B83-7C0591554539" lID="784A92E6-BB49-41E9-B50D-180CE58A153C" lT="2" rID="54231B83-700A-39EA-3880-7C0591554539" rT="7"/>
<Mg class="oracle.dbtools.crest.model.xtdmapping.RelMapping" id="B0A623D2-ADA01CD0958D60CF7715-D0BA51B88125" lID="B0A623D2-4206-51C3-1953-ADA01CD0958D" rID="60CF7715-B29F-2953-C32F-D0BA51B88125"/>
<Mg class="oracle.dbtools.crest.model.xtdmapping.RelMapping" id="FEE45036-CC7D898E0771F6439776-22F7A7CA5906" lID="FEE45036-026D-2F11-9472-CC7D898E0771" rID="F6439776-9DA6-CEB5-E9DB-22F7A7CA5906"/>
</containedMappings>
</CM>
<CM class="oracle.dbtools.crest.model.xtdmapping.ContainerMapping" id="8326A778-9FA8E02E613E4BB674D3-03B5E5D97A55" lID="8326A778-1B4C-E0D2-4328-9FA8E02E613E" lT="0" rID="4BB674D3-8618-D0BF-F74E-03B5E5D97A55" rT="4">
<containedMappings>
<Mg class="oracle.dbtools.crest.model.xtdmapping.RelMapping" id="02F1ABE6-CE0C3712291E236EB1BB-D659819105AF" lID="02F1ABE6-61D0-A989-634A-CE0C3712291E" rID="236EB1BB-58EC-5DC0-9CBE-D659819105AF"/>
<Mg class="oracle.dbtools.crest.model.xtdmapping.RelMapping" id="11F049FA-51DB6F4C166B6F247708-5B76A01F98F3" lID="11F049FA-B805-B614-05BD-51DB6F4C166B" rID="6F247708-7477-C41B-F4C7-5B76A01F98F3"/>
<Mg class="oracle.dbtools.crest.model.xtdmapping.RelMapping" id="2E850F39-D9D7CE8F542235738AE2-8FA553113904" lID="2E850F39-D19A-DEFA-D1BF-D9D7CE8F5422" rID="35738AE2-A4E6-84FF-B59F-8FA553113904"/>
<Mg class="oracle.dbtools.crest.model.xtdmapping.RelMapping" id="31B919BC-E3C69074BEB36D9C5F7B-45925B79A9A9" lID="31B919BC-FD7E-2849-FE17-E3C69074BEB3" rID="6D9C5F7B-2B1E-A2E5-3B4D-45925B79A9A9"/>
<Mg class="oracle.dbtools.crest.model.xtdmapping.RelMapping" id="3C0E1432-F3018FCC17F112ACFFB2-FFB4947CA9D1" lID="3C0E1432-63C4-3FB5-09AB-F3018FCC17F1" rID="12ACFFB2-6877-618B-80B6-FFB4947CA9D1"/>
<Mg class="oracle.dbtools.crest.model.xtdmapping.RelMapping" id="3E4BDC19-5A38D5603AEAC346E9FF-21476F514ABC" lID="3E4BDC19-52D0-C913-895E-5A38D5603AEA" rID="C346E9FF-F60F-13BF-B2C9-21476F514ABC"/>
<Mg class="oracle.dbtools.crest.model.xtdmapping.RelMapping" id="BD4A60E5-446E7C47174189CAD9BA-2F5BE56BDC56" lID="BD4A60E5-4F96-7B9A-A703-446E7C471741" lT="2" rID="89CAD9BA-A306-7776-36A7-2F5BE56BDC56" rT="7"/>
<Mg class="oracle.dbtools.crest.model.xtdmapping.RelMapping" id="C7F7DC46-7D2891B1239F01A29515-F8A000CD5064" lID="C7F7DC46-A5A0-D12A-6851-7D2891B1239F" rID="01A29515-CDCF-5F13-0EC3-F8A000CD5064"/>
<Mg class="oracle.dbtools.crest.model.xtdmapping.RelMapping" id="CB5BE82A-FE27EB4C869B39A78EDB-1A806C91E98E" lID="CB5BE82A-FCFD-EC79-0E1A-FE27EB4C869B" rID="39A78EDB-0309-4070-BA1A-1A806C91E98E"/>
<Mg class="oracle.dbtools.crest.model.xtdmapping.RelMapping" id="E5AB8721-E77722ED01295FBB0FE8-A85102EB12B7" lID="E5AB8721-D5C2-B57E-D5C3-E77722ED0129" rID="5FBB0FE8-B34F-F8FE-CBEF-A85102EB12B7"/>
<Mg class="oracle.dbtools.crest.model.xtdmapping.RelMapping" id="F695B3B7-AC31F0CCBBA863CBAC0F-DEE462992484" lID="F695B3B7-74FF-F5BC-0462-AC31F0CCBBA8" rID="63CBAC0F-2FA3-4850-B89E-DEE462992484"/>
</containedMappings>
</CM>
<CM class="oracle.dbtools.crest.model.xtdmapping.ContainerMapping" id="B127DC33-727FF492559AD1D14560-4226A71110FC" lID="B127DC33-9651-DDED-3B10-727FF492559A" lT="0" rID="D1D14560-2839-907C-D6E9-4226A71110FC" rT="4">
<containedMappings>
<Mg class="oracle.dbtools.crest.model.xtdmapping.RelMapping" id="129F10A6-42F2D0F2F1D2498D3B30-F33285BADA85" lID="129F10A6-2414-84AD-1C18-42F2D0F2F1D2" rID="498D3B30-4B0D-85E3-B879-F33285BADA85"/>
<Mg class="oracle.dbtools.crest.model.xtdmapping.RelMapping" id="26673391-E34D5350002F1D6A3CD6-CCDE896C10A9" lID="26673391-2C7C-5D37-C52F-E34D5350002F" lT="2" rID="1D6A3CD6-88C4-E16B-1283-CCDE896C10A9" rT="7"/>
<Mg class="oracle.dbtools.crest.model.xtdmapping.RelMapping" id="54CC8203-B47C8357929F531F4B81-2C2EF3E1016E" lID="54CC8203-0EF1-026F-2177-B47C8357929F" rID="531F4B81-F43A-26B9-B585-2C2EF3E1016E"/>
<Mg class="oracle.dbtools.crest.model.xtdmapping.RelMapping" id="72230156-9EB572FD3238FBE6AAD8-C0329BED2AEC" lID="72230156-751F-C096-94FA-9EB572FD3238" rID="FBE6AAD8-D0CB-79CE-E5D1-C0329BED2AEC"/>
<Mg class="oracle.dbtools.crest.model.xtdmapping.RelMapping" id="AF6AF988-C38DA343650DFB1656FA-0DD185073704" lID="AF6AF988-AD67-FAB1-A038-C38DA343650D" rID="FB1656FA-1855-27DC-CB22-0DD185073704"/>
</containedMappings>
</CM>
<CM class="oracle.dbtools.crest.model.xtdmapping.ContainerMapping" id="D4E3FB58-9F9E9C90CBBF10A91B5C-0C56D735A0A7" lID="D4E3FB58-CBFB-1EB0-7EF1-9F9E9C90CBBF" lT="0" rID="10A91B5C-90B4-7644-79F3-0C56D735A0A7" rT="4">
<containedMappings>
<Mg class="oracle.dbtools.crest.model.xtdmapping.RelMapping" id="4A822B17-7C2064DDD8F573A896BB-BCF9AD98B3AB" lID="4A822B17-2BD3-9094-12BA-7C2064DDD8F5" lT="2" rID="73A896BB-FDC3-A9DE-0A8D-BCF9AD98B3AB" rT="7"/>
<Mg class="oracle.dbtools.crest.model.xtdmapping.RelMapping" id="F4068745-4ADF7741A97BE021E24D-8EE7A008EE2A" lID="F4068745-0B22-2550-1CDC-4ADF7741A97B" rID="E021E24D-4FA4-005E-473F-8EE7A008EE2A"/>
<Mg class="oracle.dbtools.crest.model.xtdmapping.RelMapping" id="FE0994EA-D038614055564EE6D69A-CF71C0B5F51A" lID="FE0994EA-376E-D616-E46B-D03861405556" rID="4EE6D69A-1023-5064-C330-CF71C0B5F51A"/>
</containedMappings>
</CM>
<CM class="oracle.dbtools.crest.model.xtdmapping.ContainerMapping" id="E16DD4A4-E34902D422D8EDCA0478-704318EB7BDF" lID="E16DD4A4-B1E3-BAC4-BCD5-E34902D422D8" lT="0" rID="EDCA0478-579C-E8F2-C09D-704318EB7BDF" rT="4">
<containedMappings>
<Mg class="oracle.dbtools.crest.model.xtdmapping.RelMapping" id="45E3D99E-8CB3456F917D1FC98598-BA34FB4596D0" lID="45E3D99E-A2CD-E900-1EFE-8CB3456F917D" rID="1FC98598-EA6B-F42C-E2EB-BA34FB4596D0"/>
<Mg class="oracle.dbtools.crest.model.xtdmapping.RelMapping" id="9F4CF5BD-EFEDF86666BBC1EFF58E-0E14DF96FDBF" lID="9F4CF5BD-C30D-F6D2-D002-EFEDF86666BB" rID="C1EFF58E-18C7-5B82-9C8E-0E14DF96FDBF"/>
<Mg class="oracle.dbtools.crest.model.xtdmapping.RelMapping" id="C7EBE055-6450A450B0ABE7BF92A2-1CCD00CE52D5" lID="C7EBE055-68DF-451C-D875-6450A450B0AB" rID="E7BF92A2-F235-9757-D7FE-1CCD00CE52D5"/>
</containedMappings>
</CM>
<CM class="oracle.dbtools.crest.model.xtdmapping.ContainerMapping" id="00AD62AD-0453CACD77004075DC11-E253CE0F2435" lID="00AD62AD-7E4C-55F3-5C8F-0453CACD7700" lT="3" rID="4075DC11-E9E2-991C-FDF5-E253CE0F2435" rT="8">
</CM>
<CM class="oracle.dbtools.crest.model.xtdmapping.ContainerMapping" id="1700E2B1-352AA7C2ADDB9D084D97-4DB76C9E4D92" lID="1700E2B1-EDC5-1F2A-DE55-352AA7C2ADDB" lT="3" rID="9D084D97-C374-95C2-2393-4DB76C9E4D92" rT="8">
</CM>
<CM class="oracle.dbtools.crest.model.xtdmapping.ContainerMapping" id="1700E2B1-352AA7C2ADDBE86B314F-9A63A5542462" lID="1700E2B1-EDC5-1F2A-DE55-352AA7C2ADDB" lT="3" rID="E86B314F-2E48-4BC0-F073-9A63A5542462" rT="8">
</CM>
</mappings>
</RMExtendedMap>