<?xml version = '1.0' encoding = 'UTF-8'?>
<FKIndexAssociation class="oracle.dbtools.crest.model.design.relational.FKIndexAssociation" id="06FC21D0-D0F1-43E0-A586-A47CEFAF5C11" directorySegmentName="seg_0" name="FK_ASS_10">
<createdBy>alumno</createdBy>
<createdTime>2012-11-23 11:34:31 UTC</createdTime>
<generatorID>9CBD86E9-33FA-6D64-3953-FBAE09C8CA45</generatorID>
<ownerDesignName>ejercicio</ownerDesignName>
<containerWithKeyObject>119481AF-94D7-A24B-E856-15C28D8A490D</containerWithKeyObject>
<deleteRule>CASCADE</deleteRule>
<localFKIndex>9AECC668-A9EA-53F6-161F-D41381FA360A</localFKIndex>
<keyObject>437076DB-01A9-C146-EB6F-1F53DEBECA74</keyObject>
<mandatory>true</mandatory>
<transferable>true</transferable>
</FKIndexAssociation>