<?xml version = '1.0' encoding = 'UTF-8'?>
<FKIndexAssociation class="oracle.dbtools.crest.model.design.relational.FKIndexAssociation" id="193F42C5-A5D5-F040-0A8F-CF2DA627328E" directorySegmentName="seg_0" name="Realiza">
<createdBy>alumno</createdBy>
<createdTime>2012-11-23 11:34:31 UTC</createdTime>
<generatorID>6267ABC0-061E-E158-7921-14B1852872A6</generatorID>
<ownerDesignName>ejercicio</ownerDesignName>
<containerWithKeyObject>65CE806F-307A-6B09-6876-67215B6120D4</containerWithKeyObject>
<deleteRule>RESTRICT</deleteRule>
<localFKIndex>037BD8CD-76CC-C6FD-A37A-4F2030194F8A</localFKIndex>
<keyObject>27240A48-8C2D-7DDF-7310-C864B71EDF61</keyObject>
<mandatory>false</mandatory>
<transferable>true</transferable>
</FKIndexAssociation>