<?xml version = '1.0' encoding = 'UTF-8'?>
<FKIndexAssociation class="oracle.dbtools.crest.model.design.relational.FKIndexAssociation" id="21A58733-A368-354E-88DD-55699B24182E" directorySegmentName="seg_0" name="FK_ASS_13">
<createdBy>alumno</createdBy>
<createdTime>2012-11-23 11:34:31 UTC</createdTime>
<generatorID>749BF20F-214A-AE29-DD9D-B5287BF9342F</generatorID>
<ownerDesignName>ejercicio</ownerDesignName>
<containerWithKeyObject>0063B1EF-6E4D-EFA4-50FE-E1385EE8B072</containerWithKeyObject>
<deleteRule>CASCADE</deleteRule>
<localFKIndex>ACE5D1D8-EB1C-BD2B-B9AA-C6C58554A604</localFKIndex>
<keyObject>BB55F093-C2A5-4DA5-D8B2-8E2F02701DD7</keyObject>
<mandatory>true</mandatory>
<transferable>true</transferable>
</FKIndexAssociation>