<?xml version = '1.0' encoding = 'UTF-8'?>
<FKIndexAssociation class="oracle.dbtools.crest.model.design.relational.FKIndexAssociation" id="31F47848-B9E8-B52C-E546-4055755117BA" directorySegmentName="seg_0" name="FK_ASS_9">
<createdBy>alumno</createdBy>
<createdTime>2012-11-23 11:34:31 UTC</createdTime>
<generatorID>9CBD86E9-33FA-6D64-3953-FBAE09C8CA45</generatorID>
<ownerDesignName>ejercicio</ownerDesignName>
<containerWithKeyObject>119481AF-94D7-A24B-E856-15C28D8A490D</containerWithKeyObject>
<deleteRule>CASCADE</deleteRule>
<localFKIndex>B4A43480-175C-7863-D75D-69EF33EEDC8A</localFKIndex>
<keyObject>9F5214DC-83C7-3B01-B004-EEEF89B93FDA</keyObject>
<mandatory>true</mandatory>
<transferable>true</transferable>
</FKIndexAssociation>