<?xml version = '1.0' encoding = 'UTF-8'?>
<FKIndexAssociation class="oracle.dbtools.crest.model.design.relational.FKIndexAssociation" id="4081C3A8-65C2-880C-3EA3-8EF152D80447" directorySegmentName="seg_0" name="FK_ASS_12">
<createdBy>alumno</createdBy>
<createdTime>2012-11-23 11:34:31 UTC</createdTime>
<generatorID>749BF20F-214A-AE29-DD9D-B5287BF9342F</generatorID>
<ownerDesignName>ejercicio</ownerDesignName>
<containerWithKeyObject>0063B1EF-6E4D-EFA4-50FE-E1385EE8B072</containerWithKeyObject>
<deleteRule>CASCADE</deleteRule>
<localFKIndex>482864CD-CE06-488F-0228-4CCEE9E75B43</localFKIndex>
<keyObject>731B67AF-899D-85E6-D286-B9948CFD90D2</keyObject>
<mandatory>true</mandatory>
<transferable>true</transferable>
</FKIndexAssociation>