<?xml version = '1.0' encoding = 'UTF-8'?>
<FKIndexAssociation class="oracle.dbtools.crest.model.design.relational.FKIndexAssociation" id="40851DC8-737E-5BF3-68F4-5D92AD4D510F" directorySegmentName="seg_0" name="Encontramos">
<createdBy>alumno</createdBy>
<createdTime>2012-11-23 11:58:15 UTC</createdTime>
<generatorID>CCE40FFE-382E-E4A3-F447-9A3B1171E89A</generatorID>
<ownerDesignName>ejercicio</ownerDesignName>
<containerWithKeyObject>5A144831-927E-CCD9-89B2-674A880FB2BB</containerWithKeyObject>
<deleteRule>RESTRICT</deleteRule>
<localFKIndex>B3F1AF7F-BE37-91E2-A978-1B75504DD62B</localFKIndex>
<keyObject>D81B492A-D351-4B95-6376-C0235FB6D284</keyObject>
<mandatory>false</mandatory>
<transferable>true</transferable>
</FKIndexAssociation>