<?xml version = '1.0' encoding = 'UTF-8'?>
<FKIndexAssociation class="oracle.dbtools.crest.model.design.relational.FKIndexAssociation" id="4B2D2E8F-D755-94F8-424F-70DABD609FB9" directorySegmentName="seg_0" name="FK_ASS_2">
<createdBy>alumno</createdBy>
<createdTime>2012-11-23 11:34:31 UTC</createdTime>
<generatorID>CB4B7F06-13FD-3DBA-FE73-A16D87E3F31B</generatorID>
<ownerDesignName>ejercicio</ownerDesignName>
<containerWithKeyObject>19CD89EF-4CDC-BF36-588F-CFC5FE777EEE</containerWithKeyObject>
<deleteRule>CASCADE</deleteRule>
<localFKIndex>CD9B937F-6866-0FA1-1617-3D9667D3EF83</localFKIndex>
<keyObject>9F5214DC-83C7-3B01-B004-EEEF89B93FDA</keyObject>
<mandatory>true</mandatory>
<transferable>true</transferable>
</FKIndexAssociation>