<?xml version = '1.0' encoding = 'UTF-8'?>
<FKIndexAssociation class="oracle.dbtools.crest.model.design.relational.FKIndexAssociation" id="54BD35F9-4348-589E-FF30-65A08E90AF9D" directorySegmentName="seg_0" name="Pertenece">
<createdBy>alumno</createdBy>
<createdTime>2012-11-23 11:34:31 UTC</createdTime>
<generatorID>0532C0F5-B90A-8CA8-4CD9-015DD04B1156</generatorID>
<ownerDesignName>ejercicio</ownerDesignName>
<containerWithKeyObject>55A725AF-2830-1720-0CD5-5FF31E86213E</containerWithKeyObject>
<deleteRule>RESTRICT</deleteRule>
<localFKIndex>8D879BD9-BA9D-76C2-838A-73F7515E7B3B</localFKIndex>
<keyObject>D5F41701-6F16-BFE0-B43D-9ACC9BFE5594</keyObject>
<mandatory>false</mandatory>
<transferable>true</transferable>
</FKIndexAssociation>