<?xml version = '1.0' encoding = 'UTF-8'?>
<FKIndexAssociation class="oracle.dbtools.crest.model.design.relational.FKIndexAssociation" id="78161942-C74B-31CA-282E-9EAD0BEF8159" directorySegmentName="seg_0" name="FK_ASS_7">
<createdBy>alumno</createdBy>
<createdTime>2012-11-23 11:34:31 UTC</createdTime>
<generatorID>6D818A27-9C14-A1E5-C8E9-4B070DCA07EA</generatorID>
<ownerDesignName>ejercicio</ownerDesignName>
<containerWithKeyObject>BECFD887-28E9-2B2E-3F7C-90292760AAAF</containerWithKeyObject>
<deleteRule>CASCADE</deleteRule>
<localFKIndex>88F7095F-DFD2-1BDF-6054-BDB189838FB4</localFKIndex>
<keyObject>B524B0C4-347A-E240-EABF-797273470ACD</keyObject>
<mandatory>true</mandatory>
<transferable>true</transferable>
</FKIndexAssociation>