<?xml version = '1.0' encoding = 'UTF-8'?>
<FKIndexAssociation class="oracle.dbtools.crest.model.design.relational.FKIndexAssociation" id="7BDA49A5-4979-612A-DF42-A37B38574F9E" directorySegmentName="seg_0" name="Tenemos">
<createdBy>alumno</createdBy>
<createdTime>2012-11-23 11:58:15 UTC</createdTime>
<generatorID>7F9FC57D-DA96-9F39-0556-4BE28AEF013C</generatorID>
<ownerDesignName>ejercicio</ownerDesignName>
<containerWithKeyObject>5A144831-927E-CCD9-89B2-674A880FB2BB</containerWithKeyObject>
<deleteRule>RESTRICT</deleteRule>
<localFKIndex>5190E684-67C5-2E73-6AEC-42D1643EDB89</localFKIndex>
<keyObject>731B67AF-899D-85E6-D286-B9948CFD90D2</keyObject>
<mandatory>false</mandatory>
<transferable>true</transferable>
</FKIndexAssociation>