<?xml version = '1.0' encoding = 'UTF-8'?>
<FKIndexAssociation class="oracle.dbtools.crest.model.design.relational.FKIndexAssociation" id="7E55A3C0-B962-9060-A336-EA47E1C67A85" directorySegmentName="seg_0" name="FK_ASS_8">
<createdBy>alumno</createdBy>
<createdTime>2012-11-23 11:34:31 UTC</createdTime>
<generatorID>6D818A27-9C14-A1E5-C8E9-4B070DCA07EA</generatorID>
<ownerDesignName>ejercicio</ownerDesignName>
<containerWithKeyObject>BECFD887-28E9-2B2E-3F7C-90292760AAAF</containerWithKeyObject>
<deleteRule>CASCADE</deleteRule>
<localFKIndex>69C3F7D8-5579-4738-9233-0FF70FB193DE</localFKIndex>
<keyObject>9F5214DC-83C7-3B01-B004-EEEF89B93FDA</keyObject>
<mandatory>true</mandatory>
<transferable>true</transferable>
</FKIndexAssociation>