<?xml version = '1.0' encoding = 'UTF-8'?>
<FKIndexAssociation class="oracle.dbtools.crest.model.design.relational.FKIndexAssociation" id="A4FC88EC-03A1-DDE8-BF81-8B5CE51BB1C2" directorySegmentName="seg_0" name="FK_ASS_3">
<createdBy>alumno</createdBy>
<createdTime>2012-11-23 11:34:31 UTC</createdTime>
<generatorID>CB4B7F06-13FD-3DBA-FE73-A16D87E3F31B</generatorID>
<ownerDesignName>ejercicio</ownerDesignName>
<containerWithKeyObject>19CD89EF-4CDC-BF36-588F-CFC5FE777EEE</containerWithKeyObject>
<deleteRule>CASCADE</deleteRule>
<localFKIndex>405A33A9-C586-B711-DF26-C30D80B5DE5B</localFKIndex>
<keyObject>D81B492A-D351-4B95-6376-C0235FB6D284</keyObject>
<mandatory>true</mandatory>
<transferable>true</transferable>
</FKIndexAssociation>