<?xml version = '1.0' encoding = 'UTF-8'?>
<FKIndexAssociation class="oracle.dbtools.crest.model.design.relational.FKIndexAssociation" id="B75CF338-FCF7-59BD-203A-E504A2816CEB" directorySegmentName="seg_0" name="es">
<createdBy>alumno</createdBy>
<createdTime>2012-11-23 11:34:31 UTC</createdTime>
<generatorID>A5B3A5A7-25A6-AFBD-4112-5B1B695B2276</generatorID>
<ownerDesignName>ejercicio</ownerDesignName>
<containerWithKeyObject>55A725AF-2830-1720-0CD5-5FF31E86213E</containerWithKeyObject>
<deleteRule>RESTRICT</deleteRule>
<localFKIndex>6CF32AB9-AE28-F6D1-D4C5-E66315D5159C</localFKIndex>
<keyObject>7D3B6F8C-D994-417E-BF27-68FCA5178786</keyObject>
<mandatory>false</mandatory>
<transferable>true</transferable>
</FKIndexAssociation>