<?xml version = '1.0' encoding = 'UTF-8'?>
<FKIndexAssociation class="oracle.dbtools.crest.model.design.relational.FKIndexAssociation" id="BBD704CF-6763-5304-A222-B1CF5A4BB0FC" directorySegmentName="seg_0" name="Linea_ pedido_Pedidos_FK">
<createdBy>alumno</createdBy>
<createdTime>2012-11-23 12:12:29 UTC</createdTime>
<generatorID>9D79EAA3-1A91-1369-0FAD-20409638D2A1</generatorID>
<ownerDesignName>ejercicio</ownerDesignName>
<containerWithKeyObject>5A144831-927E-CCD9-89B2-674A880FB2BB</containerWithKeyObject>
<deleteRule>NO ACTION</deleteRule>
<localFKIndex>F1513616-5758-350B-E530-4947C093838E</localFKIndex>
<keyObject>0F4952B2-91E8-40ED-76E9-171F610E83D5</keyObject>
<mandatory>true</mandatory>
<transferable>true</transferable>
</FKIndexAssociation>