<?xml version = '1.0' encoding = 'UTF-8'?>
<FKIndexAssociation class="oracle.dbtools.crest.model.design.relational.FKIndexAssociation" id="C6DC27D8-D7E9-0166-5788-88DFC6298924" directorySegmentName="seg_0" name="Esta">
<createdBy>alumno</createdBy>
<createdTime>2012-11-23 11:58:15 UTC</createdTime>
<generatorID>2A16FE2A-6B39-D2B0-EB4A-0061064DFCCC</generatorID>
<ownerDesignName>ejercicio</ownerDesignName>
<containerWithKeyObject>5A144831-927E-CCD9-89B2-674A880FB2BB</containerWithKeyObject>
<deleteRule>RESTRICT</deleteRule>
<localFKIndex>5DA7DA24-64F6-1362-956C-66E65619A7BB</localFKIndex>
<keyObject>437076DB-01A9-C146-EB6F-1F53DEBECA74</keyObject>
<mandatory>false</mandatory>
<transferable>true</transferable>
</FKIndexAssociation>