<?xml version = '1.0' encoding = 'UTF-8'?>
<FKIndexAssociation class="oracle.dbtools.crest.model.design.relational.FKIndexAssociation" id="CAFEC660-330C-0814-7716-297687B44E73" directorySegmentName="seg_0" name="Se encuentra">
<createdBy>alumno</createdBy>
<createdTime>2012-11-23 11:58:15 UTC</createdTime>
<generatorID>3CA75240-50AD-A9E5-A1B1-B90E5D62378A</generatorID>
<ownerDesignName>ejercicio</ownerDesignName>
<containerWithKeyObject>5A144831-927E-CCD9-89B2-674A880FB2BB</containerWithKeyObject>
<deleteRule>RESTRICT</deleteRule>
<localFKIndex>BDB8575D-5000-D113-85D3-6A04AAF9A060</localFKIndex>
<keyObject>B524B0C4-347A-E240-EABF-797273470ACD</keyObject>
<mandatory>false</mandatory>
<transferable>true</transferable>
</FKIndexAssociation>