<?xml version = '1.0' encoding = 'UTF-8'?>
<FKIndexAssociation class="oracle.dbtools.crest.model.design.relational.FKIndexAssociation" id="EDCFB49D-C678-CC27-B0A5-EB15DFF37136" directorySegmentName="seg_0" name="Contiene">
<createdBy>alumno</createdBy>
<createdTime>2012-11-23 11:34:31 UTC</createdTime>
<generatorID>2AA7AC27-3CE0-D6E6-8E44-CB7063107BEA</generatorID>
<ownerDesignName>ejercicio</ownerDesignName>
<containerWithKeyObject>55A725AF-2830-1720-0CD5-5FF31E86213E</containerWithKeyObject>
<deleteRule>RESTRICT</deleteRule>
<localFKIndex>7581BE1E-FB08-493E-3879-4BF1DB617640</localFKIndex>
<keyObject>9F5214DC-83C7-3B01-B004-EEEF89B93FDA</keyObject>
<mandatory>false</mandatory>
<transferable>true</transferable>
</FKIndexAssociation>