<?xml version = '1.0' encoding = 'UTF-8'?>
<relationalModel class="oracle.dbtools.crest.model.design.relational.RelationalDesign" name="Relational_1" id="19B82E38-27B6-7C30-CC1E-6EE2E0DCA362" mainViewID="158CDE85-BA24-B5D7-39A0-3F5B81096E49">
<createdBy>alumno</createdBy>
<createdTime>2012-11-20 17:01:35 UTC</createdTime>
<generatorID>Generado por el Usuario</generatorID>
<ownerDesignName>Lamierdaestaenotro</ownerDesignName>
<shouldBeOpen>true</shouldBeOpen>
<selectedRDBMSSite>32076570-2523-435C-2E92-BF29817DFF70</selectedRDBMSSite>
</relationalModel>