<?xml version = '1.0' encoding = 'UTF-8'?>
<Entity class="oracle.dbtools.crest.model.design.logical.Entity" id="00EFCF9B-8202-2B9E-FA8B-A9C5556B5539" directorySegmentName="seg_0" name="Cristal">
<createdBy>Administrator</createdBy>
<createdTime>2012-11-24 16:41:46 UTC</createdTime>
<ownerDesignName>Muebles3</ownerDesignName>
<engineerTo>
<item key="404C2EB3-FB13-7199-E8B3-480C1E0B5D6F" value="true"/>
<item key="B6BEFE3C-C6D1-386C-760F-EE96738094EE" value="true"/>
</engineerTo>
<pkName>Cristal PK</pkName>
<adequatelyNormalized>NO</adequatelyNormalized>
<expectedVolumes>0</expectedVolumes>
<fwdEngineeringStrategyName>Single Table</fwdEngineeringStrategyName>
<growthPercent>0</growthPercent>
<growthType>Year</growthType>
<maxVolumes>9999999</maxVolumes>
<minVolumes>0</minVolumes>
<normalForm>Third</normalForm>
<fonts>
<FontObject class="oracle.dbtools.crest.model.design.FontObjectWr">
<foType>Title</foType>
<fontStyle>1</fontStyle>
<colorRGB>-16776961</colorRGB>
</FontObject>
<FontObject class="oracle.dbtools.crest.model.design.FontObjectWr">
<foType>Attribute</foType>
<colorRGB>-16777216</colorRGB>
</FontObject>
<FontObject class="oracle.dbtools.crest.model.design.FontObjectWr">
<foType>Datatype</foType>
<colorRGB>-16744448</colorRGB>
</FontObject>
<FontObject class="oracle.dbtools.crest.model.design.FontObjectWr">
<foType>PK Element</foType>
<colorRGB>-16776961</colorRGB>
</FontObject>
<FontObject class="oracle.dbtools.crest.model.design.FontObjectWr">
<foType>FK Element</foType>
<colorRGB>-16777216</colorRGB>
</FontObject>
<FontObject class="oracle.dbtools.crest.model.design.FontObjectWr">
<foType>UK Element</foType>
<colorRGB>-16776961</colorRGB>
</FontObject>
<FontObject class="oracle.dbtools.crest.model.design.FontObjectWr">
<foType>Not Null</foType>
<colorRGB>-65536</colorRGB>
</FontObject>
<FontObject class="oracle.dbtools.crest.model.design.FontObjectWr">
<foType>Key</foType>
<colorRGB>-16777216</colorRGB>
</FontObject>
</fonts>
<attributes>
<Attribute class="oracle.dbtools.crest.model.design.logical.Attribute" name="tipo_cristal" id="D792B688-26C5-3446-501D-BBBBBFC41F06">
<createdBy>Administrator</createdBy>
<createdTime>2012-11-24 16:49:50 UTC</createdTime>
<ownerDesignName>Muebles3</ownerDesignName>
<engineerTo>
<item key="404C2EB3-FB13-7199-E8B3-480C1E0B5D6F" value="true"/>
<item key="B6BEFE3C-C6D1-386C-760F-EE96738094EE" value="true"/>
</engineerTo>
<useDomainConstraints>false</useDomainConstraints>
<use>1</use>
<logicalDatatype>LOGDT024</logicalDatatype>
</Attribute>
<Attribute class="oracle.dbtools.crest.model.design.logical.Attribute" name="tamaño" id="9EA244E3-E778-7A09-2BD5-E5C25A0F5D07">
<createdBy>Administrator</createdBy>
<createdTime>2012-11-24 16:50:19 UTC</createdTime>
<ownerDesignName>Muebles3</ownerDesignName>
<engineerTo>
<item key="404C2EB3-FB13-7199-E8B3-480C1E0B5D6F" value="true"/>
<item key="B6BEFE3C-C6D1-386C-760F-EE96738094EE" value="true"/>
</engineerTo>
<useDomainConstraints>false</useDomainConstraints>
<use>1</use>
<logicalDatatype>LOGDT011</logicalDatatype>
</Attribute>
</attributes>
<identifiers>
<identifier class="oracle.dbtools.crest.model.design.logical.CandidateKey" id="E231007B-5094-B8E6-B32F-704A8FCD1A9F" name="Cristal PK">
<createdBy>Administrator</createdBy>
<createdTime>2012-11-24 17:55:33 UTC</createdTime>
<ownerDesignName>Muebles3</ownerDesignName>
<engineerTo>
<item key="404C2EB3-FB13-7199-E8B3-480C1E0B5D6F" value="true"/>
<item key="B6BEFE3C-C6D1-386C-760F-EE96738094EE" value="true"/>
</engineerTo>
<pk>true</pk>
<usedAttributes>
<attributeRef>D792B688-26C5-3446-501D-BBBBBFC41F06</attributeRef>
<attributeRef>9EA244E3-E778-7A09-2BD5-E5C25A0F5D07</attributeRef>
</usedAttributes>
</identifier>
</identifiers>
</Entity>