<?xml version = '1.0' encoding = 'UTF-8'?>
<RMExtendedMap class="oracle.dbtools.crest.model.xtdmapping.RMExtendedMap">
<mappings>
<CM class="oracle.dbtools.crest.model.xtdmapping.ContainerMapping" id="00EFCF9B-A9C5556B5539DEC2D5E8-5008DD81CB60" lID="00EFCF9B-8202-2B9E-FA8B-A9C5556B5539" lT="0" rID="DEC2D5E8-C348-4498-0F38-5008DD81CB60" rT="4">
<containedMappings>
<Mg class="oracle.dbtools.crest.model.xtdmapping.RelMapping" id="9EA244E3-E5C25A0F5D07376F5429-2C9AF4C9EE9A" lID="9EA244E3-E778-7A09-2BD5-E5C25A0F5D07" rID="376F5429-95E0-8B7E-9AD3-2C9AF4C9EE9A"/>
<Mg class="oracle.dbtools.crest.model.xtdmapping.RelMapping" id="D792B688-BBBBBFC41F0616839524-2A055200F2D0" lID="D792B688-26C5-3446-501D-BBBBBFC41F06" rID="16839524-4410-4FE3-AA9D-2A055200F2D0"/>
<Mg class="oracle.dbtools.crest.model.xtdmapping.RelMapping" id="E231007B-704A8FCD1A9F0A20D673-F2B2BFFAA009" lID="E231007B-5094-B8E6-B32F-704A8FCD1A9F" lT="2" rID="0A20D673-CA09-840C-F0F5-F2B2BFFAA009" rT="7"/>
</containedMappings>
</CM>
<CM class="oracle.dbtools.crest.model.xtdmapping.ContainerMapping" id="01D81FFA-2056B83DC5335214FB78-7C033DDD9876" lID="01D81FFA-B32C-A7BC-DA18-2056B83DC533" lT="0" rID="5214FB78-778E-58AD-E17E-7C033DDD9876" rT="4">
<containedMappings>
<Mg class="oracle.dbtools.crest.model.xtdmapping.RelMapping" id="115D5F9A-2A35B8A83B9DFA8DCF74-1A3339CEF270" lID="115D5F9A-41DB-88F0-F6C1-2A35B8A83B9D" rID="FA8DCF74-3FE7-9A66-97B5-1A3339CEF270"/>
<Mg class="oracle.dbtools.crest.model.xtdmapping.RelMapping" id="22EA4BC4-C7DAA909120F5077523B-E60051038D91" lID="22EA4BC4-056A-62BB-F44E-C7DAA909120F" rID="5077523B-4398-9F2F-8B9E-E60051038D91"/>
<Mg class="oracle.dbtools.crest.model.xtdmapping.RelMapping" id="36F070F2-58DBADC35AA5C5B84146-CF5847D94B2B" lID="36F070F2-1C5F-3A28-8EC8-58DBADC35AA5" rID="C5B84146-4FE1-1BA7-82D3-CF5847D94B2B"/>
<Mg class="oracle.dbtools.crest.model.xtdmapping.RelMapping" id="39BD666E-CDDE6EE5F9E8BDA8C79B-8487277C6AAC" lID="39BD666E-B534-2C83-095D-CDDE6EE5F9E8" lT="2" rID="BDA8C79B-E550-7633-774D-8487277C6AAC" rT="7"/>
<Mg class="oracle.dbtools.crest.model.xtdmapping.RelMapping" id="7403DECD-56E7CA33372A0B154604-38FE6E564003" lID="7403DECD-7E9C-95C9-376D-56E7CA33372A" rID="0B154604-F204-E0B5-0F05-38FE6E564003"/>
<Mg class="oracle.dbtools.crest.model.xtdmapping.RelMapping" id="9D76B3DC-9C0EE03257335F6038BA-04F211D2DD39" lID="9D76B3DC-92D3-3416-325D-9C0EE0325733" rID="5F6038BA-2EE1-8228-DCE0-04F211D2DD39"/>
<Mg class="oracle.dbtools.crest.model.xtdmapping.RelMapping" id="DFF759B2-11A67F9DC44EA3FE62C7-4A0B1EA925D0" lID="DFF759B2-35EB-60E5-A60B-11A67F9DC44E" rID="A3FE62C7-94BF-E7F2-412D-4A0B1EA925D0"/>
</containedMappings>
</CM>
<CM class="oracle.dbtools.crest.model.xtdmapping.ContainerMapping" id="02742C80-3A87245EFE8B2227AAE6-4E2A7E3C1638" lID="02742C80-820C-C8D2-AEAE-3A87245EFE8B" lT="0" rID="2227AAE6-66E3-EDA8-CC1E-4E2A7E3C1638" rT="4">
<containedMappings>
<Mg class="oracle.dbtools.crest.model.xtdmapping.RelMapping" id="0153295E-D3032EEB85AA8AADC9AD-84B10071F11B" lID="0153295E-7ECF-3A2E-C7C9-D3032EEB85AA" rID="8AADC9AD-0757-CBC4-2D2B-84B10071F11B"/>
<Mg class="oracle.dbtools.crest.model.xtdmapping.RelMapping" id="466C1CF0-E9B11E57453CF5873AE2-BE5D5C5896D8" lID="466C1CF0-6945-7F53-A610-E9B11E57453C" lT="2" rID="F5873AE2-FD8C-F63C-0194-BE5D5C5896D8" rT="7"/>
<Mg class="oracle.dbtools.crest.model.xtdmapping.RelMapping" id="EEF6D33A-E4CAA56C3182177B5E77-985E37B5455C" lID="EEF6D33A-C809-AF4E-E9BC-E4CAA56C3182" rID="177B5E77-F648-5526-B05C-985E37B5455C"/>
</containedMappings>
</CM>
<CM class="oracle.dbtools.crest.model.xtdmapping.ContainerMapping" id="3EA07DAE-8D1809E02CDC1224FD7D-0E1ED607DCD8" lID="3EA07DAE-4C7E-9AD3-947E-8D1809E02CDC" lT="3" rID="1224FD7D-8562-026B-89E0-0E1ED607DCD8" rT="4">
</CM>
<CM class="oracle.dbtools.crest.model.xtdmapping.ContainerMapping" id="4F640B84-44C4A9D194E446EA7406-FF972B457B3A" lID="4F640B84-0CDD-6345-7946-44C4A9D194E4" lT="3" rID="46EA7406-4C6E-8998-3CC0-FF972B457B3A" rT="4">
</CM>
<CM class="oracle.dbtools.crest.model.xtdmapping.ContainerMapping" id="5C56CBCD-FD7A38F35D3E7F97BCC4-FFDFE3F87B60" lID="5C56CBCD-5B36-4A0D-4BA0-FD7A38F35D3E" lT="3" rID="7F97BCC4-9CE9-8AED-69B3-FFDFE3F87B60" rT="4">
</CM>
<CM class="oracle.dbtools.crest.model.xtdmapping.ContainerMapping" id="5CFFC6AD-BF417B26B92E273EBF3B-6E1A72988212" lID="5CFFC6AD-8178-A66C-3BF4-BF417B26B92E" lT="0" rID="273EBF3B-3F1E-BCBD-F848-6E1A72988212" rT="4">
<containedMappings>
<Mg class="oracle.dbtools.crest.model.xtdmapping.RelMapping" id="B45C74FF-6A3AF944C49E6ED8E30D-99803E599988" lID="B45C74FF-DE14-7761-8E57-6A3AF944C49E" rID="6ED8E30D-C7E8-72F2-08DA-99803E599988"/>
<Mg class="oracle.dbtools.crest.model.xtdmapping.RelMapping" id="BE752ABE-F8EED6402F6992A61144-1129A5666282" lID="BE752ABE-6998-97DB-05B9-F8EED6402F69" lT="2" rID="92A61144-DD80-991E-960F-1129A5666282" rT="7"/>
</containedMappings>
</CM>
<CM class="oracle.dbtools.crest.model.xtdmapping.ContainerMapping" id="5E5D315A-AABCC00D95909E2C0629-13D2CE1788FD" lID="5E5D315A-F209-5F22-A41D-AABCC00D9590" lT="3" rID="9E2C0629-374A-E4BE-FC1B-13D2CE1788FD" rT="4">
</CM>
<CM class="oracle.dbtools.crest.model.xtdmapping.ContainerMapping" id="5E75AEB6-CBB0B1DAC8DDA092B3EE-9EE9C8B6B661" lID="5E75AEB6-1F7C-84F0-7B8D-CBB0B1DAC8DD" lT="3" rID="A092B3EE-9A10-09F8-A5D5-9EE9C8B6B661" rT="4">
</CM>
<CM class="oracle.dbtools.crest.model.xtdmapping.ContainerMapping" id="81E8A391-E39F098442F5CF11C43D-977A96FDD717" lID="81E8A391-9489-B8CA-79CB-E39F098442F5" lT="3" rID="CF11C43D-27EB-D58C-F736-977A96FDD717" rT="4">
</CM>
<CM class="oracle.dbtools.crest.model.xtdmapping.ContainerMapping" id="8ABF37E9-9302F9137190A8F3DEBF-202C6DAE59D8" lID="8ABF37E9-AA26-6703-B486-9302F9137190" lT="0" rID="A8F3DEBF-E93B-095F-5D4F-202C6DAE59D8" rT="4">
<containedMappings>
<Mg class="oracle.dbtools.crest.model.xtdmapping.RelMapping" id="3068E162-C3CA3E77CECA4564B94F-C0457F1AEAA2" lID="3068E162-3F77-32E2-12DD-C3CA3E77CECA" rID="4564B94F-BCF9-F71B-2CBB-C0457F1AEAA2"/>
<Mg class="oracle.dbtools.crest.model.xtdmapping.RelMapping" id="4BCC8C35-0A151867B7565D79C62B-E101A55E63E2" lID="4BCC8C35-18A8-12B4-CF29-0A151867B756" rID="5D79C62B-8C75-20DD-A103-E101A55E63E2"/>
<Mg class="oracle.dbtools.crest.model.xtdmapping.RelMapping" id="D23F6FD5-B0E082134DE804E2EB01-1D39D671CEAE" lID="D23F6FD5-7149-244A-C5D1-B0E082134DE8" lT="2" rID="04E2EB01-0001-1566-C574-1D39D671CEAE" rT="6"/>
</containedMappings>
</CM>
<CM class="oracle.dbtools.crest.model.xtdmapping.ContainerMapping" id="8C85A4FC-0540FCDCCBAAED1203EF-80DBC81C76D7" lID="8C85A4FC-738D-19F7-E4E6-0540FCDCCBAA" lT="0" rID="ED1203EF-00AA-C7F1-8652-80DBC81C76D7" rT="4">
<containedMappings>
<Mg class="oracle.dbtools.crest.model.xtdmapping.RelMapping" id="2479A4A9-6399C1827B902511B48A-1F97010ED5E7" lID="2479A4A9-5205-5D0D-0F7E-6399C1827B90" lT="2" rID="2511B48A-94AA-0542-8FA8-1F97010ED5E7" rT="7"/>
<Mg class="oracle.dbtools.crest.model.xtdmapping.RelMapping" id="DD0B8969-A81A11B1745774970E59-20B151AA8C7D" lID="DD0B8969-C784-F59C-33FB-A81A11B17457" rID="74970E59-8C4F-0734-A085-20B151AA8C7D"/>
<Mg class="oracle.dbtools.crest.model.xtdmapping.RelMapping" id="EEDA3B22-69398C97FED066196D64-44594B25A50C" lID="EEDA3B22-43E4-2BFF-A5A8-69398C97FED0" rID="66196D64-EA11-224A-8183-44594B25A50C"/>
</containedMappings>
</CM>
<CM class="oracle.dbtools.crest.model.xtdmapping.ContainerMapping" id="8C91DF29-C8C6CDCD716911051238-87AE8561E8DD" lID="8C91DF29-04AA-6FFC-F158-C8C6CDCD7169" lT="0" rID="11051238-BBB4-70BD-FB35-87AE8561E8DD" rT="4">
<containedMappings>
<Mg class="oracle.dbtools.crest.model.xtdmapping.RelMapping" id="8C72C6EA-2C5453EEBEC4C11D85B4-57DC89C07A55" lID="8C72C6EA-B931-582A-12BF-2C5453EEBEC4" lT="2" rID="C11D85B4-192C-A75C-6E42-57DC89C07A55" rT="7"/>
<Mg class="oracle.dbtools.crest.model.xtdmapping.RelMapping" id="B8827536-5734EEFF4E091B1E4A4F-00ADCA8D4560" lID="B8827536-6B16-F6EA-A9E0-5734EEFF4E09" rID="1B1E4A4F-CFB9-9E4D-9C35-00ADCA8D4560"/>
</containedMappings>
</CM>
<CM class="oracle.dbtools.crest.model.xtdmapping.ContainerMapping" id="9810EFA6-477AF93E75E1FB7F9D6F-B575659B2D0F" lID="9810EFA6-57DE-9A18-A909-477AF93E75E1" lT="0" rID="FB7F9D6F-CC4E-2FC7-DDA5-B575659B2D0F" rT="4">
<containedMappings>
<Mg class="oracle.dbtools.crest.model.xtdmapping.RelMapping" id="0819AFB1-796F95D7D011B2B39713-B824D2059670" lID="0819AFB1-8CE7-AD09-7870-796F95D7D011" rID="B2B39713-32D9-FA08-C464-B824D2059670"/>
<Mg class="oracle.dbtools.crest.model.xtdmapping.RelMapping" id="13C00F57-46AFB316F87032508D23-F76E433C0173" lID="13C00F57-B708-2966-6A15-46AFB316F870" rID="32508D23-EFAA-42A1-C3B0-F76E433C0173"/>
<Mg class="oracle.dbtools.crest.model.xtdmapping.RelMapping" id="29CB44CF-CFD969725D099933609F-13698D521269" lID="29CB44CF-2A3A-7AB4-8527-CFD969725D09" lT="2" rID="9933609F-452A-A320-6372-13698D521269" rT="7"/>
</containedMappings>
</CM>
<CM class="oracle.dbtools.crest.model.xtdmapping.ContainerMapping" id="C07EE354-0AEF2F7C09D39D45E77F-2A7068D5AA89" lID="C07EE354-E2E7-6E1E-8B28-0AEF2F7C09D3" lT="3" rID="9D45E77F-ED9D-024A-55D4-2A7068D5AA89" rT="4">
</CM>
<CM class="oracle.dbtools.crest.model.xtdmapping.ContainerMapping" id="E079E988-55CDB339F4F04595D4C2-8CA1B816FC6B" lID="E079E988-10B2-EF91-D23A-55CDB339F4F0" lT="0" rID="4595D4C2-D958-FD6C-F1E2-8CA1B816FC6B" rT="4">
<containedMappings>
<Mg class="oracle.dbtools.crest.model.xtdmapping.RelMapping" id="0747BBFF-9604C06A7D4B136537F3-5BAF515743D3" lID="0747BBFF-AF11-6256-F892-9604C06A7D4B" lT="2" rID="136537F3-A5EA-D2DE-C36D-5BAF515743D3" rT="7"/>
<Mg class="oracle.dbtools.crest.model.xtdmapping.RelMapping" id="468A2EF6-6B2AEDF8F2F7EED102FC-9597D2128E29" lID="468A2EF6-AB17-8340-30DB-6B2AEDF8F2F7" rID="EED102FC-2957-90E0-7A06-9597D2128E29"/>
<Mg class="oracle.dbtools.crest.model.xtdmapping.RelMapping" id="B5E72183-936BE97BF6AD7A3E1E8C-9C890514F7BB" lID="B5E72183-F3AA-F829-2967-936BE97BF6AD" rID="7A3E1E8C-8CD4-67E8-C6E4-9C890514F7BB"/>
</containedMappings>
</CM>
<CM class="oracle.dbtools.crest.model.xtdmapping.ContainerMapping" id="FBD634A6-E88246F4A7F0496A535F-A7B881CDA020" lID="FBD634A6-1A64-3816-F39A-E88246F4A7F0" lT="0" rID="496A535F-FDAB-0DAA-B0DB-A7B881CDA020" rT="4">
<containedMappings>
<Mg class="oracle.dbtools.crest.model.xtdmapping.RelMapping" id="75323E30-884A7BFB12A2EDD74063-6B37A98A3769" lID="75323E30-6D21-6484-2147-884A7BFB12A2" rID="EDD74063-4FED-AC3A-8111-6B37A98A3769"/>
<Mg class="oracle.dbtools.crest.model.xtdmapping.RelMapping" id="EBD2C1CB-44C81A17C46FA707E525-03094C9D2DFE" lID="EBD2C1CB-ECAE-5B72-3888-44C81A17C46F" lT="2" rID="A707E525-D365-9BC5-0256-03094C9D2DFE" rT="7"/>
</containedMappings>
</CM>
<CM class="oracle.dbtools.crest.model.xtdmapping.ContainerMapping" id="371EAE17-4B069C48F1322AF97545-DE3796B7DFAE" lID="371EAE17-6066-3F2E-5C05-4B069C48F132" lT="3" rID="2AF97545-AF85-9426-B0B0-DE3796B7DFAE" rT="8">
</CM>
<CM class="oracle.dbtools.crest.model.xtdmapping.ContainerMapping" id="68E5A3DF-394DC68EC4B1D3E55EF4-E058EB77B80D" lID="68E5A3DF-803D-C9C8-19D9-394DC68EC4B1" lT="10" rID="D3E55EF4-29AF-8191-AA17-E058EB77B80D" rT="10">
</CM>
<CM class="oracle.dbtools.crest.model.xtdmapping.ContainerMapping" id="78DB8F05-1902C79F82F5DA5CF787-0680922B04CC" lID="78DB8F05-1F10-6D9E-C6C8-1902C79F82F5" lT="3" rID="DA5CF787-3568-EE75-983F-0680922B04CC" rT="8">
</CM>
<CM class="oracle.dbtools.crest.model.xtdmapping.ContainerMapping" id="860947A7-059CCA3E8F33CAA9D536-27C898FBF999" lID="860947A7-66BC-DC28-138F-059CCA3E8F33" lT="3" rID="CAA9D536-9BF7-3038-C8D2-27C898FBF999" rT="8">
</CM>
<CM class="oracle.dbtools.crest.model.xtdmapping.ContainerMapping" id="C02BF4E9-E61909868BF844233FE4-52217C0B3811" lID="C02BF4E9-22AD-C011-72C9-E61909868BF8" lT="3" rID="44233FE4-B275-1C22-4F51-52217C0B3811" rT="8">
</CM>
<CM class="oracle.dbtools.crest.model.xtdmapping.ContainerMapping" id="EC7E91B6-A52A18A283D640886CDB-CF5EA5633940" lID="EC7E91B6-628D-2EE9-10EE-A52A18A283D6" lT="10" rID="40886CDB-16EA-EC87-0B24-CF5EA5633940" rT="10">
</CM>
<CM class="oracle.dbtools.crest.model.xtdmapping.ContainerMapping" id="ED7D25C3-08FD912AEDC1C224666A-E62C8B679D33" lID="ED7D25C3-5A1B-5C07-DC6F-08FD912AEDC1" lT="3" rID="C224666A-A8A6-3300-A15B-E62C8B679D33" rT="8">
</CM>
<CM class="oracle.dbtools.crest.model.xtdmapping.ContainerMapping" id="FF3FD526-4134D40E026E9B145090-46792753B6B7" lID="FF3FD526-9814-2D78-C014-4134D40E026E" lT="10" rID="9B145090-E1EF-53B5-C3CD-46792753B6B7" rT="10">
</CM>
</mappings>
</RMExtendedMap>