<?xml version = '1.0' encoding = 'UTF-8'?>
<RMExtendedMap class="oracle.dbtools.crest.model.xtdmapping.RMExtendedMap">
<mappings>
<CM class="oracle.dbtools.crest.model.xtdmapping.ContainerMapping" id="00EFCF9B-A9C5556B55390207B13C-F6BDCDA865EA" lID="00EFCF9B-8202-2B9E-FA8B-A9C5556B5539" lT="0" rID="0207B13C-7161-EBE4-3F38-F6BDCDA865EA" rT="4">
<containedMappings>
<Mg class="oracle.dbtools.crest.model.xtdmapping.RelMapping" id="9EA244E3-E5C25A0F5D07DBA1B84D-B93AEECDC1AC" lID="9EA244E3-E778-7A09-2BD5-E5C25A0F5D07" rID="DBA1B84D-E8E7-CAB9-248D-B93AEECDC1AC"/>
<Mg class="oracle.dbtools.crest.model.xtdmapping.RelMapping" id="D792B688-BBBBBFC41F0671A4E198-B8AFBE881FEB" lID="D792B688-26C5-3446-501D-BBBBBFC41F06" rID="71A4E198-5F31-45F3-7C3C-B8AFBE881FEB"/>
</containedMappings>
</CM>
<CM class="oracle.dbtools.crest.model.xtdmapping.ContainerMapping" id="01D81FFA-2056B83DC533DF2DC2C4-91F1E14000D3" lID="01D81FFA-B32C-A7BC-DA18-2056B83DC533" lT="0" rID="DF2DC2C4-5F10-C350-B5CB-91F1E14000D3" rT="4">
<containedMappings>
<Mg class="oracle.dbtools.crest.model.xtdmapping.RelMapping" id="115D5F9A-2A35B8A83B9D2AE335D8-30EC0A868022" lID="115D5F9A-41DB-88F0-F6C1-2A35B8A83B9D" rID="2AE335D8-8090-CE19-460D-30EC0A868022"/>
<Mg class="oracle.dbtools.crest.model.xtdmapping.RelMapping" id="22EA4BC4-C7DAA909120FF2457513-E6F37989CD90" lID="22EA4BC4-056A-62BB-F44E-C7DAA909120F" rID="F2457513-F390-1217-6D06-E6F37989CD90"/>
<Mg class="oracle.dbtools.crest.model.xtdmapping.RelMapping" id="36F070F2-58DBADC35AA511645064-9BB57250ED84" lID="36F070F2-1C5F-3A28-8EC8-58DBADC35AA5" rID="11645064-548B-D994-A47E-9BB57250ED84"/>
<Mg class="oracle.dbtools.crest.model.xtdmapping.RelMapping" id="39BD666E-CDDE6EE5F9E87E1C9A74-077344344864" lID="39BD666E-B534-2C83-095D-CDDE6EE5F9E8" lT="2" rID="7E1C9A74-C2C4-AB05-BBAB-077344344864" rT="7"/>
</containedMappings>
</CM>
<CM class="oracle.dbtools.crest.model.xtdmapping.ContainerMapping" id="02742C80-3A87245EFE8BD3FD452F-54DD2A444032" lID="02742C80-820C-C8D2-AEAE-3A87245EFE8B" lT="0" rID="D3FD452F-7EBC-ED02-49BD-54DD2A444032" rT="4">
<containedMappings>
<Mg class="oracle.dbtools.crest.model.xtdmapping.RelMapping" id="EEF6D33A-E4CAA56C3182F94D50FC-6F5B7520BFA1" lID="EEF6D33A-C809-AF4E-E9BC-E4CAA56C3182" rID="F94D50FC-BF3C-DED0-FE10-6F5B7520BFA1"/>
</containedMappings>
</CM>
<CM class="oracle.dbtools.crest.model.xtdmapping.ContainerMapping" id="3EA07DAE-8D1809E02CDCD16E7225-931BFE70D01B" lID="3EA07DAE-4C7E-9AD3-947E-8D1809E02CDC" lT="3" rID="D16E7225-69A5-76C8-793B-931BFE70D01B" rT="4">
</CM>
<CM class="oracle.dbtools.crest.model.xtdmapping.ContainerMapping" id="4F640B84-44C4A9D194E4528EBEA7-CB5837076E78" lID="4F640B84-0CDD-6345-7946-44C4A9D194E4" lT="3" rID="528EBEA7-06C1-09A4-742C-CB5837076E78" rT="4">
</CM>
<CM class="oracle.dbtools.crest.model.xtdmapping.ContainerMapping" id="5C56CBCD-FD7A38F35D3E81C971AC-FDF8058C7FF8" lID="5C56CBCD-5B36-4A0D-4BA0-FD7A38F35D3E" lT="3" rID="81C971AC-DD68-151E-1D31-FDF8058C7FF8" rT="4">
</CM>
<CM class="oracle.dbtools.crest.model.xtdmapping.ContainerMapping" id="5CFFC6AD-BF417B26B92E649F6DD1-0BC5442A1039" lID="5CFFC6AD-8178-A66C-3BF4-BF417B26B92E" lT="0" rID="649F6DD1-E89F-3401-6073-0BC5442A1039" rT="4">
<containedMappings>
<Mg class="oracle.dbtools.crest.model.xtdmapping.RelMapping" id="B45C74FF-6A3AF944C49EB5A32F9D-06423D8E99F2" lID="B45C74FF-DE14-7761-8E57-6A3AF944C49E" rID="B5A32F9D-6940-325A-F804-06423D8E99F2"/>
</containedMappings>
</CM>
<CM class="oracle.dbtools.crest.model.xtdmapping.ContainerMapping" id="5E5D315A-AABCC00D9590E9EE2554-F1C12BA3724F" lID="5E5D315A-F209-5F22-A41D-AABCC00D9590" lT="3" rID="E9EE2554-0189-A590-FA87-F1C12BA3724F" rT="4">
</CM>
<CM class="oracle.dbtools.crest.model.xtdmapping.ContainerMapping" id="5E75AEB6-CBB0B1DAC8DDE7129982-2F9BEC959D3A" lID="5E75AEB6-1F7C-84F0-7B8D-CBB0B1DAC8DD" lT="3" rID="E7129982-0A56-A4DE-0A7D-2F9BEC959D3A" rT="4">
</CM>
<CM class="oracle.dbtools.crest.model.xtdmapping.ContainerMapping" id="81E8A391-E39F098442F52015918A-C62E63429C54" lID="81E8A391-9489-B8CA-79CB-E39F098442F5" lT="3" rID="2015918A-2464-70E9-4834-C62E63429C54" rT="4">
</CM>
<CM class="oracle.dbtools.crest.model.xtdmapping.ContainerMapping" id="8ABF37E9-9302F913719019CFEA26-6D8BD2D7FF75" lID="8ABF37E9-AA26-6703-B486-9302F9137190" lT="0" rID="19CFEA26-6C5F-D1B1-558F-6D8BD2D7FF75" rT="4">
<containedMappings>
<Mg class="oracle.dbtools.crest.model.xtdmapping.RelMapping" id="3068E162-C3CA3E77CECA7C19F7E4-C27FDEB596FC" lID="3068E162-3F77-32E2-12DD-C3CA3E77CECA" rID="7C19F7E4-A457-5D90-E367-C27FDEB596FC"/>
<Mg class="oracle.dbtools.crest.model.xtdmapping.RelMapping" id="4BCC8C35-0A151867B7568911F8F2-DC576FAF9558" lID="4BCC8C35-18A8-12B4-CF29-0A151867B756" rID="8911F8F2-EBEF-2242-333C-DC576FAF9558"/>
<Mg class="oracle.dbtools.crest.model.xtdmapping.RelMapping" id="D23F6FD5-B0E082134DE8BAAC2609-AAF1534571F3" lID="D23F6FD5-7149-244A-C5D1-B0E082134DE8" lT="2" rID="BAAC2609-1341-A809-46E8-AAF1534571F3" rT="6"/>
</containedMappings>
</CM>
<CM class="oracle.dbtools.crest.model.xtdmapping.ContainerMapping" id="8C85A4FC-0540FCDCCBAA43C0C514-A77AD97D20D6" lID="8C85A4FC-738D-19F7-E4E6-0540FCDCCBAA" lT="0" rID="43C0C514-65F5-F07E-DC2B-A77AD97D20D6" rT="4">
<containedMappings>
<Mg class="oracle.dbtools.crest.model.xtdmapping.RelMapping" id="DD0B8969-A81A11B1745730F7DC63-8CD2D1979FC9" lID="DD0B8969-C784-F59C-33FB-A81A11B17457" rID="30F7DC63-50D5-D897-639A-8CD2D1979FC9"/>
<Mg class="oracle.dbtools.crest.model.xtdmapping.RelMapping" id="EEDA3B22-69398C97FED06E9DAA43-654B552198C1" lID="EEDA3B22-43E4-2BFF-A5A8-69398C97FED0" rID="6E9DAA43-6EA3-650F-6006-654B552198C1"/>
</containedMappings>
</CM>
<CM class="oracle.dbtools.crest.model.xtdmapping.ContainerMapping" id="8C91DF29-C8C6CDCD7169AE0E11DE-340CF816DD8C" lID="8C91DF29-04AA-6FFC-F158-C8C6CDCD7169" lT="0" rID="AE0E11DE-56C6-EF44-60CB-340CF816DD8C" rT="4">
<containedMappings>
<Mg class="oracle.dbtools.crest.model.xtdmapping.RelMapping" id="B8827536-5734EEFF4E0948398CC5-1311FEA5EAFE" lID="B8827536-6B16-F6EA-A9E0-5734EEFF4E09" rID="48398CC5-1EFA-36B5-1A6A-1311FEA5EAFE"/>
</containedMappings>
</CM>
<CM class="oracle.dbtools.crest.model.xtdmapping.ContainerMapping" id="9810EFA6-477AF93E75E198DF769E-C18EA72174F3" lID="9810EFA6-57DE-9A18-A909-477AF93E75E1" lT="0" rID="98DF769E-F531-DCC2-21F2-C18EA72174F3" rT="4">
<containedMappings>
<Mg class="oracle.dbtools.crest.model.xtdmapping.RelMapping" id="0819AFB1-796F95D7D011B5F108AE-F0CA90BFD846" lID="0819AFB1-8CE7-AD09-7870-796F95D7D011" rID="B5F108AE-E866-514E-60B5-F0CA90BFD846"/>
<Mg class="oracle.dbtools.crest.model.xtdmapping.RelMapping" id="13C00F57-46AFB316F8705B951B67-752149D3AF6A" lID="13C00F57-B708-2966-6A15-46AFB316F870" rID="5B951B67-8CF4-3485-1B08-752149D3AF6A"/>
</containedMappings>
</CM>
<CM class="oracle.dbtools.crest.model.xtdmapping.ContainerMapping" id="C07EE354-0AEF2F7C09D3C6EC949C-98094BF00BE8" lID="C07EE354-E2E7-6E1E-8B28-0AEF2F7C09D3" lT="3" rID="C6EC949C-A920-78F7-ECCF-98094BF00BE8" rT="4">
</CM>
<CM class="oracle.dbtools.crest.model.xtdmapping.ContainerMapping" id="E079E988-55CDB339F4F09054E2C5-0CC295670637" lID="E079E988-10B2-EF91-D23A-55CDB339F4F0" lT="0" rID="9054E2C5-A469-8ABE-8E41-0CC295670637" rT="4">
<containedMappings>
<Mg class="oracle.dbtools.crest.model.xtdmapping.RelMapping" id="B5E72183-936BE97BF6ADE5B453B6-8DAF7F73C0D6" lID="B5E72183-F3AA-F829-2967-936BE97BF6AD" rID="E5B453B6-9223-F1BB-79FA-8DAF7F73C0D6"/>
</containedMappings>
</CM>
<CM class="oracle.dbtools.crest.model.xtdmapping.ContainerMapping" id="FBD634A6-E88246F4A7F099004C3E-DB103C561238" lID="FBD634A6-1A64-3816-F39A-E88246F4A7F0" lT="0" rID="99004C3E-3B7B-715F-4E7C-DB103C561238" rT="4">
<containedMappings>
<Mg class="oracle.dbtools.crest.model.xtdmapping.RelMapping" id="75323E30-884A7BFB12A2CCFB56A8-0ACCC9AF70BA" lID="75323E30-6D21-6484-2147-884A7BFB12A2" rID="CCFB56A8-C967-7554-1B46-0ACCC9AF70BA"/>
</containedMappings>
</CM>
<CM class="oracle.dbtools.crest.model.xtdmapping.ContainerMapping" id="371EAE17-4B069C48F132FFB987A7-C24670E78B65" lID="371EAE17-6066-3F2E-5C05-4B069C48F132" lT="3" rID="FFB987A7-8C5A-2AC4-4264-C24670E78B65" rT="8">
</CM>
<CM class="oracle.dbtools.crest.model.xtdmapping.ContainerMapping" id="68E5A3DF-394DC68EC4B1BC14779E-9B2D8ADBDA91" lID="68E5A3DF-803D-C9C8-19D9-394DC68EC4B1" lT="10" rID="BC14779E-41F2-3C6B-49C6-9B2D8ADBDA91" rT="10">
</CM>
<CM class="oracle.dbtools.crest.model.xtdmapping.ContainerMapping" id="78DB8F05-1902C79F82F52E8BD6D0-55DC46C5732B" lID="78DB8F05-1F10-6D9E-C6C8-1902C79F82F5" lT="3" rID="2E8BD6D0-4B4C-18B5-C81D-55DC46C5732B" rT="8">
</CM>
<CM class="oracle.dbtools.crest.model.xtdmapping.ContainerMapping" id="860947A7-059CCA3E8F33D57EC915-31A62DB5C50D" lID="860947A7-66BC-DC28-138F-059CCA3E8F33" lT="3" rID="D57EC915-F7AB-63C9-BFD7-31A62DB5C50D" rT="8">
</CM>
<CM class="oracle.dbtools.crest.model.xtdmapping.ContainerMapping" id="C02BF4E9-E61909868BF8213117AF-6FF4FFC766B0" lID="C02BF4E9-22AD-C011-72C9-E61909868BF8" lT="3" rID="213117AF-2410-7296-9289-6FF4FFC766B0" rT="8">
</CM>
<CM class="oracle.dbtools.crest.model.xtdmapping.ContainerMapping" id="EC7E91B6-A52A18A283D6E8B8A2FD-DCECE857C023" lID="EC7E91B6-628D-2EE9-10EE-A52A18A283D6" lT="10" rID="E8B8A2FD-6709-43E9-C91F-DCECE857C023" rT="10">
</CM>
<CM class="oracle.dbtools.crest.model.xtdmapping.ContainerMapping" id="ED7D25C3-08FD912AEDC1A07B0CB0-EDA6126DE72E" lID="ED7D25C3-5A1B-5C07-DC6F-08FD912AEDC1" lT="3" rID="A07B0CB0-1A3C-0C77-086E-EDA6126DE72E" rT="8">
</CM>
<CM class="oracle.dbtools.crest.model.xtdmapping.ContainerMapping" id="FF3FD526-4134D40E026E3627E863-453BCDD77BFD" lID="FF3FD526-9814-2D78-C014-4134D40E026E" lT="10" rID="3627E863-6384-FFE6-F00E-453BCDD77BFD" rT="10">
</CM>
</mappings>
</RMExtendedMap>