<?xml version = '1.0' encoding = 'UTF-8'?>
<Table class="oracle.dbtools.crest.model.design.relational.Table" id="5CCBD097-32F4-2FBC-BD68-5B4B710E1BEB" directorySegmentName="seg_0" name="LineasPedido">
<createdBy>alumno</createdBy>
<createdTime>2012-11-20 20:11:45 UTC</createdTime>
<generatorID>E34D97C6-5D07-773B-9740-3E212857F3EF</generatorID>
<ownerDesignName>CatalogoMuebles</ownerDesignName>
<pkName>Key_1</pkName>
<fonts>
<FontObject class="oracle.dbtools.crest.model.design.FontObjectWr">
<foType>Título</foType>
<fontStyle>1</fontStyle>
<colorRGB>-16776961</colorRGB>
</FontObject>
<FontObject class="oracle.dbtools.crest.model.design.FontObjectWr">
<foType>Columna</foType>
<colorRGB>-16777216</colorRGB>
</FontObject>
<FontObject class="oracle.dbtools.crest.model.design.FontObjectWr">
<foType>Tipo de Dato</foType>
<colorRGB>-16744448</colorRGB>
</FontObject>
<FontObject class="oracle.dbtools.crest.model.design.FontObjectWr">
<foType>Elemento de Clave Primaria</foType>
<colorRGB>-16776961</colorRGB>
</FontObject>
<FontObject class="oracle.dbtools.crest.model.design.FontObjectWr">
<foType>Elemento de Clave Ajena</foType>
<colorRGB>-16777216</colorRGB>
</FontObject>
<FontObject class="oracle.dbtools.crest.model.design.FontObjectWr">
<foType>Elemento de Clave Única</foType>
<colorRGB>-16776961</colorRGB>
</FontObject>
<FontObject class="oracle.dbtools.crest.model.design.FontObjectWr">
<foType>No Nulo</foType>
<colorRGB>-65536</colorRGB>
</FontObject>
<FontObject class="oracle.dbtools.crest.model.design.FontObjectWr">
<foType>Clave</foType>
<colorRGB>-16777216</colorRGB>
</FontObject>
</fonts>
<columns>
<Column class="oracle.dbtools.crest.model.design.relational.Column" name="id" id="D789AB21-A2E2-A02B-0A3C-DA051AC26542">
<createdBy>alumno</createdBy>
<createdTime>2012-11-20 20:11:45 UTC</createdTime>
<generatorID>DD8736D1-E543-726B-FEB2-A82970480687</generatorID>
<ownerDesignName>CatalogoMuebles</ownerDesignName>
<useDomainConstraints>false</useDomainConstraints>
<use>1</use>
<logicalDatatype>LOGDT011</logicalDatatype>
<previousColumn>false</previousColumn>
<autoIncrementCycle>false</autoIncrementCycle>
</Column>
<Column class="oracle.dbtools.crest.model.design.relational.Column" name="cantidad" id="9A6238E9-5C94-285C-696A-809D7E8A7ABE">
<createdBy>alumno</createdBy>
<createdTime>2012-11-20 20:11:45 UTC</createdTime>
<generatorID>49131A9C-AFBB-BF80-192D-C38793F5A1D1</generatorID>
<ownerDesignName>CatalogoMuebles</ownerDesignName>
<nullsAllowed>true</nullsAllowed>
<useDomainConstraints>false</useDomainConstraints>
<use>1</use>
<logicalDatatype>LOGDT011</logicalDatatype>
<previousColumn>false</previousColumn>
<autoIncrementCycle>false</autoIncrementCycle>
</Column>
<Column class="oracle.dbtools.crest.model.design.relational.Column" name="id1" id="B2159B8F-8708-A34C-3367-8D5E578BC8D4">
<createdBy>alumno</createdBy>
<createdTime>2012-11-20 20:11:45 UTC</createdTime>
<generatorID>2EE95C1F-66BA-9B8F-3DE7-8A4598645CA4</generatorID>
<ownerDesignName>CatalogoMuebles</ownerDesignName>
<nullsAllowed>true</nullsAllowed>
<useDomainConstraints>false</useDomainConstraints>
<use>1</use>
<logicalDatatype>LOGDT011</logicalDatatype>
<delegate>AFAF06F9-A6EC-5672-3D8D-2B32F4EB6C1C</delegate>
<previousColumn>false</previousColumn>
<autoIncrementCycle>false</autoIncrementCycle>
<associations>
<colAssociation fkAssociation="0702BEB1-5A1C-4F6B-9E74-2970912751E8" referredColumn="AFAF06F9-A6EC-5672-3D8D-2B32F4EB6C1C"/>
</associations>
</Column>
<Column class="oracle.dbtools.crest.model.design.relational.Column" name="id2" id="BA4B366F-91FA-A36D-537E-FEC59278FC30">
<createdBy>alumno</createdBy>
<createdTime>2012-11-20 20:11:45 UTC</createdTime>
<generatorID>CE1D8881-A6CC-3291-CF56-F271B345CA04</generatorID>
<ownerDesignName>CatalogoMuebles</ownerDesignName>
<nullsAllowed>true</nullsAllowed>
<useDomainConstraints>false</useDomainConstraints>
<use>1</use>
<logicalDatatype>LOGDT011</logicalDatatype>
<delegate>FFEF1896-C156-37DD-B6B0-047E188527C7</delegate>
<previousColumn>false</previousColumn>
<autoIncrementCycle>false</autoIncrementCycle>
<associations>
<colAssociation fkAssociation="CEC04E4C-5188-C024-B944-FBD32EFCEFE3" referredColumn="FFEF1896-C156-37DD-B6B0-047E188527C7"/>
</associations>
</Column>
<Column class="oracle.dbtools.crest.model.design.relational.Column" name="id3" id="C64380CD-5570-29A3-2652-E180D9437733">
<createdBy>alumno</createdBy>
<createdTime>2012-11-20 20:11:45 UTC</createdTime>
<generatorID>78419E8C-29B2-8C28-A621-2F5562725792</generatorID>
<ownerDesignName>CatalogoMuebles</ownerDesignName>
<nullsAllowed>true</nullsAllowed>
<useDomainConstraints>false</useDomainConstraints>
<use>1</use>
<logicalDatatype>LOGDT011</logicalDatatype>
<delegate>1C74FA48-F8ED-29D1-B549-E04E6F463EED</delegate>
<previousColumn>false</previousColumn>
<autoIncrementCycle>false</autoIncrementCycle>
<associations>
<colAssociation fkAssociation="F1E4E332-BB26-AA78-15C9-F421F8C664CC" referredColumn="1C74FA48-F8ED-29D1-B549-E04E6F463EED"/>
</associations>
</Column>
<Column class="oracle.dbtools.crest.model.design.relational.Column" name="id4" id="1ECA4B70-30B9-299D-29CA-E6617747A1E1">
<createdBy>alumno</createdBy>
<createdTime>2012-11-20 20:11:45 UTC</createdTime>
<generatorID>6FBEEA7D-3F8D-FDDD-231A-A411BC3A9418</generatorID>
<ownerDesignName>CatalogoMuebles</ownerDesignName>
<nullsAllowed>true</nullsAllowed>
<useDomainConstraints>false</useDomainConstraints>
<use>1</use>
<logicalDatatype>LOGDT011</logicalDatatype>
<delegate>145A1071-CC8C-3ED7-6D65-AF4EFB152233</delegate>
<previousColumn>false</previousColumn>
<autoIncrementCycle>false</autoIncrementCycle>
<associations>
<colAssociation fkAssociation="3B9884C1-89E4-C7FF-E14C-54D19E3F58DE" referredColumn="145A1071-CC8C-3ED7-6D65-AF4EFB152233"/>
</associations>
</Column>
<Column class="oracle.dbtools.crest.model.design.relational.Column" name="id5" id="4C639504-B571-10BD-DB73-3703C91F0A81">
<createdBy>alumno</createdBy>
<createdTime>2012-11-20 20:11:45 UTC</createdTime>
<generatorID>FAA28120-6396-8CAB-00FE-65D28C0F462B</generatorID>
<ownerDesignName>CatalogoMuebles</ownerDesignName>
<nullsAllowed>true</nullsAllowed>
<useDomainConstraints>false</useDomainConstraints>
<use>1</use>
<logicalDatatype>LOGDT011</logicalDatatype>
<delegate>D41F7F74-D076-B4B6-18C7-74DB9AF0AEEE</delegate>
<previousColumn>false</previousColumn>
<autoIncrementCycle>false</autoIncrementCycle>
<associations>
<colAssociation fkAssociation="CC4106CB-F0C2-9AF1-D881-53FE6B7C19C4" referredColumn="D41F7F74-D076-B4B6-18C7-74DB9AF0AEEE"/>
</associations>
</Column>
</columns>
<indexes>
<ind_PK_UK class="oracle.dbtools.crest.model.design.relational.Index" id="FEAF67F0-2482-139E-BA80-65D26C087374" name="Key_1">
<createdBy>alumno</createdBy>
<createdTime>2012-11-20 20:11:45 UTC</createdTime>
<generatorID>718774BC-341E-19D4-6846-3E2BE00AA015</generatorID>
<ownerDesignName>CatalogoMuebles</ownerDesignName>
<pk>true</pk>
<indexState>Primary Constraint</indexState>
<indexColumnUsage>
<colUsage columnID="D789AB21-A2E2-A02B-0A3C-DA051AC26542"/>
</indexColumnUsage>
</ind_PK_UK>
<ind_PK_UK class="oracle.dbtools.crest.model.design.relational.Index" id="E72D0E5F-CD21-8743-ABDE-5C3CEE9F4599" name="Linea_tiene_Color">
<createdBy>alumno</createdBy>
<createdTime>2012-11-20 20:11:45 UTC</createdTime>
<generatorID>8BFF55C8-BCFF-783F-062F-1A1F32731BB9</generatorID>
<ownerDesignName>CatalogoMuebles</ownerDesignName>
<indexState>Foreign Key</indexState>
<indexColumnUsage>
<colUsage columnID="B2159B8F-8708-A34C-3367-8D5E578BC8D4"/>
</indexColumnUsage>
</ind_PK_UK>
<ind_PK_UK class="oracle.dbtools.crest.model.design.relational.Index" id="E0AB7322-09EF-B455-7F4A-D2891B7B1886" name="Linea_tiene_Cristal">
<createdBy>alumno</createdBy>
<createdTime>2012-11-20 20:11:45 UTC</createdTime>
<generatorID>5D40C36A-D99D-7366-E24A-B39741FBBF2F</generatorID>
<ownerDesignName>CatalogoMuebles</ownerDesignName>
<indexState>Foreign Key</indexState>
<indexColumnUsage>
<colUsage columnID="BA4B366F-91FA-A36D-537E-FEC59278FC30"/>
</indexColumnUsage>
</ind_PK_UK>
<ind_PK_UK class="oracle.dbtools.crest.model.design.relational.Index" id="C3E66F8D-FAC7-11B0-8887-DF03038DB542" name="Linea_tiene_Mueble">
<createdBy>alumno</createdBy>
<createdTime>2012-11-20 20:11:45 UTC</createdTime>
<generatorID>8F836634-632B-6777-9770-B36285D9055E</generatorID>
<ownerDesignName>CatalogoMuebles</ownerDesignName>
<indexState>Foreign Key</indexState>
<indexColumnUsage>
<colUsage columnID="1ECA4B70-30B9-299D-29CA-E6617747A1E1"/>
</indexColumnUsage>
</ind_PK_UK>
<ind_PK_UK class="oracle.dbtools.crest.model.design.relational.Index" id="8D598680-56D8-2CA7-891E-2309F51268C3" name="Linea_tiene_Terminacion">
<createdBy>alumno</createdBy>
<createdTime>2012-11-20 20:11:45 UTC</createdTime>
<generatorID>CAF201D9-114A-1FD5-B3E7-3CA989237D1C</generatorID>
<ownerDesignName>CatalogoMuebles</ownerDesignName>
<indexState>Foreign Key</indexState>
<indexColumnUsage>
<colUsage columnID="C64380CD-5570-29A3-2652-E180D9437733"/>
</indexColumnUsage>
</ind_PK_UK>
<ind_PK_UK class="oracle.dbtools.crest.model.design.relational.Index" id="D5A2663E-B557-EC53-56EA-5DC91E84EE39" name="Pedido_tiene_Linea">
<createdBy>alumno</createdBy>
<createdTime>2012-11-20 20:11:45 UTC</createdTime>
<generatorID>1CA61C2D-EFC6-6C8A-317F-15C15FCADEE7</generatorID>
<ownerDesignName>CatalogoMuebles</ownerDesignName>
<indexState>Foreign Key</indexState>
<indexColumnUsage>
<colUsage columnID="4C639504-B571-10BD-DB73-3703C91F0A81"/>
</indexColumnUsage>
</ind_PK_UK>
</indexes>
</Table>