<?xml version = '1.0' encoding = 'UTF-8'?>
<Table class="oracle.dbtools.crest.model.design.relational.Table" id="C4248EB5-3315-9F8A-3D43-6726AFA139B0" directorySegmentName="seg_0" name="Cristal_estaEn_Coleccion">
<createdBy>alumno</createdBy>
<createdTime>2012-11-20 20:11:45 UTC</createdTime>
<generatorID>Generado por el Usuario</generatorID>
<ownerDesignName>CatalogoMuebles</ownerDesignName>
<pkName>Cristal_estaEn_Coleccion__IDX</pkName>
<fonts>
<FontObject class="oracle.dbtools.crest.model.design.FontObjectWr">
<foType>Título</foType>
<fontStyle>1</fontStyle>
<colorRGB>-16776961</colorRGB>
</FontObject>
<FontObject class="oracle.dbtools.crest.model.design.FontObjectWr">
<foType>Columna</foType>
<colorRGB>-16777216</colorRGB>
</FontObject>
<FontObject class="oracle.dbtools.crest.model.design.FontObjectWr">
<foType>Tipo de Dato</foType>
<colorRGB>-16744448</colorRGB>
</FontObject>
<FontObject class="oracle.dbtools.crest.model.design.FontObjectWr">
<foType>Elemento de Clave Primaria</foType>
<colorRGB>-16776961</colorRGB>
</FontObject>
<FontObject class="oracle.dbtools.crest.model.design.FontObjectWr">
<foType>Elemento de Clave Ajena</foType>
<colorRGB>-16777216</colorRGB>
</FontObject>
<FontObject class="oracle.dbtools.crest.model.design.FontObjectWr">
<foType>Elemento de Clave Única</foType>
<colorRGB>-16776961</colorRGB>
</FontObject>
<FontObject class="oracle.dbtools.crest.model.design.FontObjectWr">
<foType>No Nulo</foType>
<colorRGB>-65536</colorRGB>
</FontObject>
<FontObject class="oracle.dbtools.crest.model.design.FontObjectWr">
<foType>Clave</foType>
<colorRGB>-16777216</colorRGB>
</FontObject>
</fonts>
<columns>
<Column class="oracle.dbtools.crest.model.design.relational.Column" name="Colecciones_id" id="7F08FCBD-78EB-35F3-AA0F-15B8CD242C3F">
<createdBy>alumno</createdBy>
<createdTime>2012-11-20 20:11:45 UTC</createdTime>
<generatorID>Generado por el Usuario</generatorID>
<ownerDesignName>CatalogoMuebles</ownerDesignName>
<useDomainConstraints>false</useDomainConstraints>
<use>1</use>
<logicalDatatype>LOGDT011</logicalDatatype>
<delegate>C733C70B-B9A1-0227-1C75-1CA14E31F179</delegate>
<previousColumn>false</previousColumn>
<autoIncrementCycle>false</autoIncrementCycle>
<associations>
<colAssociation fkAssociation="554560AC-5BFF-6392-CDD6-1ABBD6276706" referredColumn="C733C70B-B9A1-0227-1C75-1CA14E31F179"/>
</associations>
</Column>
<Column class="oracle.dbtools.crest.model.design.relational.Column" name="Cristales_id" id="737350D4-C4B8-C7CF-A3D9-691EE058028D">
<createdBy>alumno</createdBy>
<createdTime>2012-11-20 20:11:45 UTC</createdTime>
<generatorID>Generado por el Usuario</generatorID>
<ownerDesignName>CatalogoMuebles</ownerDesignName>
<useDomainConstraints>false</useDomainConstraints>
<use>1</use>
<logicalDatatype>LOGDT011</logicalDatatype>
<delegate>FFEF1896-C156-37DD-B6B0-047E188527C7</delegate>
<previousColumn>false</previousColumn>
<autoIncrementCycle>false</autoIncrementCycle>
<associations>
<colAssociation fkAssociation="287CB35C-2EA8-5AEA-03C5-8104FBD01DAA" referredColumn="FFEF1896-C156-37DD-B6B0-047E188527C7"/>
</associations>
</Column>
</columns>
<indexes>
<ind_PK_UK class="oracle.dbtools.crest.model.design.relational.Index" id="22F2CD6D-E4AA-7724-BDAB-9710259BB786" name="Cristal_estaEn_Coleccion__IDX">
<createdBy>alumno</createdBy>
<createdTime>2012-11-20 20:11:45 UTC</createdTime>
<generatorID>Generado por el Usuario</generatorID>
<ownerDesignName>CatalogoMuebles</ownerDesignName>
<pk>true</pk>
<indexState>Primary Constraint</indexState>
<indexColumnUsage>
<colUsage columnID="7F08FCBD-78EB-35F3-AA0F-15B8CD242C3F"/>
<colUsage columnID="737350D4-C4B8-C7CF-A3D9-691EE058028D"/>
</indexColumnUsage>
</ind_PK_UK>
<ind_PK_UK class="oracle.dbtools.crest.model.design.relational.Index" id="4DBBE30F-3B4C-161B-6555-415CFD4445E0" name="FK_ASS_3">
<createdBy>alumno</createdBy>
<createdTime>2012-11-20 20:11:45 UTC</createdTime>
<generatorID>2F4455F1-76AE-5E3F-E309-1C013812879B</generatorID>
<ownerDesignName>CatalogoMuebles</ownerDesignName>
<indexState>Foreign Key</indexState>
<indexColumnUsage>
<colUsage columnID="7F08FCBD-78EB-35F3-AA0F-15B8CD242C3F"/>
</indexColumnUsage>
</ind_PK_UK>
<ind_PK_UK class="oracle.dbtools.crest.model.design.relational.Index" id="540CC5FD-2407-6DBF-70F4-20322F571363" name="FK_ASS_4">
<createdBy>alumno</createdBy>
<createdTime>2012-11-20 20:11:45 UTC</createdTime>
<generatorID>2F4455F1-76AE-5E3F-E309-1C013812879B</generatorID>
<ownerDesignName>CatalogoMuebles</ownerDesignName>
<indexState>Foreign Key</indexState>
<indexColumnUsage>
<colUsage columnID="737350D4-C4B8-C7CF-A3D9-691EE058028D"/>
</indexColumnUsage>
</ind_PK_UK>
</indexes>
</Table>