<?xml version = '1.0' encoding = 'UTF-8'?>
<Table class="oracle.dbtools.crest.model.design.relational.Table" id="E47208EF-21AD-8645-FBA8-F19086A5A034" directorySegmentName="seg_0" name="Muebles">
<createdBy>alumno</createdBy>
<createdTime>2012-11-20 20:11:45 UTC</createdTime>
<generatorID>6B55F7C2-48F9-27D9-8FD8-52C96CA2528D</generatorID>
<ownerDesignName>CatalogoMuebles</ownerDesignName>
<pkName>Key_1</pkName>
<fonts>
<FontObject class="oracle.dbtools.crest.model.design.FontObjectWr">
<foType>Título</foType>
<fontStyle>1</fontStyle>
<colorRGB>-16776961</colorRGB>
</FontObject>
<FontObject class="oracle.dbtools.crest.model.design.FontObjectWr">
<foType>Columna</foType>
<colorRGB>-16777216</colorRGB>
</FontObject>
<FontObject class="oracle.dbtools.crest.model.design.FontObjectWr">
<foType>Tipo de Dato</foType>
<colorRGB>-16744448</colorRGB>
</FontObject>
<FontObject class="oracle.dbtools.crest.model.design.FontObjectWr">
<foType>Elemento de Clave Primaria</foType>
<colorRGB>-16776961</colorRGB>
</FontObject>
<FontObject class="oracle.dbtools.crest.model.design.FontObjectWr">
<foType>Elemento de Clave Ajena</foType>
<colorRGB>-16777216</colorRGB>
</FontObject>
<FontObject class="oracle.dbtools.crest.model.design.FontObjectWr">
<foType>Elemento de Clave Única</foType>
<colorRGB>-16776961</colorRGB>
</FontObject>
<FontObject class="oracle.dbtools.crest.model.design.FontObjectWr">
<foType>No Nulo</foType>
<colorRGB>-65536</colorRGB>
</FontObject>
<FontObject class="oracle.dbtools.crest.model.design.FontObjectWr">
<foType>Clave</foType>
<colorRGB>-16777216</colorRGB>
</FontObject>
</fonts>
<columns>
<Column class="oracle.dbtools.crest.model.design.relational.Column" name="id" id="145A1071-CC8C-3ED7-6D65-AF4EFB152233">
<createdBy>alumno</createdBy>
<createdTime>2012-11-20 20:11:45 UTC</createdTime>
<generatorID>625AA66B-5489-6794-53F7-465B3C595E2C</generatorID>
<ownerDesignName>CatalogoMuebles</ownerDesignName>
<useDomainConstraints>false</useDomainConstraints>
<use>1</use>
<logicalDatatype>LOGDT011</logicalDatatype>
<previousColumn>false</previousColumn>
<autoIncrementCycle>false</autoIncrementCycle>
</Column>
<Column class="oracle.dbtools.crest.model.design.relational.Column" name="alto" id="5D9D041C-249C-EE7D-1DA0-7B4DCEF3D089">
<createdBy>alumno</createdBy>
<createdTime>2012-11-20 20:11:45 UTC</createdTime>
<generatorID>D5B8FEA6-460D-2988-E1F7-1D314A1EEE89</generatorID>
<ownerDesignName>CatalogoMuebles</ownerDesignName>
<nullsAllowed>true</nullsAllowed>
<useDomainConstraints>false</useDomainConstraints>
<use>1</use>
<logicalDatatype>LOGDT011</logicalDatatype>
<previousColumn>false</previousColumn>
<autoIncrementCycle>false</autoIncrementCycle>
</Column>
<Column class="oracle.dbtools.crest.model.design.relational.Column" name="ancho" id="5CDB3FDA-3AED-8204-638A-A2C4A67CF7BE">
<createdBy>alumno</createdBy>
<createdTime>2012-11-20 20:11:45 UTC</createdTime>
<generatorID>540E6BB7-3A00-7D63-5DC8-0914714F63FB</generatorID>
<ownerDesignName>CatalogoMuebles</ownerDesignName>
<nullsAllowed>true</nullsAllowed>
<useDomainConstraints>false</useDomainConstraints>
<use>1</use>
<logicalDatatype>LOGDT011</logicalDatatype>
<previousColumn>false</previousColumn>
<autoIncrementCycle>false</autoIncrementCycle>
</Column>
<Column class="oracle.dbtools.crest.model.design.relational.Column" name="profundidad" id="28A220EA-92AE-E7D2-31E6-DA5F16F4B55E">
<createdBy>alumno</createdBy>
<createdTime>2012-11-20 20:11:45 UTC</createdTime>
<generatorID>20327F65-378F-019C-F722-B33C9AE78A0E</generatorID>
<ownerDesignName>CatalogoMuebles</ownerDesignName>
<nullsAllowed>true</nullsAllowed>
<useDomainConstraints>false</useDomainConstraints>
<use>1</use>
<logicalDatatype>LOGDT011</logicalDatatype>
<previousColumn>false</previousColumn>
<autoIncrementCycle>false</autoIncrementCycle>
</Column>
<Column class="oracle.dbtools.crest.model.design.relational.Column" name="precio" id="1EAB2D1A-48B2-9467-88D6-5A43AF076BCA">
<createdBy>alumno</createdBy>
<createdTime>2012-11-20 20:11:45 UTC</createdTime>
<generatorID>C34E47C1-3502-8254-50A0-7B817BDEE0E7</generatorID>
<ownerDesignName>CatalogoMuebles</ownerDesignName>
<nullsAllowed>true</nullsAllowed>
<useDomainConstraints>false</useDomainConstraints>
<use>1</use>
<logicalDatatype>LOGDT011</logicalDatatype>
<previousColumn>false</previousColumn>
<autoIncrementCycle>false</autoIncrementCycle>
</Column>
<Column class="oracle.dbtools.crest.model.design.relational.Column" name="id1" id="0544C261-95E4-C4D2-4719-188E9728E61E">
<createdBy>alumno</createdBy>
<createdTime>2012-11-20 20:11:45 UTC</createdTime>
<generatorID>FADFE220-4C93-7744-D82E-DBD305C0577F</generatorID>
<ownerDesignName>CatalogoMuebles</ownerDesignName>
<nullsAllowed>true</nullsAllowed>
<useDomainConstraints>false</useDomainConstraints>
<use>1</use>
<logicalDatatype>LOGDT011</logicalDatatype>
<delegate>799A84E9-4367-2050-3FF5-A5FF83CF720C</delegate>
<previousColumn>false</previousColumn>
<autoIncrementCycle>false</autoIncrementCycle>
<associations>
<colAssociation fkAssociation="3884E144-D902-A514-B8F7-806F0DEE6D61" referredColumn="799A84E9-4367-2050-3FF5-A5FF83CF720C"/>
</associations>
</Column>
<Column class="oracle.dbtools.crest.model.design.relational.Column" name="id2" id="F468DC3C-F932-228F-A7A9-2EE26FEF9F48">
<createdBy>alumno</createdBy>
<createdTime>2012-11-20 20:11:45 UTC</createdTime>
<generatorID>E5C85A29-D896-29F5-7A99-2BBA103CD38F</generatorID>
<ownerDesignName>CatalogoMuebles</ownerDesignName>
<nullsAllowed>true</nullsAllowed>
<useDomainConstraints>false</useDomainConstraints>
<use>1</use>
<logicalDatatype>LOGDT011</logicalDatatype>
<delegate>A537706B-2A74-BFC8-DBCF-10FEC1506BB3</delegate>
<previousColumn>false</previousColumn>
<autoIncrementCycle>false</autoIncrementCycle>
<associations>
<colAssociation fkAssociation="73EC4A76-5896-706D-81B3-9C3C61928F10" referredColumn="A537706B-2A74-BFC8-DBCF-10FEC1506BB3"/>
</associations>
</Column>
<Column class="oracle.dbtools.crest.model.design.relational.Column" name="id3" id="7493EDA4-EFAA-1CB2-D68B-21E6F7454A9D">
<createdBy>alumno</createdBy>
<createdTime>2012-11-20 20:11:45 UTC</createdTime>
<generatorID>CBDB6E2A-1DFD-CA2B-90B5-1BBF7E323CDD</generatorID>
<ownerDesignName>CatalogoMuebles</ownerDesignName>
<nullsAllowed>true</nullsAllowed>
<useDomainConstraints>false</useDomainConstraints>
<use>1</use>
<logicalDatatype>LOGDT011</logicalDatatype>
<delegate>C733C70B-B9A1-0227-1C75-1CA14E31F179</delegate>
<previousColumn>false</previousColumn>
<autoIncrementCycle>false</autoIncrementCycle>
<associations>
<colAssociation fkAssociation="0BC8B5D5-46CC-B86D-0CDD-A3E2FCB9E0E8" referredColumn="C733C70B-B9A1-0227-1C75-1CA14E31F179"/>
</associations>
</Column>
</columns>
<indexes>
<ind_PK_UK class="oracle.dbtools.crest.model.design.relational.Index" id="9AD2699C-FA7B-7866-1FF3-FD5D1308E8B3" name="Key_1">
<createdBy>alumno</createdBy>
<createdTime>2012-11-20 20:11:45 UTC</createdTime>
<generatorID>6ECA7130-F29F-26D3-9B35-1F70E466D2FF</generatorID>
<ownerDesignName>CatalogoMuebles</ownerDesignName>
<pk>true</pk>
<indexState>Primary Constraint</indexState>
<indexColumnUsage>
<colUsage columnID="145A1071-CC8C-3ED7-6D65-AF4EFB152233"/>
</indexColumnUsage>
</ind_PK_UK>
<ind_PK_UK class="oracle.dbtools.crest.model.design.relational.Index" id="A910C414-B537-EDDF-51CB-8EE0333A3EB4" name="Mueble_esDe_Ambiente">
<createdBy>alumno</createdBy>
<createdTime>2012-11-20 20:11:45 UTC</createdTime>
<generatorID>F5B788C2-CB0A-86C9-50BA-E101C345A51B</generatorID>
<ownerDesignName>CatalogoMuebles</ownerDesignName>
<indexState>Foreign Key</indexState>
<indexColumnUsage>
<colUsage columnID="F468DC3C-F932-228F-A7A9-2EE26FEF9F48"/>
</indexColumnUsage>
</ind_PK_UK>
<ind_PK_UK class="oracle.dbtools.crest.model.design.relational.Index" id="5A4FB25B-3661-8344-E4C0-C9952DE34205" name="Mueble_esDe_Tipo">
<createdBy>alumno</createdBy>
<createdTime>2012-11-20 20:11:45 UTC</createdTime>
<generatorID>5A854629-A63A-16DA-EE61-645E09C39066</generatorID>
<ownerDesignName>CatalogoMuebles</ownerDesignName>
<indexState>Foreign Key</indexState>
<indexColumnUsage>
<colUsage columnID="0544C261-95E4-C4D2-4719-188E9728E61E"/>
</indexColumnUsage>
</ind_PK_UK>
<ind_PK_UK class="oracle.dbtools.crest.model.design.relational.Index" id="15CE5631-8275-05AA-E5FC-0DD5DDD50052" name="Mueble_pertenece_Coleccion">
<createdBy>alumno</createdBy>
<createdTime>2012-11-20 20:11:45 UTC</createdTime>
<generatorID>B39D4D8F-97DD-7A15-E031-BCBE76484028</generatorID>
<ownerDesignName>CatalogoMuebles</ownerDesignName>
<indexState>Foreign Key</indexState>
<indexColumnUsage>
<colUsage columnID="7493EDA4-EFAA-1CB2-D68B-21E6F7454A9D"/>
</indexColumnUsage>
</ind_PK_UK>
</indexes>
</Table>