<?xml version = '1.0' encoding = 'UTF-8'?>
<RMExtendedMap class="oracle.dbtools.crest.model.xtdmapping.RMExtendedMap">
<mappings>
<CM class="oracle.dbtools.crest.model.xtdmapping.ContainerMapping" id="0E71514A-CA828D4E930D236CAEE4-24D8393CB212" lID="0E71514A-FB63-E1A1-581F-CA828D4E930D" lT="0" rID="236CAEE4-5BA5-F2C9-37D7-24D8393CB212" rT="4">
<containedMappings>
<Mg class="oracle.dbtools.crest.model.xtdmapping.RelMapping" id="3F0C58D5-EC09F452ED002EAFBD61-EA842B221696" lID="3F0C58D5-B22C-AE33-B82C-EC09F452ED00" rID="2EAFBD61-DB25-2AB9-E603-EA842B221696"/>
<Mg class="oracle.dbtools.crest.model.xtdmapping.RelMapping" id="AFBFC030-174FC13494349DB904F5-AFF051A39A05" lID="AFBFC030-9FB9-6FEA-9ACD-174FC1349434" lT="2" rID="9DB904F5-0DC3-F223-6D2A-AFF051A39A05" rT="7"/>
<Mg class="oracle.dbtools.crest.model.xtdmapping.RelMapping" id="FE757F91-D91630C72D6F62CB6CC4-AC4C8A98842B" lID="FE757F91-3C40-4ADA-26AF-D91630C72D6F" rID="62CB6CC4-BEE2-65F4-FD08-AC4C8A98842B"/>
</containedMappings>
</CM>
<CM class="oracle.dbtools.crest.model.xtdmapping.ContainerMapping" id="2090807A-4660247E3740DAC27FAC-7326AAAFF317" lID="2090807A-86C7-CBF2-6F5D-4660247E3740" lT="0" rID="DAC27FAC-4C5A-7EE1-5EA3-7326AAAFF317" rT="4">
<containedMappings>
<Mg class="oracle.dbtools.crest.model.xtdmapping.RelMapping" id="2019BB19-B89B994E64A59A086FA9-24C279370119" lID="2019BB19-4DA0-8075-5E72-B89B994E64A5" rID="9A086FA9-EA4F-65FD-6AE1-24C279370119"/>
<Mg class="oracle.dbtools.crest.model.xtdmapping.RelMapping" id="46E39C89-596234164D07A4582EF1-33298CCC2C11" lID="46E39C89-4F25-6F5C-EC9C-596234164D07" rID="A4582EF1-4EF2-7035-2FD2-33298CCC2C11"/>
<Mg class="oracle.dbtools.crest.model.xtdmapping.RelMapping" id="5A76173B-2E3E97667C33C67C74CE-82D8552CE090" lID="5A76173B-E676-A85C-DFB0-2E3E97667C33" rID="C67C74CE-13A0-3609-CF84-82D8552CE090"/>
<Mg class="oracle.dbtools.crest.model.xtdmapping.RelMapping" id="654C3B3E-DEC4C127EB37801AD0C0-0940379FA069" lID="654C3B3E-8650-5B8D-27A9-DEC4C127EB37" lT="2" rID="801AD0C0-431E-A632-4D96-0940379FA069" rT="7"/>
<Mg class="oracle.dbtools.crest.model.xtdmapping.RelMapping" id="95D64629-09322B201EF0189718C5-1041A645AD05" lID="95D64629-BEE6-A822-1755-09322B201EF0" rID="189718C5-A7AC-ADF6-80ED-1041A645AD05"/>
<Mg class="oracle.dbtools.crest.model.xtdmapping.RelMapping" id="A8CA432F-07F07BC42F65D3E44A1D-CEF47D473C19" lID="A8CA432F-A52B-ECEB-8307-07F07BC42F65" rID="D3E44A1D-754A-40B9-D11B-CEF47D473C19"/>
<Mg class="oracle.dbtools.crest.model.xtdmapping.RelMapping" id="B99023EB-838E20E113246F3C0C44-D3E6CDBA5EA9" lID="B99023EB-F050-C1D0-5FD5-838E20E11324" rID="6F3C0C44-251A-6151-781B-D3E6CDBA5EA9"/>
<Mg class="oracle.dbtools.crest.model.xtdmapping.RelMapping" id="F234472D-F9153B63F37B74617963-73A9CCE12D4B" lID="F234472D-F0C2-0406-81BB-F9153B63F37B" rID="74617963-D922-05F6-89A1-73A9CCE12D4B"/>
</containedMappings>
</CM>
<CM class="oracle.dbtools.crest.model.xtdmapping.ContainerMapping" id="239ED345-0194D09634F9558873D0-DD2194D06CF8" lID="239ED345-1325-5389-48AA-0194D09634F9" lT="3" rID="558873D0-9566-8DA2-E7C1-DD2194D06CF8" rT="4">
</CM>
<CM class="oracle.dbtools.crest.model.xtdmapping.ContainerMapping" id="27CE60AC-328564D93FFE86B8053D-B10C629CEED5" lID="27CE60AC-10FB-4771-AAC4-328564D93FFE" lT="0" rID="86B8053D-4AAC-8EC0-FD3A-B10C629CEED5" rT="4">
<containedMappings>
<Mg class="oracle.dbtools.crest.model.xtdmapping.RelMapping" id="6326AADE-4ED40B65B4AC885BD614-854C93076DE2" lID="6326AADE-DEAB-D54B-099F-4ED40B65B4AC" lT="2" rID="885BD614-F00A-99B4-9322-854C93076DE2" rT="7"/>
<Mg class="oracle.dbtools.crest.model.xtdmapping.RelMapping" id="7A3B0599-B004B3B752D72E5A92D9-45B305CBFA43" lID="7A3B0599-E12D-7B2E-167B-B004B3B752D7" rID="2E5A92D9-12FC-D6D0-45AA-45B305CBFA43"/>
<Mg class="oracle.dbtools.crest.model.xtdmapping.RelMapping" id="B18F5BC7-489CDE6AC10120074726-BB2DA901B81A" lID="B18F5BC7-E793-5CE9-E36E-489CDE6AC101" rID="20074726-1C00-2299-5E17-BB2DA901B81A"/>
</containedMappings>
</CM>
<CM class="oracle.dbtools.crest.model.xtdmapping.ContainerMapping" id="2A754CC6-BBBEAD87AE2865355ABD-415E4473EA29" lID="2A754CC6-1584-7A6E-58A1-BBBEAD87AE28" lT="0" rID="65355ABD-9EDE-A284-AD0B-415E4473EA29" rT="4">
<containedMappings>
<Mg class="oracle.dbtools.crest.model.xtdmapping.RelMapping" id="29074D02-DCB660CD7598722C31E5-B0012EDCC027" lID="29074D02-9D0B-2BBD-EA00-DCB660CD7598" rID="722C31E5-83FA-05A6-8942-B0012EDCC027"/>
<Mg class="oracle.dbtools.crest.model.xtdmapping.RelMapping" id="66054663-141A7983EB0EBCABFA07-7D90EE8D1EEB" lID="66054663-18A9-4128-3FEF-141A7983EB0E" rID="BCABFA07-3840-9734-45F5-7D90EE8D1EEB"/>
<Mg class="oracle.dbtools.crest.model.xtdmapping.RelMapping" id="C2E762B8-A57AB245D3DA3B63F1E7-3673682B31C6" lID="C2E762B8-59F5-9BC8-8FCF-A57AB245D3DA" rID="3B63F1E7-41D3-2B6D-FF7C-3673682B31C6"/>
<Mg class="oracle.dbtools.crest.model.xtdmapping.RelMapping" id="FCCBC601-4BD1DFC6FACFC01B08DD-7780C5263BFC" lID="FCCBC601-1A53-BB6A-58E6-4BD1DFC6FACF" rID="C01B08DD-62BC-DFA7-98D8-7780C5263BFC"/>
<Mg class="oracle.dbtools.crest.model.xtdmapping.RelMapping" id="FE45E347-4C050CFFED4437934E70-33FC19FD5B3C" lID="FE45E347-CA73-1A46-4247-4C050CFFED44" lT="2" rID="37934E70-CC66-593A-E49C-33FC19FD5B3C" rT="7"/>
</containedMappings>
</CM>
<CM class="oracle.dbtools.crest.model.xtdmapping.ContainerMapping" id="335FB04F-39314D8D61A2060004D9-A4FEEBFE92F6" lID="335FB04F-F65D-5E09-65DC-39314D8D61A2" lT="0" rID="060004D9-A357-C03B-3191-A4FEEBFE92F6" rT="4">
<containedMappings>
<Mg class="oracle.dbtools.crest.model.xtdmapping.RelMapping" id="2B4A12D8-C6CDA4BA19AB174523FD-06DE9223321A" lID="2B4A12D8-9957-F4BF-FCAC-C6CDA4BA19AB" rID="174523FD-F2A7-3522-F771-06DE9223321A"/>
<Mg class="oracle.dbtools.crest.model.xtdmapping.RelMapping" id="E4BD1044-2A36CFF15C4330EF4D2A-8E8B0F8A6381" lID="E4BD1044-0BE1-9B66-9C45-2A36CFF15C43" rID="30EF4D2A-F597-C695-9F4B-8E8B0F8A6381"/>
<Mg class="oracle.dbtools.crest.model.xtdmapping.RelMapping" id="EECC68A7-720E25D88CA4D13440AA-725A7940C76D" lID="EECC68A7-138B-A058-4FB7-720E25D88CA4" lT="2" rID="D13440AA-DD5D-2C88-0ACB-725A7940C76D" rT="7"/>
</containedMappings>
</CM>
<CM class="oracle.dbtools.crest.model.xtdmapping.ContainerMapping" id="3A77605B-E4B607BDC3B19CCDF5A9-25DAA97A3BD2" lID="3A77605B-5B65-5DBA-F348-E4B607BDC3B1" lT="0" rID="9CCDF5A9-9BC9-ABBF-673D-25DAA97A3BD2" rT="4">
<containedMappings>
<Mg class="oracle.dbtools.crest.model.xtdmapping.RelMapping" id="967C243C-69EC17F7B1DFEB5A9670-FC5E79921253" lID="967C243C-3D32-1EB4-F872-69EC17F7B1DF" rID="EB5A9670-DAA6-4237-A17E-FC5E79921253"/>
<Mg class="oracle.dbtools.crest.model.xtdmapping.RelMapping" id="ABEDD36A-BEFC8EA96CF176DF00F3-45BA6B678015" lID="ABEDD36A-537A-BB2E-FAC3-BEFC8EA96CF1" lT="2" rID="76DF00F3-128F-FE1A-4E5B-45BA6B678015" rT="7"/>
<Mg class="oracle.dbtools.crest.model.xtdmapping.RelMapping" id="FD3AEEE4-4A61468955053CBCD080-E305A486C404" lID="FD3AEEE4-21C0-7137-32D5-4A6146895505" rID="3CBCD080-818A-EC1F-6C0D-E305A486C404"/>
</containedMappings>
</CM>
<CM class="oracle.dbtools.crest.model.xtdmapping.ContainerMapping" id="48CC90DB-4D7251A2FBC6150B3A6E-B336B3A93D94" lID="48CC90DB-2CBE-30A8-C3D3-4D7251A2FBC6" lT="3" rID="150B3A6E-BC21-0BAC-3B8C-B336B3A93D94" rT="4">
</CM>
<CM class="oracle.dbtools.crest.model.xtdmapping.ContainerMapping" id="5BEB2AC7-D34C9E300359F3D1DB98-73878AA37B50" lID="5BEB2AC7-B5AA-AA3A-5432-D34C9E300359" lT="0" rID="F3D1DB98-10C3-4709-3EE3-73878AA37B50" rT="4">
<containedMappings>
<Mg class="oracle.dbtools.crest.model.xtdmapping.RelMapping" id="28FC6528-97EFBD7977E08118794D-7F9EE6D722AF" lID="28FC6528-9E3D-54AF-6C9E-97EFBD7977E0" rID="8118794D-9A15-21F8-046C-7F9EE6D722AF"/>
<Mg class="oracle.dbtools.crest.model.xtdmapping.RelMapping" id="5F4D75B6-49961F1713EEB02935D1-D1616CE06D0A" lID="5F4D75B6-D88F-FB0A-49E4-49961F1713EE" rID="B02935D1-F3D5-2529-5145-D1616CE06D0A"/>
<Mg class="oracle.dbtools.crest.model.xtdmapping.RelMapping" id="97D54109-B5D27175B4F54C2A3A50-5F17A8D61EC2" lID="97D54109-7E74-51E2-21DC-B5D27175B4F5" lT="2" rID="4C2A3A50-9239-BFFA-366C-5F17A8D61EC2" rT="7"/>
<Mg class="oracle.dbtools.crest.model.xtdmapping.RelMapping" id="991F1844-139BA164D6E863273D08-46D269387E69" lID="991F1844-004A-E5EF-6816-139BA164D6E8" rID="63273D08-BC7D-D869-590F-46D269387E69"/>
<Mg class="oracle.dbtools.crest.model.xtdmapping.RelMapping" id="9D4A5F12-DBB7C61C7FCDCB317930-AFBE566588F5" lID="9D4A5F12-DAFB-7E24-65AF-DBB7C61C7FCD" rID="CB317930-B89F-87F2-26C4-AFBE566588F5"/>
<Mg class="oracle.dbtools.crest.model.xtdmapping.RelMapping" id="CB93D8E3-4004C4DA2A96FE7976B5-9FDDB450C7A3" lID="CB93D8E3-9F2D-3D7D-2B86-4004C4DA2A96" rID="FE7976B5-D435-2A1F-A60F-9FDDB450C7A3"/>
<Mg class="oracle.dbtools.crest.model.xtdmapping.RelMapping" id="F90F05DA-3A991F23E5ACC210AC30-F6944667277A" lID="F90F05DA-F59B-6F9C-0740-3A991F23E5AC" rID="C210AC30-DA8F-46A1-3C44-F6944667277A"/>
</containedMappings>
</CM>
<CM class="oracle.dbtools.crest.model.xtdmapping.ContainerMapping" id="A70BEFDB-E08FF447CD63A5326A7E-1006AB48BA07" lID="A70BEFDB-81B5-6CD2-E074-E08FF447CD63" lT="0" rID="A5326A7E-0158-896F-AB7C-1006AB48BA07" rT="4">
<containedMappings>
<Mg class="oracle.dbtools.crest.model.xtdmapping.RelMapping" id="63D57197-9D307ADDA42570EA7F19-26325AAEA263" lID="63D57197-BCBB-9700-C4C2-9D307ADDA425" lT="2" rID="70EA7F19-2A65-FADC-7838-26325AAEA263" rT="7"/>
<Mg class="oracle.dbtools.crest.model.xtdmapping.RelMapping" id="6CFBD569-5C6A99ABE9858096BEC1-6E8A4DD73A80" lID="6CFBD569-9D8D-7CD8-D555-5C6A99ABE985" rID="8096BEC1-5F43-8D66-188D-6E8A4DD73A80"/>
<Mg class="oracle.dbtools.crest.model.xtdmapping.RelMapping" id="7E6F85CB-BBAA37CACE4B7E5A0D60-ABAD57CDFDEB" lID="7E6F85CB-48E1-37DB-CBC5-BBAA37CACE4B" rID="7E5A0D60-7250-5D0A-1021-ABAD57CDFDEB"/>
<Mg class="oracle.dbtools.crest.model.xtdmapping.RelMapping" id="960DB464-AECA0CFD0AFAFEA59575-F85528C25B75" lID="960DB464-27EC-7522-8996-AECA0CFD0AFA" rID="FEA59575-AFBC-2A5B-832E-F85528C25B75"/>
<Mg class="oracle.dbtools.crest.model.xtdmapping.RelMapping" id="A9115168-8AFFEED2685954048DAF-4DB7EEBDE655" lID="A9115168-B689-6F1E-6583-8AFFEED26859" rID="54048DAF-6FBB-0F24-8E4D-4DB7EEBDE655"/>
<Mg class="oracle.dbtools.crest.model.xtdmapping.RelMapping" id="E8AB4854-2279B50523EE84885905-CD806D5BB02D" lID="E8AB4854-74A9-0A52-F7BE-2279B50523EE" rID="84885905-0132-5D23-DD8A-CD806D5BB02D"/>
</containedMappings>
</CM>
<CM class="oracle.dbtools.crest.model.xtdmapping.ContainerMapping" id="BC380C76-1464390C7F02169D95CC-C58606E1FE57" lID="BC380C76-0863-4D99-7CBC-1464390C7F02" lT="0" rID="169D95CC-0A2C-6525-034F-C58606E1FE57" rT="4">
<containedMappings>
<Mg class="oracle.dbtools.crest.model.xtdmapping.RelMapping" id="8C86E8E5-6F1413F511B800BC7BAF-E1B641D9BF26" lID="8C86E8E5-9C16-8DA1-C47E-6F1413F511B8" rID="00BC7BAF-FA82-8566-E14F-E1B641D9BF26"/>
<Mg class="oracle.dbtools.crest.model.xtdmapping.RelMapping" id="DFC47F2A-23653E058037618DB338-C20AA5109771" lID="DFC47F2A-735C-E46C-340E-23653E058037" lT="2" rID="618DB338-731D-4EF4-73F4-C20AA5109771" rT="7"/>
<Mg class="oracle.dbtools.crest.model.xtdmapping.RelMapping" id="FB0B2269-BD4EB1C3507FB3B40B45-48D078565DD4" lID="FB0B2269-92FB-710C-213C-BD4EB1C3507F" rID="B3B40B45-27BF-F17F-0A84-48D078565DD4"/>
</containedMappings>
</CM>
<CM class="oracle.dbtools.crest.model.xtdmapping.ContainerMapping" id="C3B48714-E7E886632D8965A37ABC-4B4D9F607901" lID="C3B48714-6E12-7A82-1C4E-E7E886632D89" lT="0" rID="65A37ABC-1491-4881-E41A-4B4D9F607901" rT="4">
<containedMappings>
<Mg class="oracle.dbtools.crest.model.xtdmapping.RelMapping" id="811EA54E-2A3D5AB6CB3B45AE6F1D-C26E31254E94" lID="811EA54E-925D-B24C-284D-2A3D5AB6CB3B" lT="2" rID="45AE6F1D-B6B2-9346-7115-C26E31254E94" rT="7"/>
<Mg class="oracle.dbtools.crest.model.xtdmapping.RelMapping" id="C018D096-5C1537FADB503F1CEF19-8B59A86F72FE" lID="C018D096-531D-3EB5-C799-5C1537FADB50" rID="3F1CEF19-195F-5C5B-C0D7-8B59A86F72FE"/>
<Mg class="oracle.dbtools.crest.model.xtdmapping.RelMapping" id="E8B5CF94-E9EE679191D57507C5C6-11E9F645B150" lID="E8B5CF94-3962-B3C7-B50A-E9EE679191D5" rID="7507C5C6-A961-C938-26E4-11E9F645B150"/>
</containedMappings>
</CM>
<CM class="oracle.dbtools.crest.model.xtdmapping.ContainerMapping" id="D026F18E-8E43D81DDBD5CF6E6E51-CE7A67CEEE7B" lID="D026F18E-CC6E-1DA2-2D0C-8E43D81DDBD5" lT="3" rID="CF6E6E51-E2D0-F14C-90B3-CE7A67CEEE7B" rT="4">
</CM>
<CM class="oracle.dbtools.crest.model.xtdmapping.ContainerMapping" id="EBCAD05A-CB3CA080E6249854424C-923C0F02AF8B" lID="EBCAD05A-5B4F-E0FF-E476-CB3CA080E624" lT="0" rID="9854424C-2ECC-6D0B-18EB-923C0F02AF8B" rT="4">
<containedMappings>
<Mg class="oracle.dbtools.crest.model.xtdmapping.RelMapping" id="6C9D85BD-409698ECFC074F3341E3-EA964A197652" lID="6C9D85BD-89D2-8EF7-D136-409698ECFC07" rID="4F3341E3-02C8-515C-7E0F-EA964A197652"/>
<Mg class="oracle.dbtools.crest.model.xtdmapping.RelMapping" id="924D9C86-C19A0099FB3F1D728FCD-DF3924C6435F" lID="924D9C86-CB26-667C-03D0-C19A0099FB3F" lT="2" rID="1D728FCD-CA41-33D8-2FD1-DF3924C6435F" rT="7"/>
<Mg class="oracle.dbtools.crest.model.xtdmapping.RelMapping" id="EF22D5CE-4425F329CD13E0529EB6-196E6C13F5C7" lID="EF22D5CE-94FB-130D-CFF0-4425F329CD13" rID="E0529EB6-D4B6-F1D3-A9F0-196E6C13F5C7"/>
</containedMappings>
</CM>
<CM class="oracle.dbtools.crest.model.xtdmapping.ContainerMapping" id="FF10B233-429E8259C4AA719D50F0-B75401115C3F" lID="FF10B233-66C7-7702-49D7-429E8259C4AA" lT="3" rID="719D50F0-0BBA-6DDD-96D9-B75401115C3F" rT="4">
</CM>
<CM class="oracle.dbtools.crest.model.xtdmapping.ContainerMapping" id="0A53920F-A1390A21AA903574CF2D-2022A307830C" lID="0A53920F-2B3E-42AB-6DD2-A1390A21AA90" lT="3" rID="3574CF2D-FC53-9A75-087E-2022A307830C" rT="8">
</CM>
<CM class="oracle.dbtools.crest.model.xtdmapping.ContainerMapping" id="0ECE9A3C-156346AFAFED1D80F765-034FB0625925" lID="0ECE9A3C-1045-68AF-0964-156346AFAFED" lT="3" rID="1D80F765-09F6-2694-3D3E-034FB0625925" rT="8">
</CM>
<CM class="oracle.dbtools.crest.model.xtdmapping.ContainerMapping" id="337B0372-DB45707C0FCBB372D528-097267433833" lID="337B0372-D11E-87C2-A99D-DB45707C0FCB" lT="3" rID="B372D528-289A-6FEA-5A08-097267433833" rT="8">
</CM>
<CM class="oracle.dbtools.crest.model.xtdmapping.ContainerMapping" id="6147AAFF-47E9B19FAE63149FE8E2-63F28DEA777E" lID="6147AAFF-6E4C-F50F-71A3-47E9B19FAE63" lT="3" rID="149FE8E2-11AC-4667-45D1-63F28DEA777E" rT="8">
</CM>
<CM class="oracle.dbtools.crest.model.xtdmapping.ContainerMapping" id="64CE9200-6D48139C2173C667E5F4-B3C7979F7649" lID="64CE9200-88C5-015B-1E26-6D48139C2173" lT="3" rID="C667E5F4-6225-EE7F-9CE7-B3C7979F7649" rT="8">
</CM>
<CM class="oracle.dbtools.crest.model.xtdmapping.ContainerMapping" id="7A89500D-650DEC47CA81913AAC61-C0F1DBEF85B4" lID="7A89500D-5374-9C87-D434-650DEC47CA81" lT="3" rID="913AAC61-0D54-5005-38DD-C0F1DBEF85B4" rT="8">
</CM>
<CM class="oracle.dbtools.crest.model.xtdmapping.ContainerMapping" id="9E2700F5-43FCFB489D49DBE0C006-0D2A5EA72A8B" lID="9E2700F5-C312-BD1D-D4AE-43FCFB489D49" lT="3" rID="DBE0C006-825A-5E68-BB37-0D2A5EA72A8B" rT="8">
</CM>
<CM class="oracle.dbtools.crest.model.xtdmapping.ContainerMapping" id="AA20B48D-7D4DFA7346E3390D4A3E-824F255D5FE4" lID="AA20B48D-4D80-9365-09A0-7D4DFA7346E3" lT="3" rID="390D4A3E-ABAA-4947-ABB6-824F255D5FE4" rT="8">
</CM>
<CM class="oracle.dbtools.crest.model.xtdmapping.ContainerMapping" id="C774676F-6DE85C0BBD8458A5DA49-33FCD498A847" lID="C774676F-26CC-9C7D-28AA-6DE85C0BBD84" lT="3" rID="58A5DA49-65FB-0DBF-FF56-33FCD498A847" rT="8">
</CM>
</mappings>
</RMExtendedMap>