<?xml version = '1.0' encoding = 'UTF-8'?>
<Table class="oracle.dbtools.crest.model.design.relational.Table" id="C1AF58FA-866A-5235-C860-8FBB1B083F44" directorySegmentName="seg_0" name="Coleccion_Cristal">
<createdBy>alumno</createdBy>
<createdTime>2012-10-17 21:34:21 UTC</createdTime>
<generatorID>Generado por el Usuario</generatorID>
<ownerDesignName>ejercicio_datamodeler</ownerDesignName>
<pkName>Coleccion_Cristal__IDX</pkName>
<fonts>
<FontObject class="oracle.dbtools.crest.model.design.FontObjectWr">
<foType>Título</foType>
<fontStyle>1</fontStyle>
<colorRGB>-16776961</colorRGB>
</FontObject>
<FontObject class="oracle.dbtools.crest.model.design.FontObjectWr">
<foType>Columna</foType>
<colorRGB>-16777216</colorRGB>
</FontObject>
<FontObject class="oracle.dbtools.crest.model.design.FontObjectWr">
<foType>Tipo de Dato</foType>
<colorRGB>-16744448</colorRGB>
</FontObject>
<FontObject class="oracle.dbtools.crest.model.design.FontObjectWr">
<foType>Elemento de Clave Primaria</foType>
<colorRGB>-16776961</colorRGB>
</FontObject>
<FontObject class="oracle.dbtools.crest.model.design.FontObjectWr">
<foType>Elemento de Clave Ajena</foType>
<colorRGB>-16777216</colorRGB>
</FontObject>
<FontObject class="oracle.dbtools.crest.model.design.FontObjectWr">
<foType>Elemento de Clave Única</foType>
<colorRGB>-16776961</colorRGB>
</FontObject>
<FontObject class="oracle.dbtools.crest.model.design.FontObjectWr">
<foType>No Nulo</foType>
<colorRGB>-65536</colorRGB>
</FontObject>
<FontObject class="oracle.dbtools.crest.model.design.FontObjectWr">
<foType>Clave</foType>
<colorRGB>-16777216</colorRGB>
</FontObject>
</fonts>
<columns>
<Column class="oracle.dbtools.crest.model.design.relational.Column" name="Coleccion_nombre_coleccion" id="BC1290A8-ED8B-8BBB-FABA-40FCBCBB4FD9">
<createdBy>alumno</createdBy>
<createdTime>2012-10-17 21:34:21 UTC</createdTime>
<generatorID>Generado por el Usuario</generatorID>
<ownerDesignName>ejercicio_datamodeler</ownerDesignName>
<useDomainConstraints>false</useDomainConstraints>
<use>1</use>
<logicalDatatype>LOGDT024</logicalDatatype>
<delegate>BBD77A17-C155-9BA4-A357-5EAE875ABCDA</delegate>
<previousColumn>false</previousColumn>
<autoIncrementCycle>false</autoIncrementCycle>
<associations>
<colAssociation fkAssociation="F8BF049A-E6A1-C543-AC9F-81AC207618F3" referredColumn="BBD77A17-C155-9BA4-A357-5EAE875ABCDA"/>
</associations>
</Column>
<Column class="oracle.dbtools.crest.model.design.relational.Column" name="Cristal_tipo_cristal" id="273B08D2-CCF1-7AFA-DC1A-5B1A0C2F4921">
<createdBy>alumno</createdBy>
<createdTime>2012-10-17 21:34:21 UTC</createdTime>
<generatorID>Generado por el Usuario</generatorID>
<ownerDesignName>ejercicio_datamodeler</ownerDesignName>
<useDomainConstraints>false</useDomainConstraints>
<use>1</use>
<logicalDatatype>LOGDT024</logicalDatatype>
<dataTypeSize>50</dataTypeSize>
<delegate>95C1E8E3-7933-9387-EDAD-F3AF37C26473</delegate>
<previousColumn>false</previousColumn>
<autoIncrementCycle>false</autoIncrementCycle>
<associations>
<colAssociation fkAssociation="529CD176-B1AE-D15D-0B92-8F2CF1B603A1" referredColumn="95C1E8E3-7933-9387-EDAD-F3AF37C26473"/>
</associations>
</Column>
</columns>
<indexes>
<ind_PK_UK class="oracle.dbtools.crest.model.design.relational.Index" id="94030375-EB82-BC1E-747A-8CC7808DB972" name="Coleccion_Cristal__IDX">
<createdBy>alumno</createdBy>
<createdTime>2012-10-17 21:34:21 UTC</createdTime>
<generatorID>Generado por el Usuario</generatorID>
<ownerDesignName>ejercicio_datamodeler</ownerDesignName>
<pk>true</pk>
<indexState>Primary Constraint</indexState>
<indexColumnUsage>
<colUsage columnID="BC1290A8-ED8B-8BBB-FABA-40FCBCBB4FD9"/>
<colUsage columnID="273B08D2-CCF1-7AFA-DC1A-5B1A0C2F4921"/>
</indexColumnUsage>
</ind_PK_UK>
<ind_PK_UK class="oracle.dbtools.crest.model.design.relational.Index" id="E8169C65-5F8C-8CCE-4E5D-129B1C9352A2" name="FK_ASS_3">
<createdBy>alumno</createdBy>
<createdTime>2012-10-17 21:34:21 UTC</createdTime>
<generatorID>B67C15CA-CE38-C94C-77D9-58552FB3A57F</generatorID>
<ownerDesignName>ejercicio_datamodeler</ownerDesignName>
<indexState>Foreign Key</indexState>
<indexColumnUsage>
<colUsage columnID="BC1290A8-ED8B-8BBB-FABA-40FCBCBB4FD9"/>
</indexColumnUsage>
</ind_PK_UK>
<ind_PK_UK class="oracle.dbtools.crest.model.design.relational.Index" id="C213B523-C9B3-96AF-F383-B467CE7D5255" name="FK_ASS_4">
<createdBy>alumno</createdBy>
<createdTime>2012-10-17 21:34:21 UTC</createdTime>
<generatorID>B67C15CA-CE38-C94C-77D9-58552FB3A57F</generatorID>
<ownerDesignName>ejercicio_datamodeler</ownerDesignName>
<indexState>Foreign Key</indexState>
<indexColumnUsage>
<colUsage columnID="273B08D2-CCF1-7AFA-DC1A-5B1A0C2F4921"/>
</indexColumnUsage>
</ind_PK_UK>
</indexes>
</Table>