<?xml version = '1.0' encoding = 'UTF-8'?>
<relationalModel class="oracle.dbtools.crest.model.design.relational.RelationalDesign" name="Relational_1" id="1B7894CA-33C8-47D7-243F-0E9653CEA5D3" mainViewID="E77A296D-9E5D-3045-A16B-F4A249FA43FA">
<createdBy>alumno</createdBy>
<createdTime>2012-10-17 18:48:24 UTC</createdTime>
<generatorID>Generado por el Usuario</generatorID>
<ownerDesignName>Muebles</ownerDesignName>
<shouldBeOpen>false</shouldBeOpen>
<selectedRDBMSSite>32076570-2523-435C-2E92-BF29817DFF70</selectedRDBMSSite>
</relationalModel>