<?xml version = '1.0' encoding = 'UTF-8'?>
<Diagram class="oracle.dbtools.crest.swingui.relational.DPVRelational" name="Relational_1" id="1687D6E3-645B-E253-1277-6CA030925EC5">
<createdBy>alumno</createdBy>
<createdTime>2012-10-17 20:21:03 UTC</createdTime>
<autoRoute>false</autoRoute>
<boxInbox>true</boxInbox>
<showLegend>false</showLegend>
<showLabels>false</showLabels>
<showGrid>false</showGrid>
<diagramColor>-1</diagramColor>
<display>false</display>
<notation>1</notation>
<objectViews>
<OView class="oracle.dbtools.crest.swingui.relational.TVTable" oid="0660D4CE-7CB1-31BE-ACEB-407EE307CD4A" otype="Table" vid="D2E37C54-0CBB-25DF-8887-708E1D464D8E">
<bounds x="200" y="350" width="170" height="110"/>
</OView>
<OView class="oracle.dbtools.crest.swingui.relational.TVTable" oid="1F188F22-8794-BB40-511F-F2C773795ED7" otype="Table" vid="AE61C942-8D72-5E94-9AC2-D879C732B012">
<bounds x="164" y="300" width="92" height="86"/>
<generatorID>E8D081FB-4EDD-7798-CB0C-7EBA8D7889E6</generatorID>
</OView>
<OView class="oracle.dbtools.crest.swingui.relational.TVTable" oid="21D3D528-9CE9-4EFF-9694-F4456C408D2C" otype="Table" vid="E9DF0485-449C-B410-FFCA-605702DAB6E1">
<bounds x="403" y="146" width="90" height="105"/>
<generatorID>67F1DF06-3C46-B942-6C46-7D21DA201A27</generatorID>
</OView>
<OView class="oracle.dbtools.crest.swingui.relational.TVTable" oid="27FB0992-8D12-5333-B30D-7B4A542D4982" otype="Table" vid="2942EDF0-EF8A-9600-FB95-1E154DC70B38">
<bounds x="197" y="21" width="104" height="129"/>
<generatorID>46806AB6-7489-28E7-35D7-04D69683A9AD</generatorID>
</OView>
<OView class="oracle.dbtools.crest.swingui.relational.TVTable" oid="4C36D322-CF34-AA3D-9797-7006860DD4E3" otype="Table" vid="7DF30457-4D74-77FB-4161-0DA85F0E21B1">
<bounds x="18" y="288" width="93" height="88"/>
<generatorID>0EDB406B-B3E0-0238-A373-A92E313D51CC</generatorID>
</OView>
<OView class="oracle.dbtools.crest.swingui.relational.TVTable" oid="5576AD64-AAB7-A0D4-03E9-576B094FD67D" otype="Table" vid="B6E059E1-3573-E1A6-A1CC-9C9F1240FCCD">
<bounds x="270" y="490" width="170" height="110"/>
</OView>
<OView class="oracle.dbtools.crest.swingui.relational.TVTable" oid="6864A326-00B7-5A72-6D68-B0085C4ACBF6" otype="Table" vid="A0A9A616-58CC-ACDC-775F-22409E18B653">
<bounds x="515" y="55" width="106" height="87"/>
<generatorID>6CB2B16B-6307-C699-5BF7-9E58AB4637D6</generatorID>
</OView>
<OView class="oracle.dbtools.crest.swingui.relational.TVTable" oid="885EBFE8-6E1E-E0A8-4441-E4FFA0637D44" otype="Table" vid="E6F65764-4231-4AFD-5C88-5A74E7576523">
<bounds x="317" y="289" width="101" height="100"/>
<generatorID>3293BDC7-8F49-C7FB-77AA-14CB2A6E62DB</generatorID>
</OView>
<OView class="oracle.dbtools.crest.swingui.relational.TVTable" oid="8E52047A-A89D-1335-2919-0D4C411834BF" otype="Table" vid="BF1C6B84-9F8C-93B9-361E-CE9C6A84D565">
<bounds x="328" y="20" width="80" height="91"/>
<generatorID>363154F0-B907-1E75-6C0C-45CEFA1955BF</generatorID>
</OView>
<OView class="oracle.dbtools.crest.swingui.relational.TVTable" oid="C1AF58FA-866A-5235-C860-8FBB1B083F44" otype="Table" vid="B0B7F55F-DD11-359D-AF3A-1C44726D302A">
<bounds x="170" y="290" width="170" height="110"/>
</OView>
<OView class="oracle.dbtools.crest.swingui.relational.TVTable" oid="DF7BC3E8-A586-0927-CC59-65CF9F102D56" otype="Table" vid="DEA1A5E7-A7C6-DAA2-5772-9A131B1EF478">
<bounds x="45" y="40" width="96" height="121"/>
<generatorID>CA36761C-5075-46BC-5AAA-B5FF2B9200C6</generatorID>
</OView>
<OView class="oracle.dbtools.crest.swingui.relational.TVTable" oid="E0352990-9995-3A1B-9209-C1660693575B" otype="Table" vid="DC9BFF3F-EE0B-DE58-12EA-FD30699CFC04">
<bounds x="518" y="269" width="85" height="119"/>
<generatorID>7208ED29-5A6C-7ECC-AFC4-164591E86B6C</generatorID>
</OView>
<OView class="oracle.dbtools.crest.swingui.relational.TVTable" oid="F6CA4A4B-D2ED-0B17-4332-4DBDF54DA494" otype="Table" vid="090B26E5-9047-9B27-55BE-10DF0734EDFA">
<bounds x="140" y="230" width="170" height="110"/>
</OView>
</objectViews>
<connectors>
<Connector class="oracle.dbtools.crest.swingui.relational.TVFKRelation" oid="0AF89CFA-4198-6890-585D-D8665CF0CC13" otype="FKIndexAssociation" vid_source="AE61C942-8D72-5E94-9AC2-D879C732B012" vid_target="7DF30457-4D74-77FB-4161-0DA85F0E21B1">
<lineWidth>1</lineWidth>
<points>
<point x="256" y="300"/>
<point x="111" y="288"/>
</points>
</Connector>
<Connector class="oracle.dbtools.crest.swingui.relational.TVFKRelation" oid="28E848A3-F6F3-46B4-6A9A-C83C160A30B9" otype="FKIndexAssociation" vid_source="DC9BFF3F-EE0B-DE58-12EA-FD30699CFC04" vid_target="E6F65764-4231-4AFD-5C88-5A74E7576523">
<lineWidth>1</lineWidth>
<points>
<point x="518" y="269"/>
<point x="317" y="289"/>
</points>
</Connector>
<Connector class="oracle.dbtools.crest.swingui.relational.TVFKRelation" oid="2EE6F692-F697-34BC-0FFD-86D2840ED254" otype="FKIndexAssociation" vid_source="DC9BFF3F-EE0B-DE58-12EA-FD30699CFC04" vid_target="090B26E5-9047-9B27-55BE-10DF0734EDFA">
<lineWidth>1</lineWidth>
<points>
<point x="518" y="269"/>
<point x="140" y="245"/>
</points>
</Connector>
<Connector class="oracle.dbtools.crest.swingui.relational.TVFKRelation" oid="3253B92E-860C-3E90-6045-F22FFDD5278C" otype="FKIndexAssociation" vid_source="DEA1A5E7-A7C6-DAA2-5772-9A131B1EF478" vid_target="B6E059E1-3573-E1A6-A1CC-9C9F1240FCCD">
<lineWidth>1</lineWidth>
<points>
<point x="135" y="161"/>
<point x="355" y="490"/>
</points>
</Connector>
<Connector class="oracle.dbtools.crest.swingui.relational.TVFKRelation" oid="38D4198D-9DA8-7627-E03C-E45CC8C2F1F1" otype="FKIndexAssociation" vid_source="E9DF0485-449C-B410-FFCA-605702DAB6E1" vid_target="E6F65764-4231-4AFD-5C88-5A74E7576523">
<lineWidth>1</lineWidth>
<points>
<point x="403" y="225"/>
<point x="317" y="289"/>
</points>
</Connector>
<Connector class="oracle.dbtools.crest.swingui.relational.TVFKRelation" oid="529CD176-B1AE-D15D-0B92-8F2CF1B603A1" otype="FKIndexAssociation" vid_source="BF1C6B84-9F8C-93B9-361E-CE9C6A84D565" vid_target="B0B7F55F-DD11-359D-AF3A-1C44726D302A">
<lineWidth>1</lineWidth>
<points>
<point x="328" y="111"/>
<point x="220" y="290"/>
</points>
</Connector>
<Connector class="oracle.dbtools.crest.swingui.relational.TVFKRelation" oid="5FE5C8AC-7F53-938B-526F-211B28581A7A" otype="FKIndexAssociation" vid_source="DEA1A5E7-A7C6-DAA2-5772-9A131B1EF478" vid_target="E6F65764-4231-4AFD-5C88-5A74E7576523">
<lineWidth>1</lineWidth>
<points>
<point x="141" y="161"/>
<point x="317" y="289"/>
</points>
</Connector>
<Connector class="oracle.dbtools.crest.swingui.relational.TVFKRelation" oid="65A74970-249F-4A10-AA53-F87540DF38A5" otype="FKIndexAssociation" vid_source="A0A9A616-58CC-ACDC-775F-22409E18B653" vid_target="090B26E5-9047-9B27-55BE-10DF0734EDFA">
<lineWidth>1</lineWidth>
<points>
<point x="515" y="142"/>
<point x="190" y="230"/>
</points>
</Connector>
<Connector class="oracle.dbtools.crest.swingui.relational.TVFKRelation" oid="89FF4C7A-6FFD-D364-B023-7D75EA7B4B47" otype="FKIndexAssociation" vid_source="E9DF0485-449C-B410-FFCA-605702DAB6E1" vid_target="D2E37C54-0CBB-25DF-8887-708E1D464D8E">
<lineWidth>1</lineWidth>
<points>
<point x="403" y="240"/>
<point x="230" y="350"/>
</points>
</Connector>
<Connector class="oracle.dbtools.crest.swingui.relational.TVFKRelation" oid="BAD6FC21-D9B5-CEE0-D067-78748E36DD15" otype="FKIndexAssociation" vid_source="2942EDF0-EF8A-9600-FB95-1E154DC70B38" vid_target="B6E059E1-3573-E1A6-A1CC-9C9F1240FCCD">
<lineWidth>1</lineWidth>
<points>
<point x="197" y="150"/>
<point x="355" y="490"/>
</points>
</Connector>
<Connector class="oracle.dbtools.crest.swingui.relational.TVFKRelation" oid="C0E3C98F-AA8E-4CB0-6FC1-C806F23807E6" otype="FKIndexAssociation" vid_source="BF1C6B84-9F8C-93B9-361E-CE9C6A84D565" vid_target="E6F65764-4231-4AFD-5C88-5A74E7576523">
<lineWidth>1</lineWidth>
<points>
<point x="328" y="111"/>
<point x="317" y="289"/>
</points>
</Connector>
<Connector class="oracle.dbtools.crest.swingui.relational.TVFKRelation" oid="C8A7AF00-7C79-2755-707F-F9C931EB6493" otype="FKIndexAssociation" vid_source="A0A9A616-58CC-ACDC-775F-22409E18B653" vid_target="D2E37C54-0CBB-25DF-8887-708E1D464D8E">
<lineWidth>1</lineWidth>
<points>
<point x="515" y="142"/>
<point x="220" y="350"/>
</points>
</Connector>
<Connector class="oracle.dbtools.crest.swingui.relational.TVFKRelation" oid="EC883635-0307-80F1-ACF4-5459F642D42B" otype="FKIndexAssociation" vid_source="AE61C942-8D72-5E94-9AC2-D879C732B012" vid_target="E6F65764-4231-4AFD-5C88-5A74E7576523">
<lineWidth>1</lineWidth>
<points>
<point x="164" y="300"/>
<point x="317" y="289"/>
</points>
</Connector>
<Connector class="oracle.dbtools.crest.swingui.relational.TVFKRelation" oid="F8BF049A-E6A1-C543-AC9F-81AC207618F3" otype="FKIndexAssociation" vid_source="A0A9A616-58CC-ACDC-775F-22409E18B653" vid_target="B0B7F55F-DD11-359D-AF3A-1C44726D302A">
<lineWidth>1</lineWidth>
<points>
<point x="515" y="142"/>
<point x="205" y="290"/>
</points>
</Connector>
</connectors>
</Diagram>