<?xml version = '1.0' encoding = 'UTF-8'?>
<RMExtendedMap class="oracle.dbtools.crest.model.xtdmapping.RMExtendedMap">
<mappings>
<CM class="oracle.dbtools.crest.model.xtdmapping.ContainerMapping" id="37E74B8A-5FFFB13600BB8C145621-85B8DE9F4170" lID="37E74B8A-236A-F7BA-3EC8-5FFFB13600BB" lT="0" rID="8C145621-C37F-BFDF-BCE3-85B8DE9F4170" rT="4">
<containedMappings>
<Mg class="oracle.dbtools.crest.model.xtdmapping.RelMapping" id="7DDCC7BE-86141156017DF95C8E34-35EB96358A89" lID="7DDCC7BE-533F-D008-1566-86141156017D" rID="F95C8E34-9547-7CCE-0FF1-35EB96358A89"/>
<Mg class="oracle.dbtools.crest.model.xtdmapping.RelMapping" id="D209FAAA-322CAFF265B16FA76794-9A246FA2EA5B" lID="D209FAAA-C600-B563-AB5B-322CAFF265B1" rID="6FA76794-4651-9E29-57A8-9A246FA2EA5B"/>
<Mg class="oracle.dbtools.crest.model.xtdmapping.RelMapping" id="FDEA6B09-36878EB5CBAC2FB5FF26-9D00762F855F" lID="FDEA6B09-6CCD-2A90-38F9-36878EB5CBAC" lT="2" rID="2FB5FF26-6546-0377-95A9-9D00762F855F" rT="7"/>
</containedMappings>
</CM>
<CM class="oracle.dbtools.crest.model.xtdmapping.ContainerMapping" id="39D6FCEF-D0B3A813E3A6A502BB3E-7F55D25DC6C3" lID="39D6FCEF-148C-D067-C6F7-D0B3A813E3A6" lT="0" rID="A502BB3E-90DD-E57B-3C12-7F55D25DC6C3" rT="4">
<containedMappings>
<Mg class="oracle.dbtools.crest.model.xtdmapping.RelMapping" id="24B1B009-F7AF7C6EFA6513B1D006-3C7DC83E8360" lID="24B1B009-8440-995B-EFC9-F7AF7C6EFA65" rID="13B1D006-78FA-66F9-170A-3C7DC83E8360"/>
<Mg class="oracle.dbtools.crest.model.xtdmapping.RelMapping" id="D55CDCA4-31FE9BF5D09B0DA89655-B2B5014AB05E" lID="D55CDCA4-C95C-22DA-A312-31FE9BF5D09B" lT="2" rID="0DA89655-6193-F53B-C26A-B2B5014AB05E" rT="7"/>
<Mg class="oracle.dbtools.crest.model.xtdmapping.RelMapping" id="F99E38A6-6E033CC5C93421DFEDAB-0E33A0DD10AE" lID="F99E38A6-789B-AAC8-CD8F-6E033CC5C934" rID="21DFEDAB-716C-3A19-E5EF-0E33A0DD10AE"/>
</containedMappings>
</CM>
<CM class="oracle.dbtools.crest.model.xtdmapping.ContainerMapping" id="53CFBA8A-F7BF38E7D14C6D3A9CB5-F75EAB6258C3" lID="53CFBA8A-8204-D35D-3C0F-F7BF38E7D14C" lT="0" rID="6D3A9CB5-7136-C8EE-155F-F75EAB6258C3" rT="4">
<containedMappings>
<Mg class="oracle.dbtools.crest.model.xtdmapping.RelMapping" id="3DE45272-51771A82C84DBBC9C7B9-521930965064" lID="3DE45272-E3AF-F5B8-BACC-51771A82C84D" lT="2" rID="BBC9C7B9-576D-80FB-3A21-521930965064" rT="7"/>
<Mg class="oracle.dbtools.crest.model.xtdmapping.RelMapping" id="86EB5553-DDD2643D436AA6148D39-CA91302E59DE" lID="86EB5553-2703-51C5-97A1-DDD2643D436A" rID="A6148D39-EFBF-5EFC-DEC3-CA91302E59DE"/>
<Mg class="oracle.dbtools.crest.model.xtdmapping.RelMapping" id="D32842EB-0F132301717AB0C213EC-72FA9B89A68D" lID="D32842EB-1019-DE00-B5C9-0F132301717A" rID="B0C213EC-5813-656C-0348-72FA9B89A68D"/>
</containedMappings>
</CM>
<CM class="oracle.dbtools.crest.model.xtdmapping.ContainerMapping" id="6F448F5F-F3647E3EC0F71E743003-A99BF33BF84E" lID="6F448F5F-37A6-B55A-8C04-F3647E3EC0F7" lT="0" rID="1E743003-579C-C955-0AB0-A99BF33BF84E" rT="4">
<containedMappings>
<Mg class="oracle.dbtools.crest.model.xtdmapping.RelMapping" id="2792F4FD-85274273D062879AE305-DF1D62DD2190" lID="2792F4FD-CDDA-AA8C-630B-85274273D062" rID="879AE305-DC84-B89A-246D-DF1D62DD2190"/>
<Mg class="oracle.dbtools.crest.model.xtdmapping.RelMapping" id="4FE8BA82-0335C822D5CF743A9C9A-E1D9D81B4BD0" lID="4FE8BA82-A66F-6E1D-A5AA-0335C822D5CF" lT="2" rID="743A9C9A-66B4-9A6F-46A9-E1D9D81B4BD0" rT="7"/>
<Mg class="oracle.dbtools.crest.model.xtdmapping.RelMapping" id="71B4D829-874AAC2B0180CC6D58C8-02BC0215D5F8" lID="71B4D829-F906-B360-30DD-874AAC2B0180" rID="CC6D58C8-D351-DB63-5A92-02BC0215D5F8"/>
</containedMappings>
</CM>
<CM class="oracle.dbtools.crest.model.xtdmapping.ContainerMapping" id="71F2457D-61AE1FD521A38C2E6C3C-2FF6A4B41D44" lID="71F2457D-6DAA-FCB0-3BA2-61AE1FD521A3" lT="3" rID="8C2E6C3C-2420-A875-DB51-2FF6A4B41D44" rT="4">
</CM>
<CM class="oracle.dbtools.crest.model.xtdmapping.ContainerMapping" id="78E00641-EFF32D67044742FAC413-09BD68FB469A" lID="78E00641-036E-41AB-4D6D-EFF32D670447" lT="3" rID="42FAC413-0886-C9ED-C286-09BD68FB469A" rT="4">
</CM>
<CM class="oracle.dbtools.crest.model.xtdmapping.ContainerMapping" id="792149F2-A2DE944B4539FC24E0D5-184B1EF38D1F" lID="792149F2-4033-5278-016F-A2DE944B4539" lT="0" rID="FC24E0D5-7111-74D4-BC52-184B1EF38D1F" rT="4">
<containedMappings>
<Mg class="oracle.dbtools.crest.model.xtdmapping.RelMapping" id="35D6B228-CA60FB958A057347449A-A6EEC51FD235" lID="35D6B228-A6BD-077B-5EE6-CA60FB958A05" lT="2" rID="7347449A-0787-BAFD-1101-A6EEC51FD235" rT="7"/>
<Mg class="oracle.dbtools.crest.model.xtdmapping.RelMapping" id="A18A424E-5C0853549C60A86EEEBE-610348A4FC15" lID="A18A424E-96DB-3646-8B7E-5C0853549C60" rID="A86EEEBE-D569-25C0-F014-610348A4FC15"/>
<Mg class="oracle.dbtools.crest.model.xtdmapping.RelMapping" id="D409649D-0CB3BE7748950B9080DA-D660DB9ADBBB" lID="D409649D-5B25-3BD4-8973-0CB3BE774895" rID="0B9080DA-B041-27E7-401A-D660DB9ADBBB"/>
</containedMappings>
</CM>
<CM class="oracle.dbtools.crest.model.xtdmapping.ContainerMapping" id="7EC028C8-9BC0FB23721AE5A45259-8AA18953F3D3" lID="7EC028C8-6FF6-24A3-4531-9BC0FB23721A" lT="3" rID="E5A45259-D3A2-3FDA-EF31-8AA18953F3D3" rT="4">
</CM>
<CM class="oracle.dbtools.crest.model.xtdmapping.ContainerMapping" id="95E41147-312EEE87FE75C13D4992-9A3EE9A494A3" lID="95E41147-0302-7CB8-9B65-312EEE87FE75" lT="0" rID="C13D4992-BB9E-A58A-BD0F-9A3EE9A494A3" rT="4">
<containedMappings>
<Mg class="oracle.dbtools.crest.model.xtdmapping.RelMapping" id="2801C923-00CE00F46F3E2FD7DAB1-B789AC36004D" lID="2801C923-C956-5AD0-24B2-00CE00F46F3E" rID="2FD7DAB1-D93B-DF64-5AC8-B789AC36004D"/>
<Mg class="oracle.dbtools.crest.model.xtdmapping.RelMapping" id="7E154C6E-02D6A48E101128A19208-A5E0E372FBB9" lID="7E154C6E-E3CC-7696-4020-02D6A48E1011" rID="28A19208-974D-1FFF-010C-A5E0E372FBB9"/>
<Mg class="oracle.dbtools.crest.model.xtdmapping.RelMapping" id="B73031FA-E072F8225D36F925CC91-68D8667D6CCB" lID="B73031FA-714E-9CBC-87A4-E072F8225D36" lT="2" rID="F925CC91-4CB0-D5C4-A64A-68D8667D6CCB" rT="7"/>
<Mg class="oracle.dbtools.crest.model.xtdmapping.RelMapping" id="CDD53353-E9F2BEB79423F9BD5D58-2BAB31FC6BA1" lID="CDD53353-D2F8-6634-EC00-E9F2BEB79423" rID="F9BD5D58-4C15-448B-AE32-2BAB31FC6BA1"/>
<Mg class="oracle.dbtools.crest.model.xtdmapping.RelMapping" id="D269B2BC-0CC65FDACCF0AC4F7CB6-D7AB5B742A5E" lID="D269B2BC-FEED-31DA-B925-0CC65FDACCF0" rID="AC4F7CB6-1FB9-5608-9443-D7AB5B742A5E"/>
</containedMappings>
</CM>
<CM class="oracle.dbtools.crest.model.xtdmapping.ContainerMapping" id="9F56375E-6151A0142E67CCFA7628-0A810F1574C3" lID="9F56375E-7CA6-EDB7-98C4-6151A0142E67" lT="0" rID="CCFA7628-9929-C927-779A-0A810F1574C3" rT="4">
<containedMappings>
<Mg class="oracle.dbtools.crest.model.xtdmapping.RelMapping" id="3615F763-6904A64884E658601357-84D07FFC321F" lID="3615F763-0CD9-0F97-D408-6904A64884E6" lT="2" rID="58601357-0D51-80A3-EB7A-84D07FFC321F" rT="7"/>
<Mg class="oracle.dbtools.crest.model.xtdmapping.RelMapping" id="410D5F6B-AE1298DE23A7CC49DC0A-B50A25E6B14F" lID="410D5F6B-E2F1-B90A-D6F0-AE1298DE23A7" rID="CC49DC0A-6372-0E0F-0AE5-B50A25E6B14F"/>
<Mg class="oracle.dbtools.crest.model.xtdmapping.RelMapping" id="A5097075-93AAC04A6ECBCE26C485-579BF6CF330B" lID="A5097075-7725-AC5F-8C76-93AAC04A6ECB" rID="CE26C485-070E-FB3D-DA50-579BF6CF330B"/>
</containedMappings>
</CM>
<CM class="oracle.dbtools.crest.model.xtdmapping.ContainerMapping" id="A8DBD1E7-C8C29BF3A6450FF2C78A-BB6FA418CECE" lID="A8DBD1E7-D658-48F3-A9BD-C8C29BF3A645" lT="3" rID="0FF2C78A-7B05-12B6-9764-BB6FA418CECE" rT="4">
</CM>
<CM class="oracle.dbtools.crest.model.xtdmapping.ContainerMapping" id="A92B4E50-1B346AFF342C39ED0DCF-553F601C841B" lID="A92B4E50-BAC8-545F-EA8F-1B346AFF342C" lT="0" rID="39ED0DCF-2A9A-5EBE-64AF-553F601C841B" rT="4">
<containedMappings>
<Mg class="oracle.dbtools.crest.model.xtdmapping.RelMapping" id="0A572414-D07A07B53D82D6633B2A-94B068A44E5C" lID="0A572414-6F8D-B9C3-B828-D07A07B53D82" rID="D6633B2A-7522-5797-9D7B-94B068A44E5C"/>
<Mg class="oracle.dbtools.crest.model.xtdmapping.RelMapping" id="3CC2A406-77881240FBA7C3753D4F-E85B0CD8F9F4" lID="3CC2A406-1C13-6C39-9B47-77881240FBA7" rID="C3753D4F-4938-8FBF-89F1-E85B0CD8F9F4"/>
<Mg class="oracle.dbtools.crest.model.xtdmapping.RelMapping" id="5A6ECD10-C825782360269ECE978D-E35FB5DAAFF9" lID="5A6ECD10-D22B-31DA-F339-C82578236026" rID="9ECE978D-9109-426F-F561-E35FB5DAAFF9"/>
<Mg class="oracle.dbtools.crest.model.xtdmapping.RelMapping" id="81CFF632-292306F67E40E8637191-84926A050667" lID="81CFF632-7899-FB60-196F-292306F67E40" rID="E8637191-17F9-C2ED-73E2-84926A050667"/>
<Mg class="oracle.dbtools.crest.model.xtdmapping.RelMapping" id="8340107F-A2FEAD0884C0FAEAFD0C-74D55CE318E5" lID="8340107F-2E07-8337-4064-A2FEAD0884C0" rID="FAEAFD0C-650B-4ED1-174F-74D55CE318E5"/>
<Mg class="oracle.dbtools.crest.model.xtdmapping.RelMapping" id="97D08AD1-353ED3A2C960EEA104E0-BFE968B87085" lID="97D08AD1-AEE2-63A6-1361-353ED3A2C960" lT="2" rID="EEA104E0-C7D0-E5F5-6587-BFE968B87085" rT="7"/>
<Mg class="oracle.dbtools.crest.model.xtdmapping.RelMapping" id="CD671C4E-B802ECE5D0B4EB0F4C32-A87B21568128" lID="CD671C4E-2AFF-13BC-D0D9-B802ECE5D0B4" rID="EB0F4C32-F697-922C-5736-A87B21568128"/>
<Mg class="oracle.dbtools.crest.model.xtdmapping.RelMapping" id="CFF7E4D8-5AFC901A71CFF5C4BB29-B95D7F38BB80" lID="CFF7E4D8-FF9D-C2AC-C87B-5AFC901A71CF" rID="F5C4BB29-123F-46FB-0EDA-B95D7F38BB80"/>
<Mg class="oracle.dbtools.crest.model.xtdmapping.RelMapping" id="E8803F3E-87DD6DDEF0FCC28E3ECD-0438AB914AEE" lID="E8803F3E-5CDF-4837-5564-87DD6DDEF0FC" rID="C28E3ECD-255C-9BF7-465A-0438AB914AEE"/>
<Mg class="oracle.dbtools.crest.model.xtdmapping.RelMapping" id="FE17D3BD-AC15D478CD78AB9F4AE6-51025EA4BC1B" lID="FE17D3BD-8ECB-1E00-B3AF-AC15D478CD78" rID="AB9F4AE6-4F8C-27E9-8198-51025EA4BC1B"/>
</containedMappings>
</CM>
<CM class="oracle.dbtools.crest.model.xtdmapping.ContainerMapping" id="AFD3E280-88117827E85230579A67-5FFC89337597" lID="AFD3E280-6B11-0CC0-79A4-88117827E852" lT="0" rID="30579A67-0FF5-2E51-DFCC-5FFC89337597" rT="4">
<containedMappings>
<Mg class="oracle.dbtools.crest.model.xtdmapping.RelMapping" id="1339B145-ED83B7C6241B94DE9EAE-B143512D28C7" lID="1339B145-23E6-E7FE-A966-ED83B7C6241B" rID="94DE9EAE-7D86-3B5C-D3CB-B143512D28C7"/>
<Mg class="oracle.dbtools.crest.model.xtdmapping.RelMapping" id="3548CAD5-C1EF746315EC305CF5F7-04466F484118" lID="3548CAD5-28CF-52F8-282C-C1EF746315EC" rID="305CF5F7-3FD2-BBAC-572E-04466F484118"/>
<Mg class="oracle.dbtools.crest.model.xtdmapping.RelMapping" id="3A95B160-93D9B4A58B127007DBB7-BDECC3316706" lID="3A95B160-1651-8450-A159-93D9B4A58B12" rID="7007DBB7-04E2-D214-85AF-BDECC3316706"/>
<Mg class="oracle.dbtools.crest.model.xtdmapping.RelMapping" id="705FCD2B-37A685CF929A071A266B-656CD930F278" lID="705FCD2B-987E-C33E-5C35-37A685CF929A" rID="071A266B-7914-5FC2-D3DE-656CD930F278"/>
<Mg class="oracle.dbtools.crest.model.xtdmapping.RelMapping" id="763DE37D-99C824C70B79A1BA4E43-618BD07E1F6B" lID="763DE37D-EA25-3259-2047-99C824C70B79" lT="2" rID="A1BA4E43-38A8-8386-2CF7-618BD07E1F6B" rT="7"/>
<Mg class="oracle.dbtools.crest.model.xtdmapping.RelMapping" id="B0286AF8-FF0A45D2CF21F1B3A1CE-A5487E86C5B2" lID="B0286AF8-F769-33DF-66A5-FF0A45D2CF21" rID="F1B3A1CE-0F1C-095E-E616-A5487E86C5B2"/>
<Mg class="oracle.dbtools.crest.model.xtdmapping.RelMapping" id="E19CC3DB-AB8482F619EF579A14B9-B8EDF3CCE43C" lID="E19CC3DB-B5FC-ADA1-DFED-AB8482F619EF" rID="579A14B9-4148-0F1B-531C-B8EDF3CCE43C"/>
</containedMappings>
</CM>
<CM class="oracle.dbtools.crest.model.xtdmapping.ContainerMapping" id="B7A70637-9AE67939A3C8269CE8ED-6D575BA768CE" lID="B7A70637-F9AC-43FD-204A-9AE67939A3C8" lT="0" rID="269CE8ED-7C6B-A82E-6378-6D575BA768CE" rT="4">
<containedMappings>
<Mg class="oracle.dbtools.crest.model.xtdmapping.RelMapping" id="53E21420-9DB1C07C2E836DD5159A-1FAA0687B9F5" lID="53E21420-8835-7007-C3E3-9DB1C07C2E83" lT="2" rID="6DD5159A-E532-BE24-6852-1FAA0687B9F5" rT="7"/>
<Mg class="oracle.dbtools.crest.model.xtdmapping.RelMapping" id="D0C8957B-1AFB78C51C55AE3F5C94-E882900E283E" lID="D0C8957B-6191-0A36-7AE7-1AFB78C51C55" rID="AE3F5C94-0E94-BC10-AAD0-E882900E283E"/>
<Mg class="oracle.dbtools.crest.model.xtdmapping.RelMapping" id="F306F676-2CA656DA8B5D8EC89246-04D82F8F2A57" lID="F306F676-F411-4189-F82F-2CA656DA8B5D" rID="8EC89246-B273-E34C-CCB1-04D82F8F2A57"/>
</containedMappings>
</CM>
<CM class="oracle.dbtools.crest.model.xtdmapping.ContainerMapping" id="C5A462C3-1AE170FDCAA4B2E2F5B1-E5829D263E0F" lID="C5A462C3-2FC0-66CB-2240-1AE170FDCAA4" lT="0" rID="B2E2F5B1-278D-F955-7016-E5829D263E0F" rT="4">
<containedMappings>
<Mg class="oracle.dbtools.crest.model.xtdmapping.RelMapping" id="519F8700-77CC1A882F991B283C83-8C0556E1D662" lID="519F8700-7BF9-29D7-1146-77CC1A882F99" lT="2" rID="1B283C83-77B7-BC24-CB9F-8C0556E1D662" rT="7"/>
<Mg class="oracle.dbtools.crest.model.xtdmapping.RelMapping" id="8E47662B-0ACEF9CD64705EDDF2C8-917D5ADFA4F6" lID="8E47662B-4A25-A30B-5457-0ACEF9CD6470" rID="5EDDF2C8-B6A6-74C0-A902-917D5ADFA4F6"/>
<Mg class="oracle.dbtools.crest.model.xtdmapping.RelMapping" id="AA68835C-EDCFF1B5742FD68E0C3E-AE45738CF3DB" lID="AA68835C-0CFA-7234-8012-EDCFF1B5742F" rID="D68E0C3E-474F-84C6-C273-AE45738CF3DB"/>
</containedMappings>
</CM>
<CM class="oracle.dbtools.crest.model.xtdmapping.ContainerMapping" id="318CFED6-7A27DD239AD090E343B6-072798F22011" lID="318CFED6-3C11-7545-93F4-7A27DD239AD0" lT="3" rID="90E343B6-7946-BAFB-B3FA-072798F22011" rT="8">
</CM>
<CM class="oracle.dbtools.crest.model.xtdmapping.ContainerMapping" id="41112069-75A175068DD9C0069F43-8AA02502FDA6" lID="41112069-34B0-F283-9B5F-75A175068DD9" lT="3" rID="C0069F43-1319-C898-5F20-8AA02502FDA6" rT="8">
</CM>
<CM class="oracle.dbtools.crest.model.xtdmapping.ContainerMapping" id="590EA8DA-131CBAF53F1D18BE75D5-25A4CE223BA9" lID="590EA8DA-81AC-8991-CB6B-131CBAF53F1D" lT="3" rID="18BE75D5-C11E-333F-61B9-25A4CE223BA9" rT="8">
</CM>
<CM class="oracle.dbtools.crest.model.xtdmapping.ContainerMapping" id="6EF80AB7-42B18E752B82B53107E1-BA432E417ABE" lID="6EF80AB7-916F-387E-27CF-42B18E752B82" lT="3" rID="B53107E1-5A96-4610-4094-BA432E417ABE" rT="8">
</CM>
<CM class="oracle.dbtools.crest.model.xtdmapping.ContainerMapping" id="82146703-AAACA1E3D640487E5E79-A6DFEEB47802" lID="82146703-D965-40CA-6A14-AAACA1E3D640" lT="3" rID="487E5E79-B52B-E517-0660-A6DFEEB47802" rT="8">
</CM>
<CM class="oracle.dbtools.crest.model.xtdmapping.ContainerMapping" id="8CC8CFD5-0D58D4AD54CAAD77C03F-B5947CDE779C" lID="8CC8CFD5-F6D6-9B35-CD03-0D58D4AD54CA" lT="3" rID="AD77C03F-BF10-BBC0-2B44-B5947CDE779C" rT="8">
</CM>
<CM class="oracle.dbtools.crest.model.xtdmapping.ContainerMapping" id="95BAEB1F-9D375BB923827120C7FE-D288B890FFF8" lID="95BAEB1F-B344-96FF-04F5-9D375BB92382" lT="3" rID="7120C7FE-53D2-26C3-BA0A-D288B890FFF8" rT="8">
</CM>
<CM class="oracle.dbtools.crest.model.xtdmapping.ContainerMapping" id="F13B14F0-789A278DDD002E87329F-566E20B2DDE9" lID="F13B14F0-684A-04A5-8547-789A278DDD00" lT="3" rID="2E87329F-6AA5-F183-AE3E-566E20B2DDE9" rT="8">
</CM>
<CM class="oracle.dbtools.crest.model.xtdmapping.ContainerMapping" id="FED42C1B-0B7018F0532F37ED5023-E197953BFA27" lID="FED42C1B-40B6-90A2-A3F4-0B7018F0532F" lT="3" rID="37ED5023-FC93-CA8E-DD63-E197953BFA27" rT="8">
</CM>
</mappings>
</RMExtendedMap>