<?xml version = '1.0' encoding = 'UTF-8'?>
<Diagram class="oracle.dbtools.crest.swingui.logical.DPVLogicalSubView" name="Logical - SubView_1" id="3888F775-0844-3215-921F-34493C01CD6D">
<createdBy>alumno</createdBy>
<createdTime>2012-11-20 16:45:06 UTC</createdTime>
<autoRoute>false</autoRoute>
<boxInbox>true</boxInbox>
<showLegend>false</showLegend>
<showLabels>false</showLabels>
<showGrid>false</showGrid>
<diagramColor>-1</diagramColor>
<display>false</display>
<notation>1</notation>
<objectViews>
<OView class="oracle.dbtools.crest.swingui.logical.TVEntity" oid="17BD248D-E787-7FCA-78E8-FBB54FCAB294" otype="Entity" vid="B154E7FC-B4E0-DF34-EA4D-DF8B7294C135">
<bounds x="204" y="194" width="107" height="87"/>
</OView>
<OView class="oracle.dbtools.crest.swingui.logical.TVEntity" oid="60CB0E47-8EF6-535B-1061-A1B88ECC436E" otype="Entity" vid="C5275059-5CFF-3270-2377-DE5A66EDE007">
<bounds x="84" y="99" width="83" height="78"/>
</OView>
<OView class="oracle.dbtools.crest.swingui.logical.TVEntity" oid="6B55F7C2-48F9-27D9-8FD8-52C96CA2528D" otype="Entity" vid="1041F114-04A6-47AB-03E5-C6D091DDA780">
<bounds x="219" y="21" width="92" height="90"/>
</OView>
<OView class="oracle.dbtools.crest.swingui.logical.TVEntity" oid="A8A2506A-D2C3-2E24-2DB1-1623E6E3FC02" otype="Entity" vid="33225DC8-B3C0-F40A-B7F6-3B4F40334AF0">
<bounds x="100" y="220" width="81" height="74"/>
</OView>
<OView class="oracle.dbtools.crest.swingui.logical.TVEntity" oid="AD56AC2D-BBCC-4586-347D-8FE06E40D306" otype="Entity" vid="27E54FE1-257E-370C-2999-C2532C5334A9">
<bounds x="392" y="94" width="79" height="57"/>
</OView>
<OView class="oracle.dbtools.crest.swingui.logical.TVEntity" oid="BBFC0AEE-F067-32DF-3B3E-27DA17BF2D5A" otype="Entity" vid="D1218264-0FF0-EC0F-504F-EEA0E17C1060">
<bounds x="580" y="151" width="101" height="60"/>
</OView>
<OView class="oracle.dbtools.crest.swingui.logical.TVEntity" oid="BCF65B88-F084-EAC7-3F06-AACFF8CF8715" otype="Entity" vid="DFBE27FB-F313-0BED-7777-1B93B5B020EF">
<bounds x="564" y="10" width="127" height="82"/>
</OView>
<OView class="oracle.dbtools.crest.swingui.logical.TVEntity" oid="CD71DD0A-626B-56C1-5CFC-ABEBA4DFE316" otype="Entity" vid="231A28E2-53C7-F1F0-BE5A-DCCE14FBE432">
<bounds x="10" y="224" width="82" height="67"/>
</OView>
<OView class="oracle.dbtools.crest.swingui.logical.TVEntity" oid="CF662795-9CAD-A318-931C-76DE03F7C9D7" otype="Entity" vid="7CDC9912-B956-B769-66D8-C24A44900D38">
<bounds x="380" y="0" width="91" height="71"/>
</OView>
<OView class="oracle.dbtools.crest.swingui.logical.TVEntity" oid="E343AB60-4538-546D-3899-6A58BD90BA5F" otype="Entity" vid="153D1B3C-08EA-51FA-1994-D86DE28ABF5D">
<bounds x="0" y="11" width="112" height="70"/>
</OView>
<OView class="oracle.dbtools.crest.swingui.logical.TVEntity" oid="E34D97C6-5D07-773B-9740-3E212857F3EF" otype="Entity" vid="1CF1FB28-CE64-4E9D-8D3A-C94690D8BC53">
<bounds x="334" y="332" width="170" height="110"/>
</OView>
</objectViews>
<connectors>
<Connector class="oracle.dbtools.crest.swingui.logical.TVRelation" oid="1CA61C2D-EFC6-6C8A-317F-15C15FCADEE7" otype="Relation" vid_source="D1218264-0FF0-EC0F-504F-EEA0E17C1060" vid_target="1CF1FB28-CE64-4E9D-8D3A-C94690D8BC53">
<lineWidth>1</lineWidth>
<points>
<point x="630" y="211"/>
<point x="419" y="332"/>
</points>
</Connector>
<Connector class="oracle.dbtools.crest.swingui.logical.TVRelation" oid="2F4455F1-76AE-5E3F-E309-1C013812879B" otype="Relation" vid_source="C5275059-5CFF-3270-2377-DE5A66EDE007" vid_target="33225DC8-B3C0-F40A-B7F6-3B4F40334AF0">
<lineWidth>1</lineWidth>
<points>
<point x="133" y="177"/>
<point x="133" y="220"/>
</points>
</Connector>
<Connector class="oracle.dbtools.crest.swingui.logical.TVRelation" oid="586E4765-72B7-CAB1-0A71-0F0F12DD7423" otype="Relation" vid_source="1041F114-04A6-47AB-03E5-C6D091DDA780" vid_target="153D1B3C-08EA-51FA-1994-D86DE28ABF5D">
<lineWidth>1</lineWidth>
<points>
<point x="219" y="46"/>
<point x="112" y="46"/>
</points>
</Connector>
<Connector class="oracle.dbtools.crest.swingui.logical.TVRelation" oid="5A854629-A63A-16DA-EE61-645E09C39066" otype="Relation" vid_source="1041F114-04A6-47AB-03E5-C6D091DDA780" vid_target="27E54FE1-257E-370C-2999-C2532C5334A9">
<lineWidth>1</lineWidth>
<points>
<point x="311" y="87"/>
<point x="392" y="94"/>
</points>
</Connector>
<Connector class="oracle.dbtools.crest.swingui.logical.TVRelation" oid="5D40C36A-D99D-7366-E24A-B39741FBBF2F" otype="Relation" vid_source="33225DC8-B3C0-F40A-B7F6-3B4F40334AF0" vid_target="1CF1FB28-CE64-4E9D-8D3A-C94690D8BC53">
<lineWidth>1</lineWidth>
<points>
<point x="181" y="257"/>
<point x="334" y="387"/>
</points>
</Connector>
<Connector class="oracle.dbtools.crest.swingui.logical.TVRelation" oid="8BFF55C8-BCFF-783F-062F-1A1F32731BB9" otype="Relation" vid_source="231A28E2-53C7-F1F0-BE5A-DCCE14FBE432" vid_target="1CF1FB28-CE64-4E9D-8D3A-C94690D8BC53">
<lineWidth>1</lineWidth>
<points>
<point x="92" y="257"/>
<point x="334" y="387"/>
</points>
</Connector>
<Connector class="oracle.dbtools.crest.swingui.logical.TVRelation" oid="8F836634-632B-6777-9770-B36285D9055E" otype="Relation" vid_source="1041F114-04A6-47AB-03E5-C6D091DDA780" vid_target="1CF1FB28-CE64-4E9D-8D3A-C94690D8BC53">
<lineWidth>1</lineWidth>
<points>
<point x="265" y="111"/>
<point x="419" y="332"/>
</points>
</Connector>
<Connector class="oracle.dbtools.crest.swingui.logical.TVRelation" oid="A49800C7-C35A-6E46-98E1-C7CF039C70DE" otype="Relation" vid_source="DFBE27FB-F313-0BED-7777-1B93B5B020EF" vid_target="D1218264-0FF0-EC0F-504F-EEA0E17C1060">
<lineWidth>1</lineWidth>
<points>
<point x="630" y="92"/>
<point x="630" y="151"/>
</points>
</Connector>
<Connector class="oracle.dbtools.crest.swingui.logical.TVRelation" oid="B39D4D8F-97DD-7A15-E031-BCBE76484028" otype="Relation" vid_source="C5275059-5CFF-3270-2377-DE5A66EDE007" vid_target="1041F114-04A6-47AB-03E5-C6D091DDA780">
<lineWidth>1</lineWidth>
<points>
<point x="167" y="105"/>
<point x="219" y="105"/>
</points>
</Connector>
<Connector class="oracle.dbtools.crest.swingui.logical.TVRelation" oid="BCD602D0-7FF8-479C-97A9-5BBE192583C4" otype="Relation" vid_source="C5275059-5CFF-3270-2377-DE5A66EDE007" vid_target="B154E7FC-B4E0-DF34-EA4D-DF8B7294C135">
<lineWidth>1</lineWidth>
<points>
<point x="167" y="138"/>
<point x="257" y="194"/>
</points>
</Connector>
<Connector class="oracle.dbtools.crest.swingui.logical.TVRelation" oid="CAF201D9-114A-1FD5-B3E7-3CA989237D1C" otype="Relation" vid_source="B154E7FC-B4E0-DF34-EA4D-DF8B7294C135" vid_target="1CF1FB28-CE64-4E9D-8D3A-C94690D8BC53">
<lineWidth>1</lineWidth>
<points>
<point x="311" y="257"/>
<point x="419" y="332"/>
</points>
</Connector>
<Connector class="oracle.dbtools.crest.swingui.logical.TVRelation" oid="E72DCD0C-E83F-5CC6-4706-E5DE24379681" otype="Relation" vid_source="231A28E2-53C7-F1F0-BE5A-DCCE14FBE432" vid_target="C5275059-5CFF-3270-2377-DE5A66EDE007">
<lineWidth>1</lineWidth>
<points>
<point x="88" y="224"/>
<point x="88" y="177"/>
</points>
</Connector>
<Connector class="oracle.dbtools.crest.swingui.logical.TVRelation" oid="F5B788C2-CB0A-86C9-50BA-E101C345A51B" otype="Relation" vid_source="1041F114-04A6-47AB-03E5-C6D091DDA780" vid_target="7CDC9912-B956-B769-66D8-C24A44900D38">
<lineWidth>1</lineWidth>
<points>
<point x="311" y="21"/>
<point x="380" y="16"/>
</points>
</Connector>
</connectors>
</Diagram>