<?xml version = '1.0' encoding = 'UTF-8'?>
<Diagram class="oracle.dbtools.crest.swingui.logical.DPVLogical" id="C07D451E-3B2C-9A72-B78B-8C9686E437FB">
<createdBy>alumno</createdBy>
<createdTime>2012-11-20 16:44:56 UTC</createdTime>
<autoRoute>false</autoRoute>
<boxInbox>true</boxInbox>
<showLegend>false</showLegend>
<showLabels>false</showLabels>
<showGrid>false</showGrid>
<diagramColor>-1</diagramColor>
<display>false</display>
<notation>1</notation>
<objectViews>
<OView class="oracle.dbtools.crest.swingui.logical.TVEntity" oid="17BD248D-E787-7FCA-78E8-FBB54FCAB294" otype="Entity" vid="ED1249CD-AB03-B447-52C4-79088FE51107">
<bounds x="290" y="530" width="170" height="110"/>
</OView>
<OView class="oracle.dbtools.crest.swingui.logical.TVEntity" oid="60CB0E47-8EF6-535B-1061-A1B88ECC436E" otype="Entity" vid="8D078D65-21F6-40FC-D141-CD9150AEB76C">
<bounds x="200" y="350" width="170" height="110"/>
</OView>
<OView class="oracle.dbtools.crest.swingui.logical.TVEntity" oid="6B55F7C2-48F9-27D9-8FD8-52C96CA2528D" otype="Entity" vid="227BD9CA-71BE-E513-9611-5F798EE66992">
<bounds x="50" y="50" width="170" height="110"/>
</OView>
<OView class="oracle.dbtools.crest.swingui.logical.TVEntity" oid="A8A2506A-D2C3-2E24-2DB1-1623E6E3FC02" otype="Entity" vid="60B3E666-9C3A-C065-C676-FCBDA74125A2">
<bounds x="260" y="470" width="170" height="110"/>
</OView>
<OView class="oracle.dbtools.crest.swingui.logical.TVEntity" oid="AD56AC2D-BBCC-4586-347D-8FE06E40D306" otype="Entity" vid="24A24FB1-66C5-F4A1-1586-04A3CA11F2BC">
<bounds x="150" y="250" width="170" height="110"/>
</OView>
<OView class="oracle.dbtools.crest.swingui.logical.TVEntity" oid="BBFC0AEE-F067-32DF-3B3E-27DA17BF2D5A" otype="Entity" vid="CC7EE6B1-9BA9-4DB9-7880-43E9B0576B0F">
<bounds x="330" y="610" width="170" height="110"/>
</OView>
<OView class="oracle.dbtools.crest.swingui.logical.TVEntity" oid="BCF65B88-F084-EAC7-3F06-AACFF8CF8715" otype="Entity" vid="EEB4CC32-E1F0-631F-EA91-13DADB560FC7">
<bounds x="320" y="590" width="170" height="110"/>
</OView>
<OView class="oracle.dbtools.crest.swingui.logical.TVEntity" oid="CD71DD0A-626B-56C1-5CFC-ABEBA4DFE316" otype="Entity" vid="3AF1C47A-627E-783F-B322-54C75CB49FEE">
<bounds x="230" y="410" width="170" height="110"/>
</OView>
<OView class="oracle.dbtools.crest.swingui.logical.TVEntity" oid="CF662795-9CAD-A318-931C-76DE03F7C9D7" otype="Entity" vid="E4F963F0-21C4-0AB5-9325-606A2D27F9B6">
<bounds x="110" y="170" width="170" height="110"/>
</OView>
<OView class="oracle.dbtools.crest.swingui.logical.TVEntity" oid="E343AB60-4538-546D-3899-6A58BD90BA5F" otype="Entity" vid="6355BCD2-9B81-7737-FC39-CE713823F381">
<bounds x="70" y="90" width="170" height="110"/>
</OView>
<OView class="oracle.dbtools.crest.swingui.logical.TVEntity" oid="E34D97C6-5D07-773B-9740-3E212857F3EF" otype="Entity" vid="CF1FDAF5-3D14-1458-4A04-3D43CE2A3FD2">
<bounds x="350" y="650" width="170" height="110"/>
</OView>
</objectViews>
<connectors>
<Connector class="oracle.dbtools.crest.swingui.logical.TVRelation" oid="1CA61C2D-EFC6-6C8A-317F-15C15FCADEE7" otype="Relation" vid_source="CC7EE6B1-9BA9-4DB9-7880-43E9B0576B0F" vid_target="CF1FDAF5-3D14-1458-4A04-3D43CE2A3FD2">
<lineWidth>1</lineWidth>
<points>
<point x="500" y="685"/>
<point x="350" y="685"/>
</points>
</Connector>
<Connector class="oracle.dbtools.crest.swingui.logical.TVRelation" oid="2F4455F1-76AE-5E3F-E309-1C013812879B" otype="Relation" vid_source="8D078D65-21F6-40FC-D141-CD9150AEB76C" vid_target="60B3E666-9C3A-C065-C676-FCBDA74125A2">
<lineWidth>1</lineWidth>
<points>
<point x="315" y="460"/>
<point x="315" y="470"/>
</points>
</Connector>
<Connector class="oracle.dbtools.crest.swingui.logical.TVRelation" oid="586E4765-72B7-CAB1-0A71-0F0F12DD7423" otype="Relation" vid_source="227BD9CA-71BE-E513-9611-5F798EE66992" vid_target="6355BCD2-9B81-7737-FC39-CE713823F381">
<lineWidth>1</lineWidth>
<points>
<point x="220" y="125"/>
<point x="70" y="125"/>
</points>
</Connector>
<Connector class="oracle.dbtools.crest.swingui.logical.TVRelation" oid="5A854629-A63A-16DA-EE61-645E09C39066" otype="Relation" vid_source="227BD9CA-71BE-E513-9611-5F798EE66992" vid_target="24A24FB1-66C5-F4A1-1586-04A3CA11F2BC">
<lineWidth>1</lineWidth>
<points>
<point x="195" y="160"/>
<point x="195" y="250"/>
</points>
</Connector>
<Connector class="oracle.dbtools.crest.swingui.logical.TVRelation" oid="5D40C36A-D99D-7366-E24A-B39741FBBF2F" otype="Relation" vid_source="60B3E666-9C3A-C065-C676-FCBDA74125A2" vid_target="CF1FDAF5-3D14-1458-4A04-3D43CE2A3FD2">
<lineWidth>1</lineWidth>
<points>
<point x="390" y="580"/>
<point x="390" y="650"/>
</points>
</Connector>
<Connector class="oracle.dbtools.crest.swingui.logical.TVRelation" oid="8BFF55C8-BCFF-783F-062F-1A1F32731BB9" otype="Relation" vid_source="3AF1C47A-627E-783F-B322-54C75CB49FEE" vid_target="CF1FDAF5-3D14-1458-4A04-3D43CE2A3FD2">
<lineWidth>1</lineWidth>
<points>
<point x="375" y="520"/>
<point x="375" y="650"/>
</points>
</Connector>
<Connector class="oracle.dbtools.crest.swingui.logical.TVRelation" oid="8F836634-632B-6777-9770-B36285D9055E" otype="Relation" vid_source="227BD9CA-71BE-E513-9611-5F798EE66992" vid_target="CF1FDAF5-3D14-1458-4A04-3D43CE2A3FD2">
<lineWidth>1</lineWidth>
<points>
<point x="135" y="160"/>
<point x="435" y="650"/>
</points>
</Connector>
<Connector class="oracle.dbtools.crest.swingui.logical.TVRelation" oid="A49800C7-C35A-6E46-98E1-C7CF039C70DE" otype="Relation" vid_source="EEB4CC32-E1F0-631F-EA91-13DADB560FC7" vid_target="CC7EE6B1-9BA9-4DB9-7880-43E9B0576B0F">
<lineWidth>1</lineWidth>
<points>
<point x="490" y="655"/>
<point x="330" y="655"/>
</points>
</Connector>
<Connector class="oracle.dbtools.crest.swingui.logical.TVRelation" oid="B39D4D8F-97DD-7A15-E031-BCBE76484028" otype="Relation" vid_source="8D078D65-21F6-40FC-D141-CD9150AEB76C" vid_target="227BD9CA-71BE-E513-9611-5F798EE66992">
<lineWidth>1</lineWidth>
<points>
<point x="210" y="350"/>
<point x="210" y="160"/>
</points>
</Connector>
<Connector class="oracle.dbtools.crest.swingui.logical.TVRelation" oid="BCD602D0-7FF8-479C-97A9-5BBE192583C4" otype="Relation" vid_source="8D078D65-21F6-40FC-D141-CD9150AEB76C" vid_target="ED1249CD-AB03-B447-52C4-79088FE51107">
<lineWidth>1</lineWidth>
<points>
<point x="340" y="460"/>
<point x="340" y="530"/>
</points>
</Connector>
<Connector class="oracle.dbtools.crest.swingui.logical.TVRelation" oid="CAF201D9-114A-1FD5-B3E7-3CA989237D1C" otype="Relation" vid_source="ED1249CD-AB03-B447-52C4-79088FE51107" vid_target="CF1FDAF5-3D14-1458-4A04-3D43CE2A3FD2">
<lineWidth>1</lineWidth>
<points>
<point x="405" y="640"/>
<point x="405" y="650"/>
</points>
</Connector>
<Connector class="oracle.dbtools.crest.swingui.logical.TVRelation" oid="E72DCD0C-E83F-5CC6-4706-E5DE24379681" otype="Relation" vid_source="3AF1C47A-627E-783F-B322-54C75CB49FEE" vid_target="8D078D65-21F6-40FC-D141-CD9150AEB76C">
<lineWidth>1</lineWidth>
<points>
<point x="230" y="435"/>
<point x="370" y="435"/>
</points>
</Connector>
<Connector class="oracle.dbtools.crest.swingui.logical.TVRelation" oid="F5B788C2-CB0A-86C9-50BA-E101C345A51B" otype="Relation" vid_source="227BD9CA-71BE-E513-9611-5F798EE66992" vid_target="E4F963F0-21C4-0AB5-9325-606A2D27F9B6">
<lineWidth>1</lineWidth>
<points>
<point x="145" y="160"/>
<point x="145" y="170"/>
</points>
</Connector>
</connectors>
</Diagram>