<?xml version = '1.0' encoding = 'UTF-8'?>
<RMExtendedMap class="oracle.dbtools.crest.model.xtdmapping.RMExtendedMap">
<mappings>
<CM class="oracle.dbtools.crest.model.xtdmapping.ContainerMapping" id="17BD248D-FBB54FCAB294A0834873-CDFC6A90A44B" lID="17BD248D-E787-7FCA-78E8-FBB54FCAB294" lT="0" rID="A0834873-2169-39F0-57D3-CDFC6A90A44B" rT="4">
<containedMappings>
<Mg class="oracle.dbtools.crest.model.xtdmapping.RelMapping" id="5F814019-BB6DA999E141FF59A302-F4009494AAF3" lID="5F814019-E678-3299-B965-BB6DA999E141" lT="2" rID="FF59A302-127C-465A-60CE-F4009494AAF3" rT="7"/>
<Mg class="oracle.dbtools.crest.model.xtdmapping.RelMapping" id="CF8F9407-AA1074BB268199EC70D9-67FAB98C094B" lID="CF8F9407-F649-D83D-0C15-AA1074BB2681" rID="99EC70D9-0C29-B915-7EFF-67FAB98C094B"/>
<Mg class="oracle.dbtools.crest.model.xtdmapping.RelMapping" id="D870602D-7A47693E73233BEFE744-74A0A64B89E0" lID="D870602D-1E1A-AB61-C832-7A47693E7323" rID="3BEFE744-3DEC-1B56-37B8-74A0A64B89E0"/>
</containedMappings>
</CM>
<CM class="oracle.dbtools.crest.model.xtdmapping.ContainerMapping" id="2F4455F1-1C013812879B8AE02228-5D06BFE19F5C" lID="2F4455F1-76AE-5E3F-E309-1C013812879B" lT="3" rID="8AE02228-FCF3-D13A-5622-5D06BFE19F5C" rT="4">
</CM>
<CM class="oracle.dbtools.crest.model.xtdmapping.ContainerMapping" id="586E4765-0F0F12DD7423248B5B49-B977C41EBFFB" lID="586E4765-72B7-CAB1-0A71-0F0F12DD7423" lT="3" rID="248B5B49-E9C1-0E7F-4C28-B977C41EBFFB" rT="4">
</CM>
<CM class="oracle.dbtools.crest.model.xtdmapping.ContainerMapping" id="60CB0E47-A1B88ECC436E94B3A1EE-B14F47A2C3D2" lID="60CB0E47-8EF6-535B-1061-A1B88ECC436E" lT="0" rID="94B3A1EE-D283-019F-8700-B14F47A2C3D2" rT="4">
<containedMappings>
<Mg class="oracle.dbtools.crest.model.xtdmapping.RelMapping" id="07F33F90-A02BDB8757E79A01C4D3-5B62ACA76722" lID="07F33F90-E769-F2BD-D125-A02BDB8757E7" rID="9A01C4D3-FF51-F5A2-DE33-5B62ACA76722"/>
<Mg class="oracle.dbtools.crest.model.xtdmapping.RelMapping" id="0D80A3DB-F4F10CB995C7B2AFCBD4-9FA166251028" lID="0D80A3DB-5DA4-42FC-009D-F4F10CB995C7" lT="2" rID="B2AFCBD4-1BA9-6985-A1B9-9FA166251028" rT="7"/>
<Mg class="oracle.dbtools.crest.model.xtdmapping.RelMapping" id="6374FEE4-F53928309490D1C1CCA3-DDAD549283CB" lID="6374FEE4-8716-9431-6141-F53928309490" rID="D1C1CCA3-5D7A-7711-31DC-DDAD549283CB"/>
</containedMappings>
</CM>
<CM class="oracle.dbtools.crest.model.xtdmapping.ContainerMapping" id="6B55F7C2-52C96CA2528D72A786AF-C68AE778621E" lID="6B55F7C2-48F9-27D9-8FD8-52C96CA2528D" lT="0" rID="72A786AF-F0FA-5FD0-4861-C68AE778621E" rT="4">
<containedMappings>
<Mg class="oracle.dbtools.crest.model.xtdmapping.RelMapping" id="20327F65-B33C9AE78A0EF329B456-912FA1BBB96F" lID="20327F65-378F-019C-F722-B33C9AE78A0E" rID="F329B456-9BE6-D65E-A8AD-912FA1BBB96F"/>
<Mg class="oracle.dbtools.crest.model.xtdmapping.RelMapping" id="540E6BB7-0914714F63FBF2669115-1F5D7774EC74" lID="540E6BB7-3A00-7D63-5DC8-0914714F63FB" rID="F2669115-F7F4-E936-4DC7-1F5D7774EC74"/>
<Mg class="oracle.dbtools.crest.model.xtdmapping.RelMapping" id="625AA66B-465B3C595E2CADDE5E5E-7FCBCCF08256" lID="625AA66B-5489-6794-53F7-465B3C595E2C" rID="ADDE5E5E-AFEC-7ACC-5C33-7FCBCCF08256"/>
<Mg class="oracle.dbtools.crest.model.xtdmapping.RelMapping" id="6ECA7130-1F70E466D2FF285B36D0-12E734ED06C1" lID="6ECA7130-F29F-26D3-9B35-1F70E466D2FF" lT="2" rID="285B36D0-A104-A856-2EDF-12E734ED06C1" rT="7"/>
<Mg class="oracle.dbtools.crest.model.xtdmapping.RelMapping" id="C34E47C1-7B817BDEE0E749D7B1F2-B59A01A39990" lID="C34E47C1-3502-8254-50A0-7B817BDEE0E7" rID="49D7B1F2-BC3D-4F4E-971E-B59A01A39990"/>
<Mg class="oracle.dbtools.crest.model.xtdmapping.RelMapping" id="CBDB6E2A-1BBF7E323CDD4AE4BB72-CCB2EB49373B" lID="CBDB6E2A-1DFD-CA2B-90B5-1BBF7E323CDD" rID="4AE4BB72-8E77-E05A-746F-CCB2EB49373B"/>
<Mg class="oracle.dbtools.crest.model.xtdmapping.RelMapping" id="D5B8FEA6-1D314A1EEE896378472B-8D98C490E2E0" lID="D5B8FEA6-460D-2988-E1F7-1D314A1EEE89" rID="6378472B-66F3-6BD9-097C-8D98C490E2E0"/>
<Mg class="oracle.dbtools.crest.model.xtdmapping.RelMapping" id="E5C85A29-2BBA103CD38FE3E865DA-6ADE7F6279F6" lID="E5C85A29-D896-29F5-7A99-2BBA103CD38F" rID="E3E865DA-8A08-08F1-49AD-6ADE7F6279F6"/>
<Mg class="oracle.dbtools.crest.model.xtdmapping.RelMapping" id="FADFE220-DBD305C0577F0CD6F828-A5D2B7C4C8EE" lID="FADFE220-4C93-7744-D82E-DBD305C0577F" rID="0CD6F828-D318-BBA1-CBA5-A5D2B7C4C8EE"/>
</containedMappings>
</CM>
<CM class="oracle.dbtools.crest.model.xtdmapping.ContainerMapping" id="A28B73DE-5A042B339629E6820646-9D9DBE3F04FD" lID="A28B73DE-2613-F9D0-3327-5A042B339629" lT="3" rID="E6820646-CB1E-3333-35B3-9D9DBE3F04FD" rT="4">
</CM>
<CM class="oracle.dbtools.crest.model.xtdmapping.ContainerMapping" id="A8A2506A-1623E6E3FC02B381213C-281480309373" lID="A8A2506A-D2C3-2E24-2DB1-1623E6E3FC02" lT="0" rID="B381213C-A189-AFA7-97FF-281480309373" rT="4">
<containedMappings>
<Mg class="oracle.dbtools.crest.model.xtdmapping.RelMapping" id="12A98245-6EA9B007580CE2764A5A-E2B64AFC9280" lID="12A98245-8827-923F-8B75-6EA9B007580C" rID="E2764A5A-5AA3-9B58-C92C-E2B64AFC9280"/>
<Mg class="oracle.dbtools.crest.model.xtdmapping.RelMapping" id="A4C6CF5B-8CAD0A64616023FDE92B-EE15203D1589" lID="A4C6CF5B-339B-6174-683F-8CAD0A646160" lT="2" rID="23FDE92B-B0FD-A665-837B-EE15203D1589" rT="7"/>
<Mg class="oracle.dbtools.crest.model.xtdmapping.RelMapping" id="B1912873-1132A37E0D62C02B6B98-5AADB1A67CEC" lID="B1912873-5747-6837-7E57-1132A37E0D62" rID="C02B6B98-8831-1946-48B0-5AADB1A67CEC"/>
</containedMappings>
</CM>
<CM class="oracle.dbtools.crest.model.xtdmapping.ContainerMapping" id="AD56AC2D-8FE06E40D306BD117DA1-1FB607C39033" lID="AD56AC2D-BBCC-4586-347D-8FE06E40D306" lT="0" rID="BD117DA1-440E-257F-DF76-1FB607C39033" rT="4">
<containedMappings>
<Mg class="oracle.dbtools.crest.model.xtdmapping.RelMapping" id="2B1A0984-B3FCFB26C94FF174CB53-2EA3CF64DC10" lID="2B1A0984-3C40-1DFB-2DEA-B3FCFB26C94F" rID="F174CB53-DDC5-04E9-4547-2EA3CF64DC10"/>
<Mg class="oracle.dbtools.crest.model.xtdmapping.RelMapping" id="5A7223F8-D2E8E6F015EAB69CC493-DD08E347398C" lID="5A7223F8-60E9-4698-BC9B-D2E8E6F015EA" lT="2" rID="B69CC493-A936-C3C9-DCF5-DD08E347398C" rT="7"/>
<Mg class="oracle.dbtools.crest.model.xtdmapping.RelMapping" id="ADD4A990-F30B7FB39594B4F0601D-0A9351F0E1BC" lID="ADD4A990-714A-F75A-D3F8-F30B7FB39594" rID="B4F0601D-F309-636D-D23B-0A9351F0E1BC"/>
</containedMappings>
</CM>
<CM class="oracle.dbtools.crest.model.xtdmapping.ContainerMapping" id="BBFC0AEE-27DA17BF2D5A31B12C20-F2F5ACAD993C" lID="BBFC0AEE-F067-32DF-3B3E-27DA17BF2D5A" lT="0" rID="31B12C20-BF0D-663E-9C77-F2F5ACAD993C" rT="4">
<containedMappings>
<Mg class="oracle.dbtools.crest.model.xtdmapping.RelMapping" id="53F6A5D6-F4ACE9B212F528FE7C6B-10B72836A75E" lID="53F6A5D6-F141-D0A3-3441-F4ACE9B212F5" lT="2" rID="28FE7C6B-0BA9-220D-A37C-10B72836A75E" rT="7"/>
<Mg class="oracle.dbtools.crest.model.xtdmapping.RelMapping" id="83232CCA-01B6E618C51039244D46-08208631F457" lID="83232CCA-8F05-4D80-FA05-01B6E618C510" rID="39244D46-550E-6360-7E89-08208631F457"/>
<Mg class="oracle.dbtools.crest.model.xtdmapping.RelMapping" id="E8E1F7E9-51EE3D5CC3D1A71BC16D-B488C7D5D652" lID="E8E1F7E9-0C21-BAC0-D9D1-51EE3D5CC3D1" rID="A71BC16D-0448-4846-0150-B488C7D5D652"/>
<Mg class="oracle.dbtools.crest.model.xtdmapping.RelMapping" id="F6020761-48EA71999E316374F75E-64763819C3D9" lID="F6020761-CFC7-DC00-6C65-48EA71999E31" rID="6374F75E-9476-517C-BB9A-64763819C3D9"/>
</containedMappings>
</CM>
<CM class="oracle.dbtools.crest.model.xtdmapping.ContainerMapping" id="BCD602D0-5BBE192583C4485A324E-95BC8AC4567E" lID="BCD602D0-7FF8-479C-97A9-5BBE192583C4" lT="3" rID="485A324E-1203-BDD6-DDD6-95BC8AC4567E" rT="4">
</CM>
<CM class="oracle.dbtools.crest.model.xtdmapping.ContainerMapping" id="BCF65B88-AACFF8CF8715F1C6119B-07C56166580B" lID="BCF65B88-F084-EAC7-3F06-AACFF8CF8715" lT="0" rID="F1C6119B-4C58-94AB-2D2A-07C56166580B" rT="4">
<containedMappings>
<Mg class="oracle.dbtools.crest.model.xtdmapping.RelMapping" id="125FCF23-64651F1DAC9389EBF0BD-00246690A834" lID="125FCF23-5985-D871-42CC-64651F1DAC93" rID="89EBF0BD-E093-4C99-3F5E-00246690A834"/>
<Mg class="oracle.dbtools.crest.model.xtdmapping.RelMapping" id="17FE5E6F-A6D32154CB7F55FCD9BD-5A794C0CDE06" lID="17FE5E6F-B379-0B63-5EB6-A6D32154CB7F" rID="55FCD9BD-EB86-4A7A-C4C1-5A794C0CDE06"/>
<Mg class="oracle.dbtools.crest.model.xtdmapping.RelMapping" id="3B041705-4F455A7A3EAEC59BAA41-6DFD66CE49B3" lID="3B041705-6E78-D6ED-0BFA-4F455A7A3EAE" rID="C59BAA41-48EB-32DC-7AB3-6DFD66CE49B3"/>
<Mg class="oracle.dbtools.crest.model.xtdmapping.RelMapping" id="69474550-1270C88C295F9AB7CB40-92130AE3745D" lID="69474550-FD72-785E-6B44-1270C88C295F" lT="2" rID="9AB7CB40-949B-6229-F966-92130AE3745D" rT="7"/>
<Mg class="oracle.dbtools.crest.model.xtdmapping.RelMapping" id="C573F094-F1CE82C1F164030F4692-9994ACFEAC15" lID="C573F094-5C8A-0037-3952-F1CE82C1F164" lT="2" rID="030F4692-97A3-891D-F1DA-9994ACFEAC15" rT="6"/>
<Mg class="oracle.dbtools.crest.model.xtdmapping.RelMapping" id="C9239E17-715CB89FF2DFC79B6B58-C761F208170D" lID="C9239E17-9608-1AC9-AE3D-715CB89FF2DF" rID="C79B6B58-1C80-D9B2-1D75-C761F208170D"/>
<Mg class="oracle.dbtools.crest.model.xtdmapping.RelMapping" id="D92FA43A-F9DE26698A1C4ADE5E70-8BFD3DA7BAA9" lID="D92FA43A-331C-0720-EBA5-F9DE26698A1C" rID="4ADE5E70-33B6-4C86-0F7B-8BFD3DA7BAA9"/>
</containedMappings>
</CM>
<CM class="oracle.dbtools.crest.model.xtdmapping.ContainerMapping" id="CD71DD0A-ABEBA4DFE316E0360686-31FD211FF82B" lID="CD71DD0A-626B-56C1-5CFC-ABEBA4DFE316" lT="0" rID="E0360686-A1A1-31B9-27DC-31FD211FF82B" rT="4">
<containedMappings>
<Mg class="oracle.dbtools.crest.model.xtdmapping.RelMapping" id="48A9B87B-8D9D565EFE056619A44C-EDD53C4BDE09" lID="48A9B87B-8689-3DEC-0132-8D9D565EFE05" lT="2" rID="6619A44C-0A01-3AE8-CC45-EDD53C4BDE09" rT="7"/>
<Mg class="oracle.dbtools.crest.model.xtdmapping.RelMapping" id="8B487F81-B0A02D5455E0BFFFDB87-B5EAE4795B8C" lID="8B487F81-7313-3BE0-2222-B0A02D5455E0" rID="BFFFDB87-A23C-5106-1714-B5EAE4795B8C"/>
<Mg class="oracle.dbtools.crest.model.xtdmapping.RelMapping" id="FBB04473-13169C487F6730C39AF2-621D546BAFFF" lID="FBB04473-785F-96C4-3F33-13169C487F67" rID="30C39AF2-69FC-247F-203B-621D546BAFFF"/>
</containedMappings>
</CM>
<CM class="oracle.dbtools.crest.model.xtdmapping.ContainerMapping" id="CF662795-76DE03F7C9D7A4F4973B-B5564AA6F7A4" lID="CF662795-9CAD-A318-931C-76DE03F7C9D7" lT="0" rID="A4F4973B-61DB-0F8D-AECE-B5564AA6F7A4" rT="4">
<containedMappings>
<Mg class="oracle.dbtools.crest.model.xtdmapping.RelMapping" id="2134AA3B-1E6B342A9D134AE80C17-D264FD16C0E1" lID="2134AA3B-6799-CC79-1161-1E6B342A9D13" rID="4AE80C17-CB91-62E2-6BD5-D264FD16C0E1"/>
<Mg class="oracle.dbtools.crest.model.xtdmapping.RelMapping" id="6D57BFC9-E1E9D79BFCFFC28AAC90-73ED3DEF79E3" lID="6D57BFC9-A0A5-2747-E259-E1E9D79BFCFF" rID="C28AAC90-6337-FEC8-8929-73ED3DEF79E3"/>
<Mg class="oracle.dbtools.crest.model.xtdmapping.RelMapping" id="98800953-9F18601997A8A45B28A6-C0EB08D6E0CE" lID="98800953-48CD-55E6-8B92-9F18601997A8" lT="2" rID="A45B28A6-7821-F64F-DBF3-C0EB08D6E0CE" rT="7"/>
</containedMappings>
</CM>
<CM class="oracle.dbtools.crest.model.xtdmapping.ContainerMapping" id="E343AB60-6A58BD90BA5FB54EB8F9-D69C4CEFFDB2" lID="E343AB60-4538-546D-3899-6A58BD90BA5F" lT="0" rID="B54EB8F9-C0A3-5AA8-D0DC-D69C4CEFFDB2" rT="4">
<containedMappings>
<Mg class="oracle.dbtools.crest.model.xtdmapping.RelMapping" id="2B741D5A-0C89BFAB13D12C787285-8A49A0F748A0" lID="2B741D5A-CB91-1EAF-86EE-0C89BFAB13D1" rID="2C787285-606E-BF8B-89E9-8A49A0F748A0"/>
<Mg class="oracle.dbtools.crest.model.xtdmapping.RelMapping" id="8AE4E513-8EE1F626A8814FE298C7-01304DBE71E6" lID="8AE4E513-4807-B31D-8899-8EE1F626A881" lT="2" rID="4FE298C7-6FB4-7D0B-8174-01304DBE71E6" rT="7"/>
<Mg class="oracle.dbtools.crest.model.xtdmapping.RelMapping" id="98C7CC97-873B138C82D8480AF387-1E35A9D709B8" lID="98C7CC97-8279-1F88-3DE2-873B138C82D8" rID="480AF387-5278-9037-1E57-1E35A9D709B8"/>
</containedMappings>
</CM>
<CM class="oracle.dbtools.crest.model.xtdmapping.ContainerMapping" id="E34D97C6-3E212857F3EF1C429C76-4BA30E1240C2" lID="E34D97C6-5D07-773B-9740-3E212857F3EF" lT="0" rID="1C429C76-4072-D863-5360-4BA30E1240C2" rT="4">
<containedMappings>
<Mg class="oracle.dbtools.crest.model.xtdmapping.RelMapping" id="2EE95C1F-8A4598645CA4EA9D4591-897A6A531C98" lID="2EE95C1F-66BA-9B8F-3DE7-8A4598645CA4" rID="EA9D4591-A660-719E-EB9A-897A6A531C98"/>
<Mg class="oracle.dbtools.crest.model.xtdmapping.RelMapping" id="49131A9C-C38793F5A1D1313CB25F-F5E5384E069E" lID="49131A9C-AFBB-BF80-192D-C38793F5A1D1" rID="313CB25F-F0A4-026C-5B28-F5E5384E069E"/>
<Mg class="oracle.dbtools.crest.model.xtdmapping.RelMapping" id="6FBEEA7D-A411BC3A94185C3AA97C-CBDCB6BA0B98" lID="6FBEEA7D-3F8D-FDDD-231A-A411BC3A9418" rID="5C3AA97C-95FA-EF3D-ED0C-CBDCB6BA0B98"/>
<Mg class="oracle.dbtools.crest.model.xtdmapping.RelMapping" id="718774BC-3E2BE00AA0159C3A6E98-E600AE3CD967" lID="718774BC-341E-19D4-6846-3E2BE00AA015" lT="2" rID="9C3A6E98-DF28-962C-0DB4-E600AE3CD967" rT="7"/>
<Mg class="oracle.dbtools.crest.model.xtdmapping.RelMapping" id="78419E8C-2F55627257921DD71955-ECBA88E087F8" lID="78419E8C-29B2-8C28-A621-2F5562725792" rID="1DD71955-6096-D665-971E-ECBA88E087F8"/>
<Mg class="oracle.dbtools.crest.model.xtdmapping.RelMapping" id="CE1D8881-F271B345CA04FD25BD61-AB32252961B2" lID="CE1D8881-A6CC-3291-CF56-F271B345CA04" rID="FD25BD61-8956-2896-93D6-AB32252961B2"/>
<Mg class="oracle.dbtools.crest.model.xtdmapping.RelMapping" id="DD8736D1-A82970480687228DD623-2C3DDC9AF8B0" lID="DD8736D1-E543-726B-FEB2-A82970480687" rID="228DD623-644B-90D7-B4EC-2C3DDC9AF8B0"/>
<Mg class="oracle.dbtools.crest.model.xtdmapping.RelMapping" id="FAA28120-65D28C0F462B19AD1CEF-C375FCC7EC51" lID="FAA28120-6396-8CAB-00FE-65D28C0F462B" rID="19AD1CEF-B995-CC8B-7171-C375FCC7EC51"/>
</containedMappings>
</CM>
<CM class="oracle.dbtools.crest.model.xtdmapping.ContainerMapping" id="E72DCD0C-E5DE24379681D4C10BB8-F19DEAC2914C" lID="E72DCD0C-E83F-5CC6-4706-E5DE24379681" lT="3" rID="D4C10BB8-DB0C-2D49-48B9-F19DEAC2914C" rT="4">
</CM>
<CM class="oracle.dbtools.crest.model.xtdmapping.ContainerMapping" id="1CA61C2D-15C15FCADEE74EC7C3D0-AA5BF014E604" lID="1CA61C2D-EFC6-6C8A-317F-15C15FCADEE7" lT="3" rID="4EC7C3D0-9CA1-4A88-CBDF-AA5BF014E604" rT="8">
</CM>
<CM class="oracle.dbtools.crest.model.xtdmapping.ContainerMapping" id="5A854629-645E09C39066DF7B70CA-6A1C6A166AF3" lID="5A854629-A63A-16DA-EE61-645E09C39066" lT="3" rID="DF7B70CA-5C2A-B647-F92E-6A1C6A166AF3" rT="8">
</CM>
<CM class="oracle.dbtools.crest.model.xtdmapping.ContainerMapping" id="5D40C36A-B39741FBBF2F18218173-C2E4DD56E497" lID="5D40C36A-D99D-7366-E24A-B39741FBBF2F" lT="3" rID="18218173-2AA6-C213-A2EE-C2E4DD56E497" rT="8">
</CM>
<CM class="oracle.dbtools.crest.model.xtdmapping.ContainerMapping" id="8BFF55C8-1A1F32731BB90744E1D5-9AAFE0B1A2B8" lID="8BFF55C8-BCFF-783F-062F-1A1F32731BB9" lT="3" rID="0744E1D5-B487-B77A-C47E-9AAFE0B1A2B8" rT="8">
</CM>
<CM class="oracle.dbtools.crest.model.xtdmapping.ContainerMapping" id="8F836634-B36285D9055E3981F580-E3AE46013EA9" lID="8F836634-632B-6777-9770-B36285D9055E" lT="3" rID="3981F580-332F-3819-948F-E3AE46013EA9" rT="8">
</CM>
<CM class="oracle.dbtools.crest.model.xtdmapping.ContainerMapping" id="A49800C7-C7CF039C70DE04BFD22C-0BCD02F70C51" lID="A49800C7-C35A-6E46-98E1-C7CF039C70DE" lT="3" rID="04BFD22C-F801-F8AF-B197-0BCD02F70C51" rT="8">
</CM>
<CM class="oracle.dbtools.crest.model.xtdmapping.ContainerMapping" id="B39D4D8F-BCBE76484028E8532965-8721EEB1CF5A" lID="B39D4D8F-97DD-7A15-E031-BCBE76484028" lT="3" rID="E8532965-D602-EAEE-2598-8721EEB1CF5A" rT="8">
</CM>
<CM class="oracle.dbtools.crest.model.xtdmapping.ContainerMapping" id="CAF201D9-3CA989237D1C9F79C4C1-AFD184BF17F5" lID="CAF201D9-114A-1FD5-B3E7-3CA989237D1C" lT="3" rID="9F79C4C1-CD9F-6673-24DE-AFD184BF17F5" rT="8">
</CM>
<CM class="oracle.dbtools.crest.model.xtdmapping.ContainerMapping" id="F5B788C2-E101C345A51B684AEFE1-D0F06656BA09" lID="F5B788C2-CB0A-86C9-50BA-E101C345A51B" lT="3" rID="684AEFE1-52F3-F42A-540E-D0F06656BA09" rT="8">
</CM>
</mappings>
</RMExtendedMap>