<?xml version = '1.0' encoding = 'UTF-8'?>
<RMExtendedMap class="oracle.dbtools.crest.model.xtdmapping.RMExtendedMap">
<mappings>
<CM class="oracle.dbtools.crest.model.xtdmapping.ContainerMapping" id="17BD248D-FBB54FCAB294A8FC8FF8-C23C3D0931AF" lID="17BD248D-E787-7FCA-78E8-FBB54FCAB294" lT="0" rID="A8FC8FF8-5FED-A7B7-1D81-C23C3D0931AF" rT="4">
<containedMappings>
<Mg class="oracle.dbtools.crest.model.xtdmapping.RelMapping" id="5F814019-BB6DA999E141317CFAEC-0F7F1B611E4C" lID="5F814019-E678-3299-B965-BB6DA999E141" lT="2" rID="317CFAEC-FFE0-6A16-394F-0F7F1B611E4C" rT="7"/>
<Mg class="oracle.dbtools.crest.model.xtdmapping.RelMapping" id="CF8F9407-AA1074BB26811C74FA48-E04E6F463EED" lID="CF8F9407-F649-D83D-0C15-AA1074BB2681" rID="1C74FA48-F8ED-29D1-B549-E04E6F463EED"/>
<Mg class="oracle.dbtools.crest.model.xtdmapping.RelMapping" id="D870602D-7A47693E7323961F0BD0-2EEC8F5AE070" lID="D870602D-1E1A-AB61-C832-7A47693E7323" rID="961F0BD0-0338-F98B-C64B-2EEC8F5AE070"/>
</containedMappings>
</CM>
<CM class="oracle.dbtools.crest.model.xtdmapping.ContainerMapping" id="2F4455F1-1C013812879BC4248EB5-6726AFA139B0" lID="2F4455F1-76AE-5E3F-E309-1C013812879B" lT="3" rID="C4248EB5-3315-9F8A-3D43-6726AFA139B0" rT="4">
</CM>
<CM class="oracle.dbtools.crest.model.xtdmapping.ContainerMapping" id="586E4765-0F0F12DD7423123AABC8-54B220D95CDE" lID="586E4765-72B7-CAB1-0A71-0F0F12DD7423" lT="3" rID="123AABC8-DE3A-C0F3-6B26-54B220D95CDE" rT="4">
</CM>
<CM class="oracle.dbtools.crest.model.xtdmapping.ContainerMapping" id="60CB0E47-A1B88ECC436E7B92F1C0-26F5F5146081" lID="60CB0E47-8EF6-535B-1061-A1B88ECC436E" lT="0" rID="7B92F1C0-285C-7E4E-7A0E-26F5F5146081" rT="4">
<containedMappings>
<Mg class="oracle.dbtools.crest.model.xtdmapping.RelMapping" id="07F33F90-A02BDB8757E7C733C70B-1CA14E31F179" lID="07F33F90-E769-F2BD-D125-A02BDB8757E7" rID="C733C70B-B9A1-0227-1C75-1CA14E31F179"/>
<Mg class="oracle.dbtools.crest.model.xtdmapping.RelMapping" id="0D80A3DB-F4F10CB995C75BF15864-2AA9FF3B7854" lID="0D80A3DB-5DA4-42FC-009D-F4F10CB995C7" lT="2" rID="5BF15864-EAB4-A774-5446-2AA9FF3B7854" rT="7"/>
<Mg class="oracle.dbtools.crest.model.xtdmapping.RelMapping" id="6374FEE4-F53928309490E1937251-335F6D9382CC" lID="6374FEE4-8716-9431-6141-F53928309490" rID="E1937251-2F36-4A1C-1355-335F6D9382CC"/>
</containedMappings>
</CM>
<CM class="oracle.dbtools.crest.model.xtdmapping.ContainerMapping" id="6B55F7C2-52C96CA2528DE47208EF-F19086A5A034" lID="6B55F7C2-48F9-27D9-8FD8-52C96CA2528D" lT="0" rID="E47208EF-21AD-8645-FBA8-F19086A5A034" rT="4">
<containedMappings>
<Mg class="oracle.dbtools.crest.model.xtdmapping.RelMapping" id="20327F65-B33C9AE78A0E28A220EA-DA5F16F4B55E" lID="20327F65-378F-019C-F722-B33C9AE78A0E" rID="28A220EA-92AE-E7D2-31E6-DA5F16F4B55E"/>
<Mg class="oracle.dbtools.crest.model.xtdmapping.RelMapping" id="540E6BB7-0914714F63FB5CDB3FDA-A2C4A67CF7BE" lID="540E6BB7-3A00-7D63-5DC8-0914714F63FB" rID="5CDB3FDA-3AED-8204-638A-A2C4A67CF7BE"/>
<Mg class="oracle.dbtools.crest.model.xtdmapping.RelMapping" id="625AA66B-465B3C595E2C145A1071-AF4EFB152233" lID="625AA66B-5489-6794-53F7-465B3C595E2C" rID="145A1071-CC8C-3ED7-6D65-AF4EFB152233"/>
<Mg class="oracle.dbtools.crest.model.xtdmapping.RelMapping" id="6ECA7130-1F70E466D2FF9AD2699C-FD5D1308E8B3" lID="6ECA7130-F29F-26D3-9B35-1F70E466D2FF" lT="2" rID="9AD2699C-FA7B-7866-1FF3-FD5D1308E8B3" rT="7"/>
<Mg class="oracle.dbtools.crest.model.xtdmapping.RelMapping" id="C34E47C1-7B817BDEE0E71EAB2D1A-5A43AF076BCA" lID="C34E47C1-3502-8254-50A0-7B817BDEE0E7" rID="1EAB2D1A-48B2-9467-88D6-5A43AF076BCA"/>
<Mg class="oracle.dbtools.crest.model.xtdmapping.RelMapping" id="CBDB6E2A-1BBF7E323CDD7493EDA4-21E6F7454A9D" lID="CBDB6E2A-1DFD-CA2B-90B5-1BBF7E323CDD" rID="7493EDA4-EFAA-1CB2-D68B-21E6F7454A9D"/>
<Mg class="oracle.dbtools.crest.model.xtdmapping.RelMapping" id="D5B8FEA6-1D314A1EEE895D9D041C-7B4DCEF3D089" lID="D5B8FEA6-460D-2988-E1F7-1D314A1EEE89" rID="5D9D041C-249C-EE7D-1DA0-7B4DCEF3D089"/>
<Mg class="oracle.dbtools.crest.model.xtdmapping.RelMapping" id="E5C85A29-2BBA103CD38FF468DC3C-2EE26FEF9F48" lID="E5C85A29-D896-29F5-7A99-2BBA103CD38F" rID="F468DC3C-F932-228F-A7A9-2EE26FEF9F48"/>
<Mg class="oracle.dbtools.crest.model.xtdmapping.RelMapping" id="FADFE220-DBD305C0577F0544C261-188E9728E61E" lID="FADFE220-4C93-7744-D82E-DBD305C0577F" rID="0544C261-95E4-C4D2-4719-188E9728E61E"/>
</containedMappings>
</CM>
<CM class="oracle.dbtools.crest.model.xtdmapping.ContainerMapping" id="A8A2506A-1623E6E3FC02EBB3F9A9-A662014BE9A1" lID="A8A2506A-D2C3-2E24-2DB1-1623E6E3FC02" lT="0" rID="EBB3F9A9-75F8-18F6-B0CF-A662014BE9A1" rT="4">
<containedMappings>
<Mg class="oracle.dbtools.crest.model.xtdmapping.RelMapping" id="12A98245-6EA9B007580CFFEF1896-047E188527C7" lID="12A98245-8827-923F-8B75-6EA9B007580C" rID="FFEF1896-C156-37DD-B6B0-047E188527C7"/>
<Mg class="oracle.dbtools.crest.model.xtdmapping.RelMapping" id="A4C6CF5B-8CAD0A646160BE887714-02CD244BA7FA" lID="A4C6CF5B-339B-6174-683F-8CAD0A646160" lT="2" rID="BE887714-50CD-F77E-61E3-02CD244BA7FA" rT="7"/>
<Mg class="oracle.dbtools.crest.model.xtdmapping.RelMapping" id="B1912873-1132A37E0D6289CD4F09-D132E6CE8CEF" lID="B1912873-5747-6837-7E57-1132A37E0D62" rID="89CD4F09-870B-B904-E4AA-D132E6CE8CEF"/>
</containedMappings>
</CM>
<CM class="oracle.dbtools.crest.model.xtdmapping.ContainerMapping" id="AD56AC2D-8FE06E40D306C7C9BB12-FCBEC92DA9E9" lID="AD56AC2D-BBCC-4586-347D-8FE06E40D306" lT="0" rID="C7C9BB12-D65A-CB3F-2C19-FCBEC92DA9E9" rT="4">
<containedMappings>
<Mg class="oracle.dbtools.crest.model.xtdmapping.RelMapping" id="2B1A0984-B3FCFB26C94F799A84E9-A5FF83CF720C" lID="2B1A0984-3C40-1DFB-2DEA-B3FCFB26C94F" rID="799A84E9-4367-2050-3FF5-A5FF83CF720C"/>
<Mg class="oracle.dbtools.crest.model.xtdmapping.RelMapping" id="5A7223F8-D2E8E6F015EA1E1518C7-5CAB0269DF75" lID="5A7223F8-60E9-4698-BC9B-D2E8E6F015EA" lT="2" rID="1E1518C7-C639-C862-4239-5CAB0269DF75" rT="7"/>
<Mg class="oracle.dbtools.crest.model.xtdmapping.RelMapping" id="ADD4A990-F30B7FB3959487CB0059-DA3F714B6379" lID="ADD4A990-714A-F75A-D3F8-F30B7FB39594" rID="87CB0059-2962-E9B9-D9B5-DA3F714B6379"/>
</containedMappings>
</CM>
<CM class="oracle.dbtools.crest.model.xtdmapping.ContainerMapping" id="BBFC0AEE-27DA17BF2D5ABC2157CC-3BBD934D0648" lID="BBFC0AEE-F067-32DF-3B3E-27DA17BF2D5A" lT="0" rID="BC2157CC-7AED-90F7-B6DA-3BBD934D0648" rT="4">
<containedMappings>
<Mg class="oracle.dbtools.crest.model.xtdmapping.RelMapping" id="53F6A5D6-F4ACE9B212F56B3D9B47-8F77A657AA2C" lID="53F6A5D6-F141-D0A3-3441-F4ACE9B212F5" lT="2" rID="6B3D9B47-E037-D85A-8CB5-8F77A657AA2C" rT="7"/>
<Mg class="oracle.dbtools.crest.model.xtdmapping.RelMapping" id="83232CCA-01B6E618C510F8F2D223-AB22325C5C7D" lID="83232CCA-8F05-4D80-FA05-01B6E618C510" rID="F8F2D223-0D78-ACF7-A18A-AB22325C5C7D"/>
<Mg class="oracle.dbtools.crest.model.xtdmapping.RelMapping" id="E8E1F7E9-51EE3D5CC3D1D41F7F74-74DB9AF0AEEE" lID="E8E1F7E9-0C21-BAC0-D9D1-51EE3D5CC3D1" rID="D41F7F74-D076-B4B6-18C7-74DB9AF0AEEE"/>
<Mg class="oracle.dbtools.crest.model.xtdmapping.RelMapping" id="F6020761-48EA71999E31E8903328-868CDDC759BA" lID="F6020761-CFC7-DC00-6C65-48EA71999E31" rID="E8903328-777A-9CF8-09DF-868CDDC759BA"/>
</containedMappings>
</CM>
<CM class="oracle.dbtools.crest.model.xtdmapping.ContainerMapping" id="BCD602D0-5BBE192583C4DE8DE73F-465D9AC22F3B" lID="BCD602D0-7FF8-479C-97A9-5BBE192583C4" lT="3" rID="DE8DE73F-FD92-7F71-664D-465D9AC22F3B" rT="4">
</CM>
<CM class="oracle.dbtools.crest.model.xtdmapping.ContainerMapping" id="BCF65B88-AACFF8CF87153D8640B0-1E9DBFE15AD7" lID="BCF65B88-F084-EAC7-3F06-AACFF8CF8715" lT="0" rID="3D8640B0-F409-431D-8E77-1E9DBFE15AD7" rT="4">
<containedMappings>
<Mg class="oracle.dbtools.crest.model.xtdmapping.RelMapping" id="125FCF23-64651F1DAC93498DC04D-AF4287F2E2BE" lID="125FCF23-5985-D871-42CC-64651F1DAC93" rID="498DC04D-2BC1-19EC-9DF2-AF4287F2E2BE"/>
<Mg class="oracle.dbtools.crest.model.xtdmapping.RelMapping" id="17FE5E6F-A6D32154CB7F49C565B7-0AD95626F5BD" lID="17FE5E6F-B379-0B63-5EB6-A6D32154CB7F" rID="49C565B7-4187-F703-B783-0AD95626F5BD"/>
<Mg class="oracle.dbtools.crest.model.xtdmapping.RelMapping" id="3B041705-4F455A7A3EAE42C6B4EF-BB354ECC113F" lID="3B041705-6E78-D6ED-0BFA-4F455A7A3EAE" rID="42C6B4EF-3014-B29D-A1C2-BB354ECC113F"/>
<Mg class="oracle.dbtools.crest.model.xtdmapping.RelMapping" id="69474550-1270C88C295FF1EF8CCB-1160497B573B" lID="69474550-FD72-785E-6B44-1270C88C295F" lT="2" rID="F1EF8CCB-0C96-C25D-71AD-1160497B573B" rT="7"/>
<Mg class="oracle.dbtools.crest.model.xtdmapping.RelMapping" id="C573F094-F1CE82C1F1643F7CFEAA-16CAB0BE1005" lID="C573F094-5C8A-0037-3952-F1CE82C1F164" lT="2" rID="3F7CFEAA-347D-1270-5E3E-16CAB0BE1005" rT="6"/>
<Mg class="oracle.dbtools.crest.model.xtdmapping.RelMapping" id="C9239E17-715CB89FF2DFEE714E90-1A10E71CCBCF" lID="C9239E17-9608-1AC9-AE3D-715CB89FF2DF" rID="EE714E90-10C4-0F8D-1F27-1A10E71CCBCF"/>
<Mg class="oracle.dbtools.crest.model.xtdmapping.RelMapping" id="D92FA43A-F9DE26698A1C5FC97645-6F4D8E293644" lID="D92FA43A-331C-0720-EBA5-F9DE26698A1C" rID="5FC97645-7EF5-E0BC-B488-6F4D8E293644"/>
</containedMappings>
</CM>
<CM class="oracle.dbtools.crest.model.xtdmapping.ContainerMapping" id="CD71DD0A-ABEBA4DFE316DFCBCD0D-C36439DCB647" lID="CD71DD0A-626B-56C1-5CFC-ABEBA4DFE316" lT="0" rID="DFCBCD0D-B207-44CE-F004-C36439DCB647" rT="4">
<containedMappings>
<Mg class="oracle.dbtools.crest.model.xtdmapping.RelMapping" id="48A9B87B-8D9D565EFE05C624FE0D-F1748AD66B32" lID="48A9B87B-8689-3DEC-0132-8D9D565EFE05" lT="2" rID="C624FE0D-250B-6355-C5AE-F1748AD66B32" rT="7"/>
<Mg class="oracle.dbtools.crest.model.xtdmapping.RelMapping" id="8B487F81-B0A02D5455E04448670E-AC2151231F90" lID="8B487F81-7313-3BE0-2222-B0A02D5455E0" rID="4448670E-044F-525D-08C4-AC2151231F90"/>
<Mg class="oracle.dbtools.crest.model.xtdmapping.RelMapping" id="FBB04473-13169C487F67AFAF06F9-2B32F4EB6C1C" lID="FBB04473-785F-96C4-3F33-13169C487F67" rID="AFAF06F9-A6EC-5672-3D8D-2B32F4EB6C1C"/>
</containedMappings>
</CM>
<CM class="oracle.dbtools.crest.model.xtdmapping.ContainerMapping" id="CF662795-76DE03F7C9D7D9813430-71CC9E5F04E2" lID="CF662795-9CAD-A318-931C-76DE03F7C9D7" lT="0" rID="D9813430-1607-8873-E96E-71CC9E5F04E2" rT="4">
<containedMappings>
<Mg class="oracle.dbtools.crest.model.xtdmapping.RelMapping" id="2134AA3B-1E6B342A9D13C2240CC6-A0535D4947D8" lID="2134AA3B-6799-CC79-1161-1E6B342A9D13" rID="C2240CC6-ACC3-001B-39A3-A0535D4947D8"/>
<Mg class="oracle.dbtools.crest.model.xtdmapping.RelMapping" id="6D57BFC9-E1E9D79BFCFFA537706B-10FEC1506BB3" lID="6D57BFC9-A0A5-2747-E259-E1E9D79BFCFF" rID="A537706B-2A74-BFC8-DBCF-10FEC1506BB3"/>
<Mg class="oracle.dbtools.crest.model.xtdmapping.RelMapping" id="98800953-9F18601997A824E0ABC6-BDA63B1071EA" lID="98800953-48CD-55E6-8B92-9F18601997A8" lT="2" rID="24E0ABC6-407F-FB5F-A860-BDA63B1071EA" rT="7"/>
</containedMappings>
</CM>
<CM class="oracle.dbtools.crest.model.xtdmapping.ContainerMapping" id="E343AB60-6A58BD90BA5F2974D95C-2CF9693C6494" lID="E343AB60-4538-546D-3899-6A58BD90BA5F" lT="0" rID="2974D95C-0D58-C25C-A067-2CF9693C6494" rT="4">
<containedMappings>
<Mg class="oracle.dbtools.crest.model.xtdmapping.RelMapping" id="2B741D5A-0C89BFAB13D1D5C20A73-B964FDAFD611" lID="2B741D5A-CB91-1EAF-86EE-0C89BFAB13D1" rID="D5C20A73-8BFF-C724-03F6-B964FDAFD611"/>
<Mg class="oracle.dbtools.crest.model.xtdmapping.RelMapping" id="8AE4E513-8EE1F626A88147EA6F99-458EEDAEC38B" lID="8AE4E513-4807-B31D-8899-8EE1F626A881" lT="2" rID="47EA6F99-61CA-8734-E4BF-458EEDAEC38B" rT="7"/>
<Mg class="oracle.dbtools.crest.model.xtdmapping.RelMapping" id="98C7CC97-873B138C82D88425C720-AD2D427C3941" lID="98C7CC97-8279-1F88-3DE2-873B138C82D8" rID="8425C720-4B9A-55AD-55CE-AD2D427C3941"/>
</containedMappings>
</CM>
<CM class="oracle.dbtools.crest.model.xtdmapping.ContainerMapping" id="E34D97C6-3E212857F3EF5CCBD097-5B4B710E1BEB" lID="E34D97C6-5D07-773B-9740-3E212857F3EF" lT="0" rID="5CCBD097-32F4-2FBC-BD68-5B4B710E1BEB" rT="4">
<containedMappings>
<Mg class="oracle.dbtools.crest.model.xtdmapping.RelMapping" id="2EE95C1F-8A4598645CA4B2159B8F-8D5E578BC8D4" lID="2EE95C1F-66BA-9B8F-3DE7-8A4598645CA4" rID="B2159B8F-8708-A34C-3367-8D5E578BC8D4"/>
<Mg class="oracle.dbtools.crest.model.xtdmapping.RelMapping" id="49131A9C-C38793F5A1D19A6238E9-809D7E8A7ABE" lID="49131A9C-AFBB-BF80-192D-C38793F5A1D1" rID="9A6238E9-5C94-285C-696A-809D7E8A7ABE"/>
<Mg class="oracle.dbtools.crest.model.xtdmapping.RelMapping" id="6FBEEA7D-A411BC3A94181ECA4B70-E6617747A1E1" lID="6FBEEA7D-3F8D-FDDD-231A-A411BC3A9418" rID="1ECA4B70-30B9-299D-29CA-E6617747A1E1"/>
<Mg class="oracle.dbtools.crest.model.xtdmapping.RelMapping" id="718774BC-3E2BE00AA015FEAF67F0-65D26C087374" lID="718774BC-341E-19D4-6846-3E2BE00AA015" lT="2" rID="FEAF67F0-2482-139E-BA80-65D26C087374" rT="7"/>
<Mg class="oracle.dbtools.crest.model.xtdmapping.RelMapping" id="78419E8C-2F5562725792C64380CD-E180D9437733" lID="78419E8C-29B2-8C28-A621-2F5562725792" rID="C64380CD-5570-29A3-2652-E180D9437733"/>
<Mg class="oracle.dbtools.crest.model.xtdmapping.RelMapping" id="CE1D8881-F271B345CA04BA4B366F-FEC59278FC30" lID="CE1D8881-A6CC-3291-CF56-F271B345CA04" rID="BA4B366F-91FA-A36D-537E-FEC59278FC30"/>
<Mg class="oracle.dbtools.crest.model.xtdmapping.RelMapping" id="DD8736D1-A82970480687D789AB21-DA051AC26542" lID="DD8736D1-E543-726B-FEB2-A82970480687" rID="D789AB21-A2E2-A02B-0A3C-DA051AC26542"/>
<Mg class="oracle.dbtools.crest.model.xtdmapping.RelMapping" id="FAA28120-65D28C0F462B4C639504-3703C91F0A81" lID="FAA28120-6396-8CAB-00FE-65D28C0F462B" rID="4C639504-B571-10BD-DB73-3703C91F0A81"/>
</containedMappings>
</CM>
<CM class="oracle.dbtools.crest.model.xtdmapping.ContainerMapping" id="E72DCD0C-E5DE2437968153FBB2FE-022FC9E56894" lID="E72DCD0C-E83F-5CC6-4706-E5DE24379681" lT="3" rID="53FBB2FE-82E4-68D7-B083-022FC9E56894" rT="4">
</CM>
<CM class="oracle.dbtools.crest.model.xtdmapping.ContainerMapping" id="1CA61C2D-15C15FCADEE7CC4106CB-53FE6B7C19C4" lID="1CA61C2D-EFC6-6C8A-317F-15C15FCADEE7" lT="3" rID="CC4106CB-F0C2-9AF1-D881-53FE6B7C19C4" rT="8">
</CM>
<CM class="oracle.dbtools.crest.model.xtdmapping.ContainerMapping" id="5A854629-645E09C390663884E144-806F0DEE6D61" lID="5A854629-A63A-16DA-EE61-645E09C39066" lT="3" rID="3884E144-D902-A514-B8F7-806F0DEE6D61" rT="8">
</CM>
<CM class="oracle.dbtools.crest.model.xtdmapping.ContainerMapping" id="5D40C36A-B39741FBBF2FCEC04E4C-FBD32EFCEFE3" lID="5D40C36A-D99D-7366-E24A-B39741FBBF2F" lT="3" rID="CEC04E4C-5188-C024-B944-FBD32EFCEFE3" rT="8">
</CM>
<CM class="oracle.dbtools.crest.model.xtdmapping.ContainerMapping" id="8BFF55C8-1A1F32731BB90702BEB1-2970912751E8" lID="8BFF55C8-BCFF-783F-062F-1A1F32731BB9" lT="3" rID="0702BEB1-5A1C-4F6B-9E74-2970912751E8" rT="8">
</CM>
<CM class="oracle.dbtools.crest.model.xtdmapping.ContainerMapping" id="8F836634-B36285D9055E3B9884C1-54D19E3F58DE" lID="8F836634-632B-6777-9770-B36285D9055E" lT="3" rID="3B9884C1-89E4-C7FF-E14C-54D19E3F58DE" rT="8">
</CM>
<CM class="oracle.dbtools.crest.model.xtdmapping.ContainerMapping" id="A49800C7-C7CF039C70DE44C689E0-EA9929642B96" lID="A49800C7-C35A-6E46-98E1-C7CF039C70DE" lT="3" rID="44C689E0-FD35-F695-B095-EA9929642B96" rT="8">
</CM>
<CM class="oracle.dbtools.crest.model.xtdmapping.ContainerMapping" id="B39D4D8F-BCBE764840280BC8B5D5-A3E2FCB9E0E8" lID="B39D4D8F-97DD-7A15-E031-BCBE76484028" lT="3" rID="0BC8B5D5-46CC-B86D-0CDD-A3E2FCB9E0E8" rT="8">
</CM>
<CM class="oracle.dbtools.crest.model.xtdmapping.ContainerMapping" id="CAF201D9-3CA989237D1CF1E4E332-F421F8C664CC" lID="CAF201D9-114A-1FD5-B3E7-3CA989237D1C" lT="3" rID="F1E4E332-BB26-AA78-15C9-F421F8C664CC" rT="8">
</CM>
<CM class="oracle.dbtools.crest.model.xtdmapping.ContainerMapping" id="F5B788C2-E101C345A51B73EC4A76-9C3C61928F10" lID="F5B788C2-CB0A-86C9-50BA-E101C345A51B" lT="3" rID="73EC4A76-5896-706D-81B3-9C3C61928F10" rT="8">
</CM>
</mappings>
</RMExtendedMap>