<?xml version = '1.0' encoding = 'UTF-8'?>
<FKIndexAssociation class="oracle.dbtools.crest.model.design.relational.FKIndexAssociation" id="18BE75D5-C11E-333F-61B9-25A4CE223BA9" directorySegmentName="seg_0" name="mueble_ambiente">
<createdBy>alumno</createdBy>
<createdTime>2012-11-20 19:05:49 UTC</createdTime>
<generatorID>590EA8DA-81AC-8991-CB6B-131CBAF53F1D</generatorID>
<ownerDesignName>muebles</ownerDesignName>
<containerWithKeyObject>39ED0DCF-2A9A-5EBE-64AF-553F601C841B</containerWithKeyObject>
<deleteRule>RESTRICT</deleteRule>
<localFKIndex>8FC272D0-1884-E1FC-7942-F515824F305E</localFKIndex>
<keyObject>2FB5FF26-6546-0377-95A9-9D00762F855F</keyObject>
<mandatory>true</mandatory>
<transferable>true</transferable>
</FKIndexAssociation>