<?xml version = '1.0' encoding = 'UTF-8'?>
<FKIndexAssociation class="oracle.dbtools.crest.model.design.relational.FKIndexAssociation" id="2C151AE5-6B9F-2B39-4838-3C46B9ADB865" directorySegmentName="seg_0" name="FK_ASS_4">
<createdBy>alumno</createdBy>
<createdTime>2012-11-20 19:05:49 UTC</createdTime>
<generatorID>71F2457D-6DAA-FCB0-3BA2-61AE1FD521A3</generatorID>
<ownerDesignName>muebles</ownerDesignName>
<containerWithKeyObject>8C2E6C3C-2420-A875-DB51-2FF6A4B41D44</containerWithKeyObject>
<deleteRule>CASCADE</deleteRule>
<localFKIndex>FB25D74B-842C-07B4-2C5B-EE06F33A9DDD</localFKIndex>
<keyObject>1B283C83-77B7-BC24-CB9F-8C0556E1D662</keyObject>
<mandatory>true</mandatory>
<transferable>true</transferable>
</FKIndexAssociation>