<?xml version = '1.0' encoding = 'UTF-8'?>
<FKIndexAssociation class="oracle.dbtools.crest.model.design.relational.FKIndexAssociation" id="37ED5023-FC93-CA8E-DD63-E197953BFA27" directorySegmentName="seg_0" name="lineas_pedidos_color">
<createdBy>alumno</createdBy>
<createdTime>2012-11-20 19:05:49 UTC</createdTime>
<generatorID>FED42C1B-40B6-90A2-A3F4-0B7018F0532F</generatorID>
<ownerDesignName>muebles</ownerDesignName>
<containerWithKeyObject>30579A67-0FF5-2E51-DFCC-5FFC89337597</containerWithKeyObject>
<deleteRule>CASCADE</deleteRule>
<localFKIndex>E1CEF411-48C9-B942-1119-68CD56826D8E</localFKIndex>
<keyObject>6DD5159A-E532-BE24-6852-1FAA0687B9F5</keyObject>
<mandatory>true</mandatory>
<transferable>true</transferable>
</FKIndexAssociation>