<?xml version = '1.0' encoding = 'UTF-8'?>
<FKIndexAssociation class="oracle.dbtools.crest.model.design.relational.FKIndexAssociation" id="487E5E79-B52B-E517-0660-A6DFEEB47802" directorySegmentName="seg_0" name="mueble_coleccion">
<createdBy>alumno</createdBy>
<createdTime>2012-11-20 19:05:49 UTC</createdTime>
<generatorID>82146703-D965-40CA-6A14-AAACA1E3D640</generatorID>
<ownerDesignName>muebles</ownerDesignName>
<containerWithKeyObject>39ED0DCF-2A9A-5EBE-64AF-553F601C841B</containerWithKeyObject>
<deleteRule>RESTRICT</deleteRule>
<localFKIndex>6D32E690-C0BE-48D6-E0E1-4A65B771AA31</localFKIndex>
<keyObject>1B283C83-77B7-BC24-CB9F-8C0556E1D662</keyObject>
<mandatory>true</mandatory>
<transferable>true</transferable>
</FKIndexAssociation>