<?xml version = '1.0' encoding = 'UTF-8'?>
<FKIndexAssociation class="oracle.dbtools.crest.model.design.relational.FKIndexAssociation" id="60ABC4C5-9F0C-0DCB-02E8-558B5B22AADF" directorySegmentName="seg_0" name="FK_ASS_3">
<createdBy>alumno</createdBy>
<createdTime>2012-11-20 19:05:49 UTC</createdTime>
<generatorID>78E00641-036E-41AB-4D6D-EFF32D670447</generatorID>
<ownerDesignName>muebles</ownerDesignName>
<containerWithKeyObject>42FAC413-0886-C9ED-C286-09BD68FB469A</containerWithKeyObject>
<deleteRule>CASCADE</deleteRule>
<localFKIndex>534B7304-0B7C-80A3-18FE-C9F6E0DE9624</localFKIndex>
<keyObject>58601357-0D51-80A3-EB7A-84D07FFC321F</keyObject>
<mandatory>true</mandatory>
<transferable>true</transferable>
</FKIndexAssociation>