<?xml version = '1.0' encoding = 'UTF-8'?>
<FKIndexAssociation class="oracle.dbtools.crest.model.design.relational.FKIndexAssociation" id="66A89108-7BEF-58DF-7B00-270DDED2E6FF" directorySegmentName="seg_0" name="FK_ASS_16">
<createdBy>alumno</createdBy>
<createdTime>2012-11-20 19:05:49 UTC</createdTime>
<generatorID>A8DBD1E7-D658-48F3-A9BD-C8C29BF3A645</generatorID>
<ownerDesignName>muebles</ownerDesignName>
<containerWithKeyObject>0FF2C78A-7B05-12B6-9764-BB6FA418CECE</containerWithKeyObject>
<deleteRule>CASCADE</deleteRule>
<localFKIndex>045B0E71-DC02-9114-F70B-4442C20E95C8</localFKIndex>
<keyObject>1B283C83-77B7-BC24-CB9F-8C0556E1D662</keyObject>
<mandatory>true</mandatory>
<transferable>true</transferable>
</FKIndexAssociation>