<?xml version = '1.0' encoding = 'UTF-8'?>
<FKIndexAssociation class="oracle.dbtools.crest.model.design.relational.FKIndexAssociation" id="71012689-E6B9-BC92-CEDB-3259CD094DEE" directorySegmentName="seg_0" name="FK_ASS_5">
<createdBy>alumno</createdBy>
<createdTime>2012-11-20 19:05:49 UTC</createdTime>
<generatorID>71F2457D-6DAA-FCB0-3BA2-61AE1FD521A3</generatorID>
<ownerDesignName>muebles</ownerDesignName>
<containerWithKeyObject>8C2E6C3C-2420-A875-DB51-2FF6A4B41D44</containerWithKeyObject>
<deleteRule>CASCADE</deleteRule>
<localFKIndex>C55E09DA-B2ED-55F9-BFBE-04502BEEA245</localFKIndex>
<keyObject>6DD5159A-E532-BE24-6852-1FAA0687B9F5</keyObject>
<mandatory>true</mandatory>
<transferable>true</transferable>
</FKIndexAssociation>