<?xml version = '1.0' encoding = 'UTF-8'?>
<FKIndexAssociation class="oracle.dbtools.crest.model.design.relational.FKIndexAssociation" id="7120C7FE-53D2-26C3-BA0A-D288B890FFF8" directorySegmentName="seg_0" name="cabecera_pedidos_lineas_pedidos">
<createdBy>alumno</createdBy>
<createdTime>2012-11-20 19:05:49 UTC</createdTime>
<generatorID>95BAEB1F-B344-96FF-04F5-9D375BB92382</generatorID>
<ownerDesignName>muebles</ownerDesignName>
<containerWithKeyObject>30579A67-0FF5-2E51-DFCC-5FFC89337597</containerWithKeyObject>
<deleteRule>CASCADE</deleteRule>
<localFKIndex>F8D4624C-19DF-25F3-B103-4F3744C719F4</localFKIndex>
<keyObject>58601357-0D51-80A3-EB7A-84D07FFC321F</keyObject>
<mandatory>true</mandatory>
<transferable>true</transferable>
</FKIndexAssociation>