<?xml version = '1.0' encoding = 'UTF-8'?>
<FKIndexAssociation class="oracle.dbtools.crest.model.design.relational.FKIndexAssociation" id="90E343B6-7946-BAFB-B3FA-072798F22011" directorySegmentName="seg_0" name="lineas_pedidos_terminacion">
<createdBy>alumno</createdBy>
<createdTime>2012-11-20 19:05:49 UTC</createdTime>
<generatorID>318CFED6-3C11-7545-93F4-7A27DD239AD0</generatorID>
<ownerDesignName>muebles</ownerDesignName>
<containerWithKeyObject>30579A67-0FF5-2E51-DFCC-5FFC89337597</containerWithKeyObject>
<deleteRule>CASCADE</deleteRule>
<localFKIndex>7298C30F-C893-A369-257E-069383F40117</localFKIndex>
<keyObject>BBC9C7B9-576D-80FB-3A21-521930965064</keyObject>
<mandatory>true</mandatory>
<transferable>true</transferable>
</FKIndexAssociation>