<?xml version = '1.0' encoding = 'UTF-8'?>
<FKIndexAssociation class="oracle.dbtools.crest.model.design.relational.FKIndexAssociation" id="B43CC543-A160-0081-5033-3A84893D548F" directorySegmentName="seg_0" name="FK_ASS_7">
<createdBy>alumno</createdBy>
<createdTime>2012-11-20 19:05:49 UTC</createdTime>
<generatorID>7EC028C8-6FF6-24A3-4531-9BC0FB23721A</generatorID>
<ownerDesignName>muebles</ownerDesignName>
<containerWithKeyObject>E5A45259-D3A2-3FDA-EF31-8AA18953F3D3</containerWithKeyObject>
<deleteRule>CASCADE</deleteRule>
<localFKIndex>6B6808AA-F5E0-F728-56DE-85AA5D086D8C</localFKIndex>
<keyObject>BBC9C7B9-576D-80FB-3A21-521930965064</keyObject>
<mandatory>true</mandatory>
<transferable>true</transferable>
</FKIndexAssociation>