<?xml version = '1.0' encoding = 'UTF-8'?>
<FKIndexAssociation class="oracle.dbtools.crest.model.design.relational.FKIndexAssociation" id="BDF947F2-D5BE-48F7-ACD2-DAB3AD444B34" directorySegmentName="seg_0" name="FK_ASS_17">
<createdBy>alumno</createdBy>
<createdTime>2012-11-20 19:05:49 UTC</createdTime>
<generatorID>A8DBD1E7-D658-48F3-A9BD-C8C29BF3A645</generatorID>
<ownerDesignName>muebles</ownerDesignName>
<containerWithKeyObject>0FF2C78A-7B05-12B6-9764-BB6FA418CECE</containerWithKeyObject>
<deleteRule>CASCADE</deleteRule>
<localFKIndex>92A2BE3B-697B-CF46-75E5-EABBCA64D32F</localFKIndex>
<keyObject>0DA89655-6193-F53B-C26A-B2B5014AB05E</keyObject>
<mandatory>true</mandatory>
<transferable>true</transferable>
</FKIndexAssociation>