<?xml version = '1.0' encoding = 'UTF-8'?>
<FKIndexAssociation class="oracle.dbtools.crest.model.design.relational.FKIndexAssociation" id="C0069F43-1319-C898-5F20-8AA02502FDA6" directorySegmentName="seg_0" name="mueble_temporada">
<createdBy>alumno</createdBy>
<createdTime>2012-11-20 19:05:49 UTC</createdTime>
<generatorID>41112069-34B0-F283-9B5F-75A175068DD9</generatorID>
<ownerDesignName>muebles</ownerDesignName>
<containerWithKeyObject>39ED0DCF-2A9A-5EBE-64AF-553F601C841B</containerWithKeyObject>
<deleteRule>RESTRICT</deleteRule>
<localFKIndex>AB82CFFE-AC31-D31A-553D-0855B61DECA0</localFKIndex>
<keyObject>743A9C9A-66B4-9A6F-46A9-E1D9D81B4BD0</keyObject>
<mandatory>true</mandatory>
<transferable>true</transferable>
</FKIndexAssociation>