<?xml version = '1.0' encoding = 'UTF-8'?>
<FKIndexAssociation class="oracle.dbtools.crest.model.design.relational.FKIndexAssociation" id="D85BC4DF-C0F9-98E9-9FDD-D92C9D564DBE" directorySegmentName="seg_0" name="FK_ASS_6">
<createdBy>alumno</createdBy>
<createdTime>2012-11-20 19:05:49 UTC</createdTime>
<generatorID>7EC028C8-6FF6-24A3-4531-9BC0FB23721A</generatorID>
<ownerDesignName>muebles</ownerDesignName>
<containerWithKeyObject>E5A45259-D3A2-3FDA-EF31-8AA18953F3D3</containerWithKeyObject>
<deleteRule>CASCADE</deleteRule>
<localFKIndex>68C2E1AF-1708-275D-214D-1ADF753857FC</localFKIndex>
<keyObject>1B283C83-77B7-BC24-CB9F-8C0556E1D662</keyObject>
<mandatory>true</mandatory>
<transferable>true</transferable>
</FKIndexAssociation>