<?xml version = '1.0' encoding = 'UTF-8'?>
<FKIndexAssociation class="oracle.dbtools.crest.model.design.relational.FKIndexAssociation" id="EDAF6CF4-8DEF-A0FD-3C79-0CB2DF81FA96" directorySegmentName="seg_0" name="FK_ASS_2">
<createdBy>alumno</createdBy>
<createdTime>2012-11-20 19:05:49 UTC</createdTime>
<generatorID>78E00641-036E-41AB-4D6D-EFF32D670447</generatorID>
<ownerDesignName>muebles</ownerDesignName>
<containerWithKeyObject>42FAC413-0886-C9ED-C286-09BD68FB469A</containerWithKeyObject>
<deleteRule>CASCADE</deleteRule>
<localFKIndex>DB5060ED-FC3D-22F0-455F-6A67E73DBE1E</localFKIndex>
<keyObject>F925CC91-4CB0-D5C4-A64A-68D8667D6CCB</keyObject>
<mandatory>true</mandatory>
<transferable>true</transferable>
</FKIndexAssociation>