<?xml version = '1.0' encoding = 'UTF-8'?>
<Table class="oracle.dbtools.crest.model.design.relational.Table" id="E9EE2554-0189-A590-FA87-F1C12BA3724F" directorySegmentName="seg_0" name="Relation_13">
<createdBy>Administrator</createdBy>
<createdTime>2012-11-24 17:47:49 UTC</createdTime>
<ownerDesignName>Muebles3</ownerDesignName>
<pkName>Relation_13__IDX</pkName>
<fonts>
<FontObject class="oracle.dbtools.crest.model.design.FontObjectWr">
<foType>Title</foType>
<fontStyle>1</fontStyle>
<colorRGB>-16776961</colorRGB>
</FontObject>
<FontObject class="oracle.dbtools.crest.model.design.FontObjectWr">
<foType>Column</foType>
<colorRGB>-16777216</colorRGB>
</FontObject>
<FontObject class="oracle.dbtools.crest.model.design.FontObjectWr">
<foType>Datatype</foType>
<colorRGB>-16744448</colorRGB>
</FontObject>
<FontObject class="oracle.dbtools.crest.model.design.FontObjectWr">
<foType>PK Element</foType>
<colorRGB>-16776961</colorRGB>
</FontObject>
<FontObject class="oracle.dbtools.crest.model.design.FontObjectWr">
<foType>FK Element</foType>
<colorRGB>-16777216</colorRGB>
</FontObject>
<FontObject class="oracle.dbtools.crest.model.design.FontObjectWr">
<foType>UK Element</foType>
<colorRGB>-16776961</colorRGB>
</FontObject>
<FontObject class="oracle.dbtools.crest.model.design.FontObjectWr">
<foType>Not Null</foType>
<colorRGB>-65536</colorRGB>
</FontObject>
<FontObject class="oracle.dbtools.crest.model.design.FontObjectWr">
<foType>Key</foType>
<colorRGB>-16777216</colorRGB>
</FontObject>
</fonts>
<indexes>
<ind_PK_UK class="oracle.dbtools.crest.model.design.relational.Index" id="8BBD237B-6EED-72A7-CAD7-30C6CE72AA5F" name="Relation_13__IDX">
<createdBy>Administrator</createdBy>
<createdTime>2012-11-24 17:47:49 UTC</createdTime>
<ownerDesignName>Muebles3</ownerDesignName>
<pk>true</pk>
<indexState>Primary Constraint</indexState>
</ind_PK_UK>
</indexes>
</Table>