<?xml version = '1.0' encoding = 'UTF-8'?>
<relationalModel class="oracle.dbtools.crest.model.design.relational.RelationalDesign" name="Relational_1" id="E285BA65-A133-975A-16B7-05674F499368" mainViewID="E7FAD91C-A335-D244-752C-D4C0080739B9">
<createdBy>alumno</createdBy>
<createdTime>2012-11-20 16:51:47 UTC</createdTime>
<generatorID>Generado por el Usuario</generatorID>
<ownerDesignName>muebles</ownerDesignName>
<shouldBeOpen>true</shouldBeOpen>
<selectedRDBMSSite>32076570-2523-435C-2E92-BF29817DFF70</selectedRDBMSSite>
</relationalModel>