<?xml version = '1.0' encoding = 'UTF-8'?>
<RMExtendedMap class="oracle.dbtools.crest.model.xtdmapping.RMExtendedMap">
<mappings>
<CM class="oracle.dbtools.crest.model.xtdmapping.ContainerMapping" id="080EE576-5DD02E023AE8DAF50485-776C152A5DE5" lID="080EE576-A95B-3767-5D93-5DD02E023AE8" lT="0" rID="DAF50485-031B-34FB-A620-776C152A5DE5" rT="4">
<containedMappings>
<Mg class="oracle.dbtools.crest.model.xtdmapping.RelMapping" id="1EBB13A0-AB8666089D5A73AAE86F-00A5BD90A409" lID="1EBB13A0-D5A9-350A-0230-AB8666089D5A" rID="73AAE86F-0198-BCEC-7560-00A5BD90A409"/>
<Mg class="oracle.dbtools.crest.model.xtdmapping.RelMapping" id="C0DE8955-E8DA8ADD65D7D81B492A-C0235FB6D284" lID="C0DE8955-435C-9B0D-83A5-E8DA8ADD65D7" lT="2" rID="D81B492A-D351-4B95-6376-C0235FB6D284" rT="7"/>
</containedMappings>
</CM>
<CM class="oracle.dbtools.crest.model.xtdmapping.ContainerMapping" id="25BC63D1-F0EB32F862110EDA2FF7-E1A909D08938" lID="25BC63D1-F3FA-061C-11E9-F0EB32F86211" lT="0" rID="0EDA2FF7-76DB-BB94-1A41-E1A909D08938" rT="4">
<containedMappings>
<Mg class="oracle.dbtools.crest.model.xtdmapping.RelMapping" id="7F21799A-A375D66F8D87BD10A69A-B5A9BBCDF2BA" lID="7F21799A-90E5-D11A-DAC3-A375D66F8D87" rID="BD10A69A-A86B-E6ED-190B-B5A9BBCDF2BA"/>
<Mg class="oracle.dbtools.crest.model.xtdmapping.RelMapping" id="FD69CD2F-1F6A301A210BBB55F093-8E2F02701DD7" lID="FD69CD2F-CD4D-45A5-BE35-1F6A301A210B" lT="2" rID="BB55F093-C2A5-4DA5-D8B2-8E2F02701DD7" rT="7"/>
</containedMappings>
</CM>
<CM class="oracle.dbtools.crest.model.xtdmapping.ContainerMapping" id="34E70E76-1D51E3ACAD665A144831-674A880FB2BB" lID="34E70E76-47A8-8481-4408-1D51E3ACAD66" lT="0" rID="5A144831-927E-CCD9-89B2-674A880FB2BB" rT="4">
<containedMappings>
<Mg class="oracle.dbtools.crest.model.xtdmapping.RelMapping" id="7194040F-C0AF469C90D8E0F9DAEF-F1450C815D2F" lID="7194040F-582A-2A48-66E5-C0AF469C90D8" rID="E0F9DAEF-F91A-617F-C877-F1450C815D2F"/>
<Mg class="oracle.dbtools.crest.model.xtdmapping.RelMapping" id="95658B93-DCB894C1CA44A1DB5EC4-43B6797732FA" lID="95658B93-D6D3-3A0A-D10E-DCB894C1CA44" rID="A1DB5EC4-AFF9-27EE-11A7-43B6797732FA"/>
<Mg class="oracle.dbtools.crest.model.xtdmapping.RelMapping" id="9AA52ACD-30493E20FBB728AA64F9-426CD93B15EF" lID="9AA52ACD-202C-1E2E-E9C7-30493E20FBB7" rID="28AA64F9-A5FC-1DC0-E671-426CD93B15EF"/>
<Mg class="oracle.dbtools.crest.model.xtdmapping.RelMapping" id="A83CC15D-67E3AEF1A998F8A9F62A-B7741A56C81B" lID="A83CC15D-6A64-8E84-ECA3-67E3AEF1A998" rID="F8A9F62A-1A87-44F7-E989-B7741A56C81B"/>
<Mg class="oracle.dbtools.crest.model.xtdmapping.RelMapping" id="D646776B-67238C68B8384B3C7925-D80A6D805D42" lID="D646776B-660D-5FB1-D76D-67238C68B838" rID="4B3C7925-32D0-FE5D-12F4-D80A6D805D42"/>
</containedMappings>
</CM>
<CM class="oracle.dbtools.crest.model.xtdmapping.ContainerMapping" id="46EE5355-97F49E86EE7B401E94E9-1B041786915F" lID="46EE5355-DFF7-547D-6193-97F49E86EE7B" lT="0" rID="401E94E9-B37D-F365-82F2-1B041786915F" rT="4">
<containedMappings>
<Mg class="oracle.dbtools.crest.model.xtdmapping.RelMapping" id="A8A710E1-E340B96301191FA4D270-7EAA5BBB48C2" lID="A8A710E1-B9C0-398D-A877-E340B9630119" rID="1FA4D270-DDB9-95A3-E979-7EAA5BBB48C2"/>
<Mg class="oracle.dbtools.crest.model.xtdmapping.RelMapping" id="CB2B1248-8438608D5288D5F41701-9ACC9BFE5594" lID="CB2B1248-1958-AB74-41C8-8438608D5288" lT="2" rID="D5F41701-6F16-BFE0-B43D-9ACC9BFE5594" rT="7"/>
</containedMappings>
</CM>
<CM class="oracle.dbtools.crest.model.xtdmapping.ContainerMapping" id="6D818A27-4B070DCA07EABECFD887-90292760AAAF" lID="6D818A27-9C14-A1E5-C8E9-4B070DCA07EA" lT="3" rID="BECFD887-28E9-2B2E-3F7C-90292760AAAF" rT="4">
</CM>
<CM class="oracle.dbtools.crest.model.xtdmapping.ContainerMapping" id="749BF20F-B5287BF9342F0063B1EF-E1385EE8B072" lID="749BF20F-214A-AE29-DD9D-B5287BF9342F" lT="3" rID="0063B1EF-6E4D-EFA4-50FE-E1385EE8B072" rT="4">
</CM>
<CM class="oracle.dbtools.crest.model.xtdmapping.ContainerMapping" id="78E57DE1-5A44A9614E7D55A725AF-5FF31E86213E" lID="78E57DE1-17C6-B093-6B4A-5A44A9614E7D" lT="0" rID="55A725AF-2830-1720-0CD5-5FF31E86213E" rT="4">
<containedMappings>
<Mg class="oracle.dbtools.crest.model.xtdmapping.RelMapping" id="15F0C661-1E924311D375D2DE965A-1B6779DDF402" lID="15F0C661-FF86-BDFE-F060-1E924311D375" rID="D2DE965A-AD0F-752A-141D-1B6779DDF402"/>
<Mg class="oracle.dbtools.crest.model.xtdmapping.RelMapping" id="8C28244E-693C43FEA719731B67AF-B9948CFD90D2" lID="8C28244E-E36D-C48A-8FF6-693C43FEA719" lT="2" rID="731B67AF-899D-85E6-D286-B9948CFD90D2" rT="7"/>
<Mg class="oracle.dbtools.crest.model.xtdmapping.RelMapping" id="9652B2CA-8CA632E09544D963E6A5-8F6DAE4798CB" lID="9652B2CA-B4F3-0B2B-DB12-8CA632E09544" rID="D963E6A5-085F-EBA5-46C2-8F6DAE4798CB"/>
<Mg class="oracle.dbtools.crest.model.xtdmapping.RelMapping" id="9A2FF07F-B7B7A8D6AE8792F49FEA-A660513C09DC" lID="9A2FF07F-9469-AB04-B3F9-B7B7A8D6AE87" rID="92F49FEA-6CA0-CE2A-DBFE-A660513C09DC"/>
<Mg class="oracle.dbtools.crest.model.xtdmapping.RelMapping" id="A3B9313B-6417EB018D0FA8F525F7-0AEEA55E3DE5" lID="A3B9313B-F868-8CBB-5D46-6417EB018D0F" rID="A8F525F7-FA81-011E-3D70-0AEEA55E3DE5"/>
<Mg class="oracle.dbtools.crest.model.xtdmapping.RelMapping" id="A5DCC08B-323827F5C58469158F04-3034580B5433" lID="A5DCC08B-F377-F3F2-10DA-323827F5C584" rID="69158F04-BFC1-7752-436A-3034580B5433"/>
<Mg class="oracle.dbtools.crest.model.xtdmapping.RelMapping" id="B195EC2D-11D9AA2190FFA4B3A446-8DEB6BBDD4A8" lID="B195EC2D-849B-4ABC-2C8F-11D9AA2190FF" rID="A4B3A446-16BB-C68E-7ADD-8DEB6BBDD4A8"/>
<Mg class="oracle.dbtools.crest.model.xtdmapping.RelMapping" id="BB1409E4-A2963CFCD3EADA530FF8-12DD16681B63" lID="BB1409E4-A8F0-1F70-210F-A2963CFCD3EA" rID="DA530FF8-63E8-6D59-4DEC-12DD16681B63"/>
<Mg class="oracle.dbtools.crest.model.xtdmapping.RelMapping" id="BE0D7F77-B86B025C550EA47AAFFF-B85627279EF2" lID="BE0D7F77-CC67-D292-1BF8-B86B025C550E" rID="A47AAFFF-DE4B-4130-DB33-B85627279EF2"/>
</containedMappings>
</CM>
<CM class="oracle.dbtools.crest.model.xtdmapping.ContainerMapping" id="8D61D5BD-8C5380204904FFE955A0-8C320C523FF1" lID="8D61D5BD-7989-3A7E-86DF-8C5380204904" lT="0" rID="FFE955A0-1AC9-1383-10DF-8C320C523FF1" rT="4">
<containedMappings>
<Mg class="oracle.dbtools.crest.model.xtdmapping.RelMapping" id="16ED84C6-C0E2394A36EB78169931-D5999441B8C2" lID="16ED84C6-6235-FDC6-1A7F-C0E2394A36EB" rID="78169931-A870-13EC-684C-D5999441B8C2"/>
<Mg class="oracle.dbtools.crest.model.xtdmapping.RelMapping" id="9612271A-4B38427A5B9C437076DB-1F53DEBECA74" lID="9612271A-C5DD-71DE-660E-4B38427A5B9C" lT="2" rID="437076DB-01A9-C146-EB6F-1F53DEBECA74" rT="7"/>
</containedMappings>
</CM>
<CM class="oracle.dbtools.crest.model.xtdmapping.ContainerMapping" id="9CBD86E9-FBAE09C8CA45119481AF-15C28D8A490D" lID="9CBD86E9-33FA-6D64-3953-FBAE09C8CA45" lT="3" rID="119481AF-94D7-A24B-E856-15C28D8A490D" rT="4">
</CM>
<CM class="oracle.dbtools.crest.model.xtdmapping.ContainerMapping" id="9D163479-F2AF8F5BEB5F8E8885D9-8F5378871C1F" lID="9D163479-E299-AEF7-9EC9-F2AF8F5BEB5F" lT="0" rID="8E8885D9-95DC-2C61-824A-8F5378871C1F" rT="4">
<containedMappings>
<Mg class="oracle.dbtools.crest.model.xtdmapping.RelMapping" id="7E684BB1-A242749054A9621786D9-C86503FA88DD" lID="7E684BB1-596E-18B2-543A-A242749054A9" rID="621786D9-D96D-C2CC-97AA-C86503FA88DD"/>
<Mg class="oracle.dbtools.crest.model.xtdmapping.RelMapping" id="8AB50313-2BA568BCFB4E27240A48-C864B71EDF61" lID="8AB50313-F26D-7E3E-FEE2-2BA568BCFB4E" lT="2" rID="27240A48-8C2D-7DDF-7310-C864B71EDF61" rT="7"/>
<Mg class="oracle.dbtools.crest.model.xtdmapping.RelMapping" id="9CF17536-631AA7E7746DA1C1E224-2FB11D3E8050" lID="9CF17536-8915-5899-6640-631AA7E7746D" rID="A1C1E224-3746-DBC4-EDD5-2FB11D3E8050"/>
<Mg class="oracle.dbtools.crest.model.xtdmapping.RelMapping" id="A668E0BC-A3BBE38C3580B03AD51B-F2F3147E8BF3" lID="A668E0BC-CCC0-1949-D25C-A3BBE38C3580" rID="B03AD51B-C27D-324F-C82E-F2F3147E8BF3"/>
<Mg class="oracle.dbtools.crest.model.xtdmapping.RelMapping" id="E5A75B1A-56376C575B6C0498931A-44C3318FA0D0" lID="E5A75B1A-A247-AA53-17A1-56376C575B6C" rID="0498931A-374F-93C9-FCE6-44C3318FA0D0"/>
</containedMappings>
</CM>
<CM class="oracle.dbtools.crest.model.xtdmapping.ContainerMapping" id="9D285FDB-7CC0017377FEF1EB71B5-CF080F440048" lID="9D285FDB-4BCE-8D4A-C2D1-7CC0017377FE" lT="0" rID="F1EB71B5-3E26-8C3E-E22E-CF080F440048" rT="4">
<containedMappings>
<Mg class="oracle.dbtools.crest.model.xtdmapping.RelMapping" id="821B0D5F-950EF30F115D7D3B6F8C-68FCA5178786" lID="821B0D5F-DC84-81DC-7482-950EF30F115D" lT="2" rID="7D3B6F8C-D994-417E-BF27-68FCA5178786" rT="7"/>
<Mg class="oracle.dbtools.crest.model.xtdmapping.RelMapping" id="E1DB9B71-17BD46CDA07055B57CA5-E0B24D65B952" lID="E1DB9B71-F19F-4A23-E33F-17BD46CDA070" rID="55B57CA5-1763-BB63-43BD-E0B24D65B952"/>
</containedMappings>
</CM>
<CM class="oracle.dbtools.crest.model.xtdmapping.ContainerMapping" id="CB4B7F06-A16D87E3F31B19CD89EF-CFC5FE777EEE" lID="CB4B7F06-13FD-3DBA-FE73-A16D87E3F31B" lT="3" rID="19CD89EF-4CDC-BF36-588F-CFC5FE777EEE" rT="4">
</CM>
<CM class="oracle.dbtools.crest.model.xtdmapping.ContainerMapping" id="DA2311DE-F0E4EBAC8F9942C81536-4A3C565010E3" lID="DA2311DE-0859-F78C-F25B-F0E4EBAC8F99" lT="0" rID="42C81536-E37D-7FE5-471F-4A3C565010E3" rT="4">
<containedMappings>
<Mg class="oracle.dbtools.crest.model.xtdmapping.RelMapping" id="47FDF0CB-91836D5EE31F4F0369C1-0B5A1E40E62F" lID="47FDF0CB-F3E5-BEF5-7F27-91836D5EE31F" rID="4F0369C1-3359-D24C-4029-0B5A1E40E62F"/>
<Mg class="oracle.dbtools.crest.model.xtdmapping.RelMapping" id="907852A2-7710F539F4559F5214DC-EEEF89B93FDA" lID="907852A2-B6C3-370D-1FCF-7710F539F455" lT="2" rID="9F5214DC-83C7-3B01-B004-EEEF89B93FDA" rT="7"/>
</containedMappings>
</CM>
<CM class="oracle.dbtools.crest.model.xtdmapping.ContainerMapping" id="E53E2691-66F98244D726B20B14EB-F86A56DD6B20" lID="E53E2691-1FBE-C8B1-2AE4-66F98244D726" lT="0" rID="B20B14EB-B6BD-2E47-37D5-F86A56DD6B20" rT="4">
<containedMappings>
<Mg class="oracle.dbtools.crest.model.xtdmapping.RelMapping" id="BC9DA1DA-B57D3219C430B524B0C4-797273470ACD" lID="BC9DA1DA-DC6F-B1E0-4D39-B57D3219C430" lT="2" rID="B524B0C4-347A-E240-EABF-797273470ACD" rT="7"/>
<Mg class="oracle.dbtools.crest.model.xtdmapping.RelMapping" id="D42AAAE3-E35C1E258B5421DE4220-ABA8086D9FAA" lID="D42AAAE3-FF98-C310-5CAF-E35C1E258B54" rID="21DE4220-B3DB-1913-839D-ABA8086D9FAA"/>
</containedMappings>
</CM>
<CM class="oracle.dbtools.crest.model.xtdmapping.ContainerMapping" id="F20F231D-38B7B1EF602F65CE806F-67215B6120D4" lID="F20F231D-76CC-C902-413E-38B7B1EF602F" lT="0" rID="65CE806F-307A-6B09-6876-67215B6120D4" rT="4">
<containedMappings>
<Mg class="oracle.dbtools.crest.model.xtdmapping.RelMapping" id="5C886E12-D83D5891DAF7727D4DF9-AC676FC89410" lID="5C886E12-A40B-40B6-8076-D83D5891DAF7" rID="727D4DF9-FBE6-129B-4552-AC676FC89410"/>
<Mg class="oracle.dbtools.crest.model.xtdmapping.RelMapping" id="98FA0F0A-2798068334E6EF2A8D77-865EEF7E1A43" lID="98FA0F0A-6C3A-BD6B-C191-2798068334E6" rID="EF2A8D77-6699-CD57-3E34-865EEF7E1A43"/>
<Mg class="oracle.dbtools.crest.model.xtdmapping.RelMapping" id="9D79EAA3-20409638D2A10F4952B2-171F610E83D5" lID="9D79EAA3-1A91-1369-0FAD-20409638D2A1" lT="2" rID="0F4952B2-91E8-40ED-76E9-171F610E83D5" rT="7"/>
<Mg class="oracle.dbtools.crest.model.xtdmapping.RelMapping" id="B1647EDF-57436B6184ACABE503DF-A44891A135AA" lID="B1647EDF-267B-6DCE-6884-57436B6184AC" rID="ABE503DF-7D22-6D5F-9F67-A44891A135AA"/>
</containedMappings>
</CM>
<CM class="oracle.dbtools.crest.model.xtdmapping.ContainerMapping" id="0532C0F5-015DD04B115654BD35F9-65A08E90AF9D" lID="0532C0F5-B90A-8CA8-4CD9-015DD04B1156" lT="3" rID="54BD35F9-4348-589E-FF30-65A08E90AF9D" rT="8">
</CM>
<CM class="oracle.dbtools.crest.model.xtdmapping.ContainerMapping" id="2A16FE2A-0061064DFCCCC6DC27D8-88DFC6298924" lID="2A16FE2A-6B39-D2B0-EB4A-0061064DFCCC" lT="3" rID="C6DC27D8-D7E9-0166-5788-88DFC6298924" rT="8">
</CM>
<CM class="oracle.dbtools.crest.model.xtdmapping.ContainerMapping" id="2AA7AC27-CB7063107BEAEDCFB49D-EB15DFF37136" lID="2AA7AC27-3CE0-D6E6-8E44-CB7063107BEA" lT="3" rID="EDCFB49D-C678-CC27-B0A5-EB15DFF37136" rT="8">
</CM>
<CM class="oracle.dbtools.crest.model.xtdmapping.ContainerMapping" id="3CA75240-B90E5D62378ACAFEC660-297687B44E73" lID="3CA75240-50AD-A9E5-A1B1-B90E5D62378A" lT="3" rID="CAFEC660-330C-0814-7716-297687B44E73" rT="8">
</CM>
<CM class="oracle.dbtools.crest.model.xtdmapping.ContainerMapping" id="6267ABC0-14B1852872A6193F42C5-CF2DA627328E" lID="6267ABC0-061E-E158-7921-14B1852872A6" lT="3" rID="193F42C5-A5D5-F040-0A8F-CF2DA627328E" rT="8">
</CM>
<CM class="oracle.dbtools.crest.model.xtdmapping.ContainerMapping" id="7F9FC57D-4BE28AEF013C7BDA49A5-A37B38574F9E" lID="7F9FC57D-DA96-9F39-0556-4BE28AEF013C" lT="3" rID="7BDA49A5-4979-612A-DF42-A37B38574F9E" rT="8">
</CM>
<CM class="oracle.dbtools.crest.model.xtdmapping.ContainerMapping" id="A5B3A5A7-5B1B695B2276B75CF338-E504A2816CEB" lID="A5B3A5A7-25A6-AFBD-4112-5B1B695B2276" lT="3" rID="B75CF338-FCF7-59BD-203A-E504A2816CEB" rT="8">
</CM>
<CM class="oracle.dbtools.crest.model.xtdmapping.ContainerMapping" id="CCE40FFE-9A3B1171E89A40851DC8-5D92AD4D510F" lID="CCE40FFE-382E-E4A3-F447-9A3B1171E89A" lT="3" rID="40851DC8-737E-5BF3-68F4-5D92AD4D510F" rT="8">
</CM>
</mappings>
</RMExtendedMap>