<?xml version = '1.0' encoding = 'UTF-8'?>
<RMExtendedMap class="oracle.dbtools.crest.model.xtdmapping.RMExtendedMap">
<mappings>
<CM class="oracle.dbtools.crest.model.xtdmapping.ContainerMapping" id="35B42F75-5BB5DF3A5FFB97035098-E59F5F2B3923" lID="35B42F75-2AD4-9322-BB0E-5BB5DF3A5FFB" lT="0" rID="97035098-9278-7F90-EB75-E59F5F2B3923" rT="4">
<containedMappings>
<Mg class="oracle.dbtools.crest.model.xtdmapping.RelMapping" id="B0B87FDC-221CA97A29C789B34662-DEFC7179DF58" lID="B0B87FDC-DD19-F24B-29B7-221CA97A29C7" rID="89B34662-B1B0-1C44-9B1E-DEFC7179DF58"/>
<Mg class="oracle.dbtools.crest.model.xtdmapping.RelMapping" id="FCAD9244-B8237A6B5E9511F9982A-60B2FF02A991" lID="FCAD9244-76D0-BD57-6375-B8237A6B5E95" lT="2" rID="11F9982A-6213-D995-67A7-60B2FF02A991" rT="7"/>
</containedMappings>
</CM>
<CM class="oracle.dbtools.crest.model.xtdmapping.ContainerMapping" id="3B5E2609-FF55D599CE59CC3EA223-66741AB0643C" lID="3B5E2609-7EC2-00B7-8E6B-FF55D599CE59" lT="0" rID="CC3EA223-8907-6E8C-A48C-66741AB0643C" rT="4">
<containedMappings>
<Mg class="oracle.dbtools.crest.model.xtdmapping.RelMapping" id="1C8EBFEE-952308B0506E9ABB27DC-251E14AC2095" lID="1C8EBFEE-B249-4577-8394-952308B0506E" lT="2" rID="9ABB27DC-3667-F3AB-6E18-251E14AC2095" rT="7"/>
<Mg class="oracle.dbtools.crest.model.xtdmapping.RelMapping" id="36DD89AB-4F9D4F7ACDD7A02D9E7F-9CE358E40E58" lID="36DD89AB-4203-06F3-4685-4F9D4F7ACDD7" rID="A02D9E7F-9DE5-13BB-A173-9CE358E40E58"/>
</containedMappings>
</CM>
<CM class="oracle.dbtools.crest.model.xtdmapping.ContainerMapping" id="3C18BCCD-83454337317E19EE52DD-B780E3683BCE" lID="3C18BCCD-DB58-0B4F-68B8-83454337317E" lT="0" rID="19EE52DD-5EE2-BA95-E214-B780E3683BCE" rT="4">
<containedMappings>
<Mg class="oracle.dbtools.crest.model.xtdmapping.RelMapping" id="0CC434DA-0AC5732B25BBD0A91553-F76336690E97" lID="0CC434DA-F1EC-4D79-35A9-0AC5732B25BB" rID="D0A91553-94F6-6940-0738-F76336690E97"/>
<Mg class="oracle.dbtools.crest.model.xtdmapping.RelMapping" id="0D172E77-DC193F1416A8AA6EAEEF-DCB92566528F" lID="0D172E77-2DD0-D4B0-1D36-DC193F1416A8" rID="AA6EAEEF-6D76-22C8-DD84-DCB92566528F"/>
<Mg class="oracle.dbtools.crest.model.xtdmapping.RelMapping" id="1B5F326B-76296E1ED056504EB3C2-7FA883F27E93" lID="1B5F326B-A5D7-AE36-E651-76296E1ED056" rID="504EB3C2-CF65-A3FF-2D80-7FA883F27E93"/>
<Mg class="oracle.dbtools.crest.model.xtdmapping.RelMapping" id="1BA3F69D-602C9C7369677412485F-ADAB7036D578" lID="1BA3F69D-278A-804E-F2BD-602C9C736967" rID="7412485F-02D1-B752-A301-ADAB7036D578"/>
<Mg class="oracle.dbtools.crest.model.xtdmapping.RelMapping" id="9F86B97B-3B951E0AB7B4649B035C-3945AE2D2CBE" lID="9F86B97B-D4F6-B8B3-30AD-3B951E0AB7B4" rID="649B035C-1FFE-CA78-F694-3945AE2D2CBE"/>
<Mg class="oracle.dbtools.crest.model.xtdmapping.RelMapping" id="DFC52A32-2D97D6681C00AB34C6E2-CF8D562CB410" lID="DFC52A32-93E2-1395-905B-2D97D6681C00" rID="AB34C6E2-B564-23E7-6F25-CF8D562CB410"/>
<Mg class="oracle.dbtools.crest.model.xtdmapping.RelMapping" id="F9D01DB6-0286B0EFF1B5F70350AC-F078CB00010A" lID="F9D01DB6-CF40-2079-75A3-0286B0EFF1B5" rID="F70350AC-C159-BF4E-0260-F078CB00010A"/>
</containedMappings>
</CM>
<CM class="oracle.dbtools.crest.model.xtdmapping.ContainerMapping" id="4CF0CDAC-1FDA69AE0B80AB33A72D-ABF105969112" lID="4CF0CDAC-8952-ACDA-2CDE-1FDA69AE0B80" lT="0" rID="AB33A72D-D24F-18F3-3833-ABF105969112" rT="4">
<containedMappings>
<Mg class="oracle.dbtools.crest.model.xtdmapping.RelMapping" id="27CC13FB-244B7601B445958280A9-46E132525694" lID="27CC13FB-BFFF-77A0-5607-244B7601B445" rID="958280A9-00ED-4216-907B-46E132525694"/>
<Mg class="oracle.dbtools.crest.model.xtdmapping.RelMapping" id="A6A040CF-4577B8AB7E853788AD25-047D319E528E" lID="A6A040CF-7D63-4936-4588-4577B8AB7E85" lT="2" rID="3788AD25-7DD3-9573-785E-047D319E528E" rT="7"/>
</containedMappings>
</CM>
<CM class="oracle.dbtools.crest.model.xtdmapping.ContainerMapping" id="54E3E688-71FA609817730EAA4D85-DCCF4FED21FA" lID="54E3E688-7CEA-32E3-8002-71FA60981773" lT="3" rID="0EAA4D85-BA63-B0E0-2720-DCCF4FED21FA" rT="4">
</CM>
<CM class="oracle.dbtools.crest.model.xtdmapping.ContainerMapping" id="5DF2ACA6-433B0B93E02345098968-53FF5179BEC8" lID="5DF2ACA6-ABAC-04AA-01F9-433B0B93E023" lT="0" rID="45098968-DD3B-064F-A851-53FF5179BEC8" rT="4">
<containedMappings>
<Mg class="oracle.dbtools.crest.model.xtdmapping.RelMapping" id="1461FF99-9B544556C0572D2FB62C-2FC40D22ACE5" lID="1461FF99-3934-7594-79C7-9B544556C057" rID="2D2FB62C-4800-39E0-46DA-2FC40D22ACE5"/>
<Mg class="oracle.dbtools.crest.model.xtdmapping.RelMapping" id="22C8A034-019A22AB67A7EA7BC1CF-E7FEE21D6DE3" lID="22C8A034-0E8B-B31F-1B39-019A22AB67A7" rID="EA7BC1CF-B1AE-67D7-1B94-E7FEE21D6DE3"/>
<Mg class="oracle.dbtools.crest.model.xtdmapping.RelMapping" id="6B11313D-B6BEB28AA97930DDF20C-A0321BAA38B5" lID="6B11313D-499C-A6CE-C00E-B6BEB28AA979" rID="30DDF20C-192D-A678-7210-A0321BAA38B5"/>
<Mg class="oracle.dbtools.crest.model.xtdmapping.RelMapping" id="B5709B38-5296A37A448E0E1C5490-7322C8828B5A" lID="B5709B38-863D-E023-D9E3-5296A37A448E" lT="2" rID="0E1C5490-6AB8-4687-36BE-7322C8828B5A" rT="7"/>
<Mg class="oracle.dbtools.crest.model.xtdmapping.RelMapping" id="BCB83289-F763B149001A0CF25224-B2B3DEE38E31" lID="BCB83289-44C6-CD78-7C68-F763B149001A" rID="0CF25224-AAA5-6B09-51ED-B2B3DEE38E31"/>
</containedMappings>
</CM>
<CM class="oracle.dbtools.crest.model.xtdmapping.ContainerMapping" id="70CE51A3-E7DB790E71AA7D9E7FE1-1054E8DBCDA6" lID="70CE51A3-A012-5DC3-C5BD-E7DB790E71AA" lT="0" rID="7D9E7FE1-1EFB-BB04-C211-1054E8DBCDA6" rT="4">
<containedMappings>
<Mg class="oracle.dbtools.crest.model.xtdmapping.RelMapping" id="182A3F33-2724B08855BD0968E98E-5416B7676C82" lID="182A3F33-A21C-3628-756B-2724B08855BD" rID="0968E98E-B082-8C7B-C5C3-5416B7676C82"/>
<Mg class="oracle.dbtools.crest.model.xtdmapping.RelMapping" id="515BA461-EF61F6C034C10AE4E258-660D693CB597" lID="515BA461-AB7E-E20F-B2B4-EF61F6C034C1" rID="0AE4E258-1D41-7050-9EEE-660D693CB597"/>
<Mg class="oracle.dbtools.crest.model.xtdmapping.RelMapping" id="7518C138-7784183FD03254C67512-216EAFBAA482" lID="7518C138-D772-A746-D391-7784183FD032" rID="54C67512-0E46-17E5-C1EF-216EAFBAA482"/>
<Mg class="oracle.dbtools.crest.model.xtdmapping.RelMapping" id="AF402787-9710CC160F1AC22DFE19-852DD987376E" lID="AF402787-BFD0-4B63-D314-9710CC160F1A" lT="2" rID="C22DFE19-6FD8-05B6-EBE6-852DD987376E" rT="7"/>
<Mg class="oracle.dbtools.crest.model.xtdmapping.RelMapping" id="E1CFBAFA-A8013474B16E3E789877-DE083989E7E6" lID="E1CFBAFA-9849-4FE4-7255-A8013474B16E" rID="3E789877-30AA-AD17-CABE-DE083989E7E6"/>
</containedMappings>
</CM>
<CM class="oracle.dbtools.crest.model.xtdmapping.ContainerMapping" id="A435F17D-FE5F3F17BB09E0CA1A58-550C339392A5" lID="A435F17D-E871-CCF2-FE8A-FE5F3F17BB09" lT="0" rID="E0CA1A58-7394-8CD1-BCA9-550C339392A5" rT="4">
<containedMappings>
<Mg class="oracle.dbtools.crest.model.xtdmapping.RelMapping" id="01C6A8A8-19D1079949639867BC3D-904647A0A8A9" lID="01C6A8A8-E62D-F591-D472-19D107994963" rID="9867BC3D-F482-6E2B-4F77-904647A0A8A9"/>
<Mg class="oracle.dbtools.crest.model.xtdmapping.RelMapping" id="0526B01D-D06C75AE99D0D1914F72-731620E052C0" lID="0526B01D-E716-3659-802E-D06C75AE99D0" lT="2" rID="D1914F72-5A32-A3B4-D6C4-731620E052C0" rT="7"/>
<Mg class="oracle.dbtools.crest.model.xtdmapping.RelMapping" id="5494E181-65CFB10A137975F1A22C-7959618580E7" lID="5494E181-71CE-3C2D-0B91-65CFB10A1379" rID="75F1A22C-E206-751A-0208-7959618580E7"/>
<Mg class="oracle.dbtools.crest.model.xtdmapping.RelMapping" id="6B245CC9-13BA61173EDF2C94EAAF-89A97389C070" lID="6B245CC9-B9F1-49BE-0C94-13BA61173EDF" rID="2C94EAAF-B313-335F-863F-89A97389C070"/>
<Mg class="oracle.dbtools.crest.model.xtdmapping.RelMapping" id="6CE89E01-ECC29464EC8E8F4E82EC-74F0E9EFD9E9" lID="6CE89E01-6666-88FA-A99D-ECC29464EC8E" rID="8F4E82EC-995B-E055-8BED-74F0E9EFD9E9"/>
<Mg class="oracle.dbtools.crest.model.xtdmapping.RelMapping" id="6EDE28CB-AFA700431B27F3DD95AA-CC4A2AA61740" lID="6EDE28CB-9E54-B942-3C0F-AFA700431B27" rID="F3DD95AA-1C9C-58E4-065E-CC4A2AA61740"/>
<Mg class="oracle.dbtools.crest.model.xtdmapping.RelMapping" id="785491BA-235F30BD6C6DAEB8B605-87AE476DCF1B" lID="785491BA-D59C-B9D6-113F-235F30BD6C6D" rID="AEB8B605-9622-CDDA-D7CE-87AE476DCF1B"/>
<Mg class="oracle.dbtools.crest.model.xtdmapping.RelMapping" id="8067224C-DF625E659B1250E6B728-90330BA18042" lID="8067224C-AA69-5052-5CE1-DF625E659B12" rID="50E6B728-C83E-50B3-8F8D-90330BA18042"/>
<Mg class="oracle.dbtools.crest.model.xtdmapping.RelMapping" id="C1F10B41-7C2FE7CCE001EF863714-D663E1DF3E4E" lID="C1F10B41-1553-3315-2B23-7C2FE7CCE001" rID="EF863714-F2C8-5353-9B5E-D663E1DF3E4E"/>
</containedMappings>
</CM>
<CM class="oracle.dbtools.crest.model.xtdmapping.ContainerMapping" id="ACF87928-394235F9F3D2A35BC427-82E2F3A9FD06" lID="ACF87928-AA2F-C086-246A-394235F9F3D2" lT="0" rID="A35BC427-4742-7A79-1E04-82E2F3A9FD06" rT="4">
<containedMappings>
<Mg class="oracle.dbtools.crest.model.xtdmapping.RelMapping" id="364530F7-3E40865497C4728956F1-28375D48C629" lID="364530F7-C52A-FE4F-05E9-3E40865497C4" rID="728956F1-C34D-2F5F-CAB8-28375D48C629"/>
<Mg class="oracle.dbtools.crest.model.xtdmapping.RelMapping" id="CC402C68-1531D86BF491CB1E82B5-BDF0BD937E0E" lID="CC402C68-80EE-1C17-A403-1531D86BF491" lT="2" rID="CB1E82B5-D709-D624-A1EB-BDF0BD937E0E" rT="7"/>
</containedMappings>
</CM>
<CM class="oracle.dbtools.crest.model.xtdmapping.ContainerMapping" id="AFF197D1-FCE8E52739499D82FFDD-628341871156" lID="AFF197D1-FB40-C673-E91E-FCE8E5273949" lT="0" rID="9D82FFDD-CE3B-C41F-5F6C-628341871156" rT="4">
<containedMappings>
<Mg class="oracle.dbtools.crest.model.xtdmapping.RelMapping" id="29B962BE-556332883DB8DE982F85-FD2990A859F5" lID="29B962BE-7EDA-AC64-A555-556332883DB8" rID="DE982F85-5F0F-46B0-5246-FD2990A859F5"/>
<Mg class="oracle.dbtools.crest.model.xtdmapping.RelMapping" id="6F41527C-A0B1E6EB18F20FDC57DC-127AF7AD22DD" lID="6F41527C-630B-4E21-DFD4-A0B1E6EB18F2" rID="0FDC57DC-6E2E-98D9-641C-127AF7AD22DD"/>
<Mg class="oracle.dbtools.crest.model.xtdmapping.RelMapping" id="F0DB82B3-B06CD0402DBB30AD8D29-F19CF01791B9" lID="F0DB82B3-021B-8D0A-D235-B06CD0402DBB" lT="2" rID="30AD8D29-4661-199E-4358-F19CF01791B9" rT="7"/>
</containedMappings>
</CM>
<CM class="oracle.dbtools.crest.model.xtdmapping.ContainerMapping" id="C44236E9-07EDBC7583387B46B03F-03F31A291044" lID="C44236E9-5330-B6ED-1647-07EDBC758338" lT="0" rID="7B46B03F-AC3B-727F-7840-03F31A291044" rT="4">
<containedMappings>
<Mg class="oracle.dbtools.crest.model.xtdmapping.RelMapping" id="424A7376-1CA05916A1C3C14CC1E3-6863B15D74DD" lID="424A7376-D9E1-715A-AB36-1CA05916A1C3" lT="2" rID="C14CC1E3-B9A5-E749-1DCB-6863B15D74DD" rT="7"/>
<Mg class="oracle.dbtools.crest.model.xtdmapping.RelMapping" id="8D00C6C4-7B0CC644FEAB43C9A3F8-4927DEED8F2A" lID="8D00C6C4-FB03-3F1F-80BB-7B0CC644FEAB" rID="43C9A3F8-A770-75F0-B168-4927DEED8F2A"/>
</containedMappings>
</CM>
<CM class="oracle.dbtools.crest.model.xtdmapping.ContainerMapping" id="D4C79F1D-83EADFDC1AAB50CB846E-926E4CB0A10B" lID="D4C79F1D-35DA-E771-2BBC-83EADFDC1AAB" lT="0" rID="50CB846E-922B-B8B6-B6E9-926E4CB0A10B" rT="4">
<containedMappings>
<Mg class="oracle.dbtools.crest.model.xtdmapping.RelMapping" id="44FCAA28-C00FE5915A58B59CFB20-5854686CBD3E" lID="44FCAA28-E2BA-762C-3579-C00FE5915A58" lT="2" rID="B59CFB20-DC60-9B5A-8814-5854686CBD3E" rT="7"/>
<Mg class="oracle.dbtools.crest.model.xtdmapping.RelMapping" id="9AD90544-0FA168974BD8A847E82C-50EE1B54B3F8" lID="9AD90544-1FCB-261E-E7DB-0FA168974BD8" rID="A847E82C-6987-7548-64DC-50EE1B54B3F8"/>
</containedMappings>
</CM>
<CM class="oracle.dbtools.crest.model.xtdmapping.ContainerMapping" id="E7440B67-4EE233C1F165A2A0E8C9-3F28F2B05B34" lID="E7440B67-FF2C-9789-01D2-4EE233C1F165" lT="3" rID="A2A0E8C9-DAC5-0DFF-3FCB-3F28F2B05B34" rT="4">
</CM>
<CM class="oracle.dbtools.crest.model.xtdmapping.ContainerMapping" id="2227568A-3A308821C5E8FBB291EF-3990E150FFE1" lID="2227568A-7D3F-072A-E51C-3A308821C5E8" lT="3" rID="FBB291EF-6930-FDE4-F365-3990E150FFE1" rT="8">
</CM>
<CM class="oracle.dbtools.crest.model.xtdmapping.ContainerMapping" id="2A97E568-D81D4917B4C2178413A0-521D07E6BFBD" lID="2A97E568-3B4E-9518-BFE9-D81D4917B4C2" lT="3" rID="178413A0-0BFF-EDE5-4132-521D07E6BFBD" rT="8">
</CM>
<CM class="oracle.dbtools.crest.model.xtdmapping.ContainerMapping" id="363065F1-3B71E7BB8EA8ABBC17BB-5564A512F605" lID="363065F1-1F3E-1050-0CFF-3B71E7BB8EA8" lT="3" rID="ABBC17BB-3A58-A1F0-82BF-5564A512F605" rT="8">
</CM>
<CM class="oracle.dbtools.crest.model.xtdmapping.ContainerMapping" id="6475E819-9E5B2E9D52B410A0B66C-61AAFE74F30F" lID="6475E819-9734-2C5E-B791-9E5B2E9D52B4" lT="3" rID="10A0B66C-EB70-AB00-C9CE-61AAFE74F30F" rT="8">
</CM>
<CM class="oracle.dbtools.crest.model.xtdmapping.ContainerMapping" id="6DE5D2AB-E89F253934D2328D617D-869AD2B0B5BB" lID="6DE5D2AB-749A-35C5-521F-E89F253934D2" lT="3" rID="328D617D-2EFF-96A9-4E3E-869AD2B0B5BB" rT="8">
</CM>
<CM class="oracle.dbtools.crest.model.xtdmapping.ContainerMapping" id="76C8904B-6A91B322334C06572B14-97C402BDB077" lID="76C8904B-C1A9-E8F2-EEB4-6A91B322334C" lT="3" rID="06572B14-07FD-3677-1E67-97C402BDB077" rT="8">
</CM>
<CM class="oracle.dbtools.crest.model.xtdmapping.ContainerMapping" id="78EBF253-C3FF301BE806395ECC96-474D9BE7BDEA" lID="78EBF253-90CE-62AF-8A8C-C3FF301BE806" lT="3" rID="395ECC96-DE8C-F037-4452-474D9BE7BDEA" rT="8">
</CM>
<CM class="oracle.dbtools.crest.model.xtdmapping.ContainerMapping" id="A07CB5D3-372CD76AF65ABD0318E8-C16D3FC94D25" lID="A07CB5D3-C53B-8454-BEF2-372CD76AF65A" lT="3" rID="BD0318E8-C3B9-EEE1-6BF9-C16D3FC94D25" rT="8">
</CM>
<CM class="oracle.dbtools.crest.model.xtdmapping.ContainerMapping" id="C985EAD2-9FC389DCF9E47D61EE1E-A6226F0D3AD7" lID="C985EAD2-92E2-F0CC-A535-9FC389DCF9E4" lT="3" rID="7D61EE1E-B770-B810-49E1-A6226F0D3AD7" rT="8">
</CM>
<CM class="oracle.dbtools.crest.model.xtdmapping.ContainerMapping" id="CB5E6D13-39438164FE3D5A0CF6B9-9C197341FEAA" lID="CB5E6D13-DD90-9C64-3D6C-39438164FE3D" lT="3" rID="5A0CF6B9-0545-CBD5-DECB-9C197341FEAA" rT="8">
</CM>
<CM class="oracle.dbtools.crest.model.xtdmapping.ContainerMapping" id="D8C16D85-E4757D525229449B74D9-A750D4913803" lID="D8C16D85-8595-D4DB-FCA9-E4757D525229" lT="3" rID="449B74D9-574B-DCE5-5FE4-A750D4913803" rT="8">
</CM>
</mappings>
</RMExtendedMap>