<?xml version = '1.0' encoding = 'UTF-8'?>
<Entity class="oracle.dbtools.crest.model.design.logical.Entity" id="AFD3E280-6B11-0CC0-79A4-88117827E852" directorySegmentName="seg_0" name="lineas_pedidos">
<createdBy>alumno</createdBy>
<createdTime>2012-11-20 18:52:28 UTC</createdTime>
<generatorID>Generado por el Usuario</generatorID>
<ownerDesignName>muebles</ownerDesignName>
<engineerTo>
<item key="E285BA65-A133-975A-16B7-05674F499368" value="true"/>
</engineerTo>
<pkName>lineas_pedidos PK</pkName>
<adequatelyNormalized>NO</adequatelyNormalized>
<expectedVolumes>0</expectedVolumes>
<fwdEngineeringStrategyName>Single Table</fwdEngineeringStrategyName>
<growthPercent>0</growthPercent>
<growthType>Year</growthType>
<maxVolumes>9999999</maxVolumes>
<minVolumes>0</minVolumes>
<normalForm>Third</normalForm>
<fonts>
<FontObject class="oracle.dbtools.crest.model.design.FontObjectWr">
<foType>Título</foType>
<fontStyle>1</fontStyle>
<colorRGB>-16776961</colorRGB>
</FontObject>
<FontObject class="oracle.dbtools.crest.model.design.FontObjectWr">
<foType>Atributo</foType>
<colorRGB>-16777216</colorRGB>
</FontObject>
<FontObject class="oracle.dbtools.crest.model.design.FontObjectWr">
<foType>Tipo de Dato</foType>
<colorRGB>-16744448</colorRGB>
</FontObject>
<FontObject class="oracle.dbtools.crest.model.design.FontObjectWr">
<foType>Elemento de Clave Primaria</foType>
<colorRGB>-16776961</colorRGB>
</FontObject>
<FontObject class="oracle.dbtools.crest.model.design.FontObjectWr">
<foType>Elemento de Clave Ajena</foType>
<colorRGB>-16777216</colorRGB>
</FontObject>
<FontObject class="oracle.dbtools.crest.model.design.FontObjectWr">
<foType>Elemento de Clave Única</foType>
<colorRGB>-16776961</colorRGB>
</FontObject>
<FontObject class="oracle.dbtools.crest.model.design.FontObjectWr">
<foType>No Nulo</foType>
<colorRGB>-65536</colorRGB>
</FontObject>
<FontObject class="oracle.dbtools.crest.model.design.FontObjectWr">
<foType>Clave</foType>
<colorRGB>-16777216</colorRGB>
</FontObject>
</fonts>
<attributes>
<Attribute class="oracle.dbtools.crest.model.design.logical.Attribute" name="numero_pedido" id="3548CAD5-28CF-52F8-282C-C1EF746315EC">
<createdBy>alumno</createdBy>
<createdTime>2012-11-20 18:52:54 UTC</createdTime>
<generatorID>Generado por el Usuario</generatorID>
<ownerDesignName>muebles</ownerDesignName>
<engineerTo>
<item key="E285BA65-A133-975A-16B7-05674F499368" value="true"/>
</engineerTo>
<useDomainConstraints>false</useDomainConstraints>
<use>1</use>
<logicalDatatype>LOGDT011</logicalDatatype>
</Attribute>
<Attribute class="oracle.dbtools.crest.model.design.logical.Attribute" name="numero_pedido1" id="B0286AF8-F769-33DF-66A5-FF0A45D2CF21">
<createdBy>alumno</createdBy>
<createdTime>2012-11-20 18:55:58 UTC</createdTime>
<generatorID>95BAEB1F-B344-96FF-04F5-9D375BB92382</generatorID>
<ownerDesignName>muebles</ownerDesignName>
<engineerTo>
<item key="E285BA65-A133-975A-16B7-05674F499368" value="true"/>
</engineerTo>
<referedAttribute>A5097075-7725-AC5F-8C76-93AAC04A6ECB</referedAttribute>
<useDomainConstraints>false</useDomainConstraints>
<use>1</use>
<logicalDatatype>LOGDT011</logicalDatatype>
</Attribute>
<Attribute class="oracle.dbtools.crest.model.design.logical.Attribute" name="id_mueble" id="3A95B160-1651-8450-A159-93D9B4A58B12">
<createdBy>alumno</createdBy>
<createdTime>2012-11-20 18:57:48 UTC</createdTime>
<generatorID>6EF80AB7-916F-387E-27CF-42B18E752B82</generatorID>
<ownerDesignName>muebles</ownerDesignName>
<engineerTo>
<item key="E285BA65-A133-975A-16B7-05674F499368" value="true"/>
</engineerTo>
<referedAttribute>81CFF632-7899-FB60-196F-292306F67E40</referedAttribute>
<useDomainConstraints>false</useDomainConstraints>
<use>1</use>
<logicalDatatype>LOGDT011</logicalDatatype>
</Attribute>
<Attribute class="oracle.dbtools.crest.model.design.logical.Attribute" name="id_color" id="1339B145-23E6-E7FE-A966-ED83B7C6241B">
<createdBy>alumno</createdBy>
<createdTime>2012-11-20 19:03:05 UTC</createdTime>
<generatorID>FED42C1B-40B6-90A2-A3F4-0B7018F0532F</generatorID>
<ownerDesignName>muebles</ownerDesignName>
<engineerTo>
<item key="E285BA65-A133-975A-16B7-05674F499368" value="true"/>
</engineerTo>
<referedAttribute>F306F676-F411-4189-F82F-2CA656DA8B5D</referedAttribute>
<useDomainConstraints>false</useDomainConstraints>
<use>1</use>
<logicalDatatype>LOGDT011</logicalDatatype>
</Attribute>
<Attribute class="oracle.dbtools.crest.model.design.logical.Attribute" name="id_cristal" id="705FCD2B-987E-C33E-5C35-37A685CF929A">
<createdBy>alumno</createdBy>
<createdTime>2012-11-20 19:04:42 UTC</createdTime>
<generatorID>8CC8CFD5-F6D6-9B35-CD03-0D58D4AD54CA</generatorID>
<ownerDesignName>muebles</ownerDesignName>
<engineerTo>
<item key="E285BA65-A133-975A-16B7-05674F499368" value="true"/>
</engineerTo>
<referedAttribute>F99E38A6-789B-AAC8-CD8F-6E033CC5C934</referedAttribute>
<useDomainConstraints>false</useDomainConstraints>
<use>1</use>
<logicalDatatype>LOGDT011</logicalDatatype>
</Attribute>
<Attribute class="oracle.dbtools.crest.model.design.logical.Attribute" name="id_terminacion" id="E19CC3DB-B5FC-ADA1-DFED-AB8482F619EF">
<createdBy>alumno</createdBy>
<createdTime>2012-11-20 19:04:53 UTC</createdTime>
<generatorID>318CFED6-3C11-7545-93F4-7A27DD239AD0</generatorID>
<ownerDesignName>muebles</ownerDesignName>
<engineerTo>
<item key="E285BA65-A133-975A-16B7-05674F499368" value="true"/>
</engineerTo>
<referedAttribute>D32842EB-1019-DE00-B5C9-0F132301717A</referedAttribute>
<useDomainConstraints>false</useDomainConstraints>
<use>1</use>
<logicalDatatype>LOGDT011</logicalDatatype>
</Attribute>
</attributes>
<identifiers>
<identifier class="oracle.dbtools.crest.model.design.logical.CandidateKey" id="763DE37D-EA25-3259-2047-99C824C70B79" name="lineas_pedidos PK">
<createdBy>alumno</createdBy>
<createdTime>2012-11-20 18:54:48 UTC</createdTime>
<generatorID>Generado por el Usuario</generatorID>
<ownerDesignName>muebles</ownerDesignName>
<engineerTo>
<item key="E285BA65-A133-975A-16B7-05674F499368" value="true"/>
</engineerTo>
<pk>true</pk>
<usedAttributes>
<attributeRef>3548CAD5-28CF-52F8-282C-C1EF746315EC</attributeRef>
</usedAttributes>
</identifier>
</identifiers>
</Entity>