<?xml version = '1.0' encoding = 'UTF-8'?>
<Entity class="oracle.dbtools.crest.model.design.logical.Entity" id="B7A70637-F9AC-43FD-204A-9AE67939A3C8" directorySegmentName="seg_0" name="colores">
<createdBy>alumno</createdBy>
<createdTime>2012-11-20 17:32:42 UTC</createdTime>
<generatorID>Generado por el Usuario</generatorID>
<ownerDesignName>muebles</ownerDesignName>
<engineerTo>
<item key="E285BA65-A133-975A-16B7-05674F499368" value="true"/>
</engineerTo>
<pkName>colores PK</pkName>
<adequatelyNormalized>NO</adequatelyNormalized>
<expectedVolumes>0</expectedVolumes>
<fwdEngineeringStrategyName>Single Table</fwdEngineeringStrategyName>
<growthPercent>0</growthPercent>
<growthType>Year</growthType>
<maxVolumes>9999999</maxVolumes>
<minVolumes>0</minVolumes>
<normalForm>Third</normalForm>
<fonts>
<FontObject class="oracle.dbtools.crest.model.design.FontObjectWr">
<foType>Título</foType>
<fontStyle>1</fontStyle>
<colorRGB>-16776961</colorRGB>
</FontObject>
<FontObject class="oracle.dbtools.crest.model.design.FontObjectWr">
<foType>Atributo</foType>
<colorRGB>-16777216</colorRGB>
</FontObject>
<FontObject class="oracle.dbtools.crest.model.design.FontObjectWr">
<foType>Tipo de Dato</foType>
<colorRGB>-16744448</colorRGB>
</FontObject>
<FontObject class="oracle.dbtools.crest.model.design.FontObjectWr">
<foType>Elemento de Clave Primaria</foType>
<colorRGB>-16776961</colorRGB>
</FontObject>
<FontObject class="oracle.dbtools.crest.model.design.FontObjectWr">
<foType>Elemento de Clave Ajena</foType>
<colorRGB>-16777216</colorRGB>
</FontObject>
<FontObject class="oracle.dbtools.crest.model.design.FontObjectWr">
<foType>Elemento de Clave Única</foType>
<colorRGB>-16776961</colorRGB>
</FontObject>
<FontObject class="oracle.dbtools.crest.model.design.FontObjectWr">
<foType>No Nulo</foType>
<colorRGB>-65536</colorRGB>
</FontObject>
<FontObject class="oracle.dbtools.crest.model.design.FontObjectWr">
<foType>Clave</foType>
<colorRGB>-16777216</colorRGB>
</FontObject>
</fonts>
<attributes>
<Attribute class="oracle.dbtools.crest.model.design.logical.Attribute" name="id_color" id="F306F676-F411-4189-F82F-2CA656DA8B5D">
<createdBy>alumno</createdBy>
<createdTime>2012-11-20 17:34:39 UTC</createdTime>
<generatorID>Generado por el Usuario</generatorID>
<ownerDesignName>muebles</ownerDesignName>
<engineerTo>
<item key="E285BA65-A133-975A-16B7-05674F499368" value="true"/>
</engineerTo>
<useDomainConstraints>false</useDomainConstraints>
<use>1</use>
<logicalDatatype>LOGDT011</logicalDatatype>
</Attribute>
<Attribute class="oracle.dbtools.crest.model.design.logical.Attribute" name="descripcion" id="D0C8957B-6191-0A36-7AE7-1AFB78C51C55">
<createdBy>alumno</createdBy>
<createdTime>2012-11-20 18:11:58 UTC</createdTime>
<generatorID>Generado por el Usuario</generatorID>
<ownerDesignName>muebles</ownerDesignName>
<engineerTo>
<item key="E285BA65-A133-975A-16B7-05674F499368" value="true"/>
</engineerTo>
<useDomainConstraints>false</useDomainConstraints>
<use>1</use>
<logicalDatatype>LOGDT024</logicalDatatype>
</Attribute>
</attributes>
<identifiers>
<identifier class="oracle.dbtools.crest.model.design.logical.CandidateKey" id="53E21420-8835-7007-C3E3-9DB1C07C2E83" name="colores PK">
<createdBy>alumno</createdBy>
<createdTime>2012-11-20 17:34:53 UTC</createdTime>
<generatorID>Generado por el Usuario</generatorID>
<ownerDesignName>muebles</ownerDesignName>
<engineerTo>
<item key="E285BA65-A133-975A-16B7-05674F499368" value="true"/>
</engineerTo>
<pk>true</pk>
<usedAttributes>
<attributeRef>F306F676-F411-4189-F82F-2CA656DA8B5D</attributeRef>
</usedAttributes>
</identifier>
</identifiers>
</Entity>