<?xml version = '1.0' encoding = 'UTF-8'?>
<Diagram class="oracle.dbtools.crest.swingui.relational.DPVRelational" name="Relational_1" id="EC4341E0-35E6-F622-9067-0444338223E1">
<createdBy>alumno</createdBy>
<createdTime>2012-11-20 20:11:45 UTC</createdTime>
<autoRoute>false</autoRoute>
<boxInbox>true</boxInbox>
<showLegend>false</showLegend>
<showLabels>false</showLabels>
<showGrid>false</showGrid>
<diagramColor>-1</diagramColor>
<display>false</display>
<notation>1</notation>
<objectViews>
<OView class="oracle.dbtools.crest.swingui.relational.TVTable" oid="123AABC8-DE3A-C0F3-6B26-54B220D95CDE" otype="Table" vid="C6F8D1AA-3B57-84C6-EF32-D307286124E0">
<bounds x="320" y="390" width="170" height="110"/>
</OView>
<OView class="oracle.dbtools.crest.swingui.relational.TVTable" oid="2974D95C-0D58-C25C-A067-2CF9693C6494" otype="Table" vid="9D456BF1-0268-1358-3E97-718C40C9B3B7">
<bounds x="0" y="11" width="112" height="70"/>
<generatorID>153D1B3C-08EA-51FA-1994-D86DE28ABF5D</generatorID>
</OView>
<OView class="oracle.dbtools.crest.swingui.relational.TVTable" oid="3D8640B0-F409-431D-8E77-1E9DBFE15AD7" otype="Table" vid="BD5B4B10-2FB4-6605-8502-A772939C6EB4">
<bounds x="564" y="10" width="127" height="82"/>
<generatorID>DFBE27FB-F313-0BED-7777-1B93B5B020EF</generatorID>
</OView>
<OView class="oracle.dbtools.crest.swingui.relational.TVTable" oid="53FBB2FE-82E4-68D7-B083-022FC9E56894" otype="Table" vid="21F8BE43-CA1A-DBA8-AA2C-1E3D49F076D5">
<bounds x="160" y="270" width="170" height="110"/>
</OView>
<OView class="oracle.dbtools.crest.swingui.relational.TVTable" oid="5CCBD097-32F4-2FBC-BD68-5B4B710E1BEB" otype="Table" vid="C8D96AC9-DFD2-EE17-DF40-2F120FBBCA8E">
<bounds x="374" y="202" width="170" height="110"/>
<generatorID>1CF1FB28-CE64-4E9D-8D3A-C94690D8BC53</generatorID>
</OView>
<OView class="oracle.dbtools.crest.swingui.relational.TVTable" oid="7B92F1C0-285C-7E4E-7A0E-26F5F5146081" otype="Table" vid="FEFD792A-0980-F7BB-11BF-6AAEB938F421">
<bounds x="84" y="99" width="83" height="78"/>
<generatorID>C5275059-5CFF-3270-2377-DE5A66EDE007</generatorID>
</OView>
<OView class="oracle.dbtools.crest.swingui.relational.TVTable" oid="A8FC8FF8-5FED-A7B7-1D81-C23C3D0931AF" otype="Table" vid="D0FB60B2-CC36-240D-7DA0-146776D879BC">
<bounds x="564" y="314" width="107" height="87"/>
<generatorID>B154E7FC-B4E0-DF34-EA4D-DF8B7294C135</generatorID>
</OView>
<OView class="oracle.dbtools.crest.swingui.relational.TVTable" oid="BC2157CC-7AED-90F7-B6DA-3BBD934D0648" otype="Table" vid="254DB959-A3DE-02D3-8964-9DDFEE208937">
<bounds x="580" y="151" width="101" height="60"/>
<generatorID>D1218264-0FF0-EC0F-504F-EEA0E17C1060</generatorID>
</OView>
<OView class="oracle.dbtools.crest.swingui.relational.TVTable" oid="C4248EB5-3315-9F8A-3D43-6726AFA139B0" otype="Table" vid="47EF3953-F56F-B369-A674-713D30E84463">
<bounds x="80" y="390" width="170" height="110"/>
</OView>
<OView class="oracle.dbtools.crest.swingui.relational.TVTable" oid="C7C9BB12-D65A-CB3F-2C19-FCBEC92DA9E9" otype="Table" vid="93464993-C8A0-724C-70F4-141307DD36F4">
<bounds x="392" y="94" width="79" height="57"/>
<generatorID>27E54FE1-257E-370C-2999-C2532C5334A9</generatorID>
</OView>
<OView class="oracle.dbtools.crest.swingui.relational.TVTable" oid="D9813430-1607-8873-E96E-71CC9E5F04E2" otype="Table" vid="0DCD4F59-0FDF-FF9B-9FFC-C1CD980C4DED">
<bounds x="380" y="0" width="91" height="71"/>
<generatorID>7CDC9912-B956-B769-66D8-C24A44900D38</generatorID>
</OView>
<OView class="oracle.dbtools.crest.swingui.relational.TVTable" oid="DE8DE73F-FD92-7F71-664D-465D9AC22F3B" otype="Table" vid="95798D30-BDD1-363E-40C8-F484777309F2">
<bounds x="310" y="570" width="170" height="110"/>
</OView>
<OView class="oracle.dbtools.crest.swingui.relational.TVTable" oid="DFCBCD0D-B207-44CE-F004-C36439DCB647" otype="Table" vid="53D40409-4E83-EE6D-0A5F-AE4306850D8F">
<bounds x="10" y="224" width="82" height="67"/>
<generatorID>231A28E2-53C7-F1F0-BE5A-DCCE14FBE432</generatorID>
</OView>
<OView class="oracle.dbtools.crest.swingui.relational.TVTable" oid="E47208EF-21AD-8645-FBA8-F19086A5A034" otype="Table" vid="23CC953B-0204-2EDA-36F9-4601D2D6739F">
<bounds x="219" y="21" width="92" height="90"/>
<generatorID>1041F114-04A6-47AB-03E5-C6D091DDA780</generatorID>
</OView>
<OView class="oracle.dbtools.crest.swingui.relational.TVTable" oid="EBB3F9A9-75F8-18F6-B0CF-A662014BE9A1" otype="Table" vid="46C41BE2-4254-C894-880A-57F14DF22808">
<bounds x="100" y="220" width="81" height="74"/>
<generatorID>33225DC8-B3C0-F40A-B7F6-3B4F40334AF0</generatorID>
</OView>
</objectViews>
<connectors>
<Connector class="oracle.dbtools.crest.swingui.relational.TVFKRelation" oid="0702BEB1-5A1C-4F6B-9E74-2970912751E8" otype="FKIndexAssociation" vid_source="53D40409-4E83-EE6D-0A5F-AE4306850D8F" vid_target="C8D96AC9-DFD2-EE17-DF40-2F120FBBCA8E">
<lineWidth>1</lineWidth>
<points>
<point x="92" y="257"/>
<point x="374" y="257"/>
</points>
</Connector>
<Connector class="oracle.dbtools.crest.swingui.relational.TVFKRelation" oid="0BC8B5D5-46CC-B86D-0CDD-A3E2FCB9E0E8" otype="FKIndexAssociation" vid_source="FEFD792A-0980-F7BB-11BF-6AAEB938F421" vid_target="23CC953B-0204-2EDA-36F9-4601D2D6739F">
<lineWidth>1</lineWidth>
<points>
<point x="167" y="177"/>
<point x="219" y="111"/>
</points>
</Connector>
<Connector class="oracle.dbtools.crest.swingui.relational.TVFKRelation" oid="11A9A480-F424-DB59-6C95-5832E4A03F9C" otype="FKIndexAssociation" vid_source="23CC953B-0204-2EDA-36F9-4601D2D6739F" vid_target="C6F8D1AA-3B57-84C6-EF32-D307286124E0">
<lineWidth>1</lineWidth>
<points>
<point x="265" y="111"/>
<point x="405" y="390"/>
</points>
</Connector>
<Connector class="oracle.dbtools.crest.swingui.relational.TVFKRelation" oid="11B5D5D5-529F-BD87-2175-A04029B418AE" otype="FKIndexAssociation" vid_source="D0FB60B2-CC36-240D-7DA0-146776D879BC" vid_target="95798D30-BDD1-363E-40C8-F484777309F2">
<lineWidth>1</lineWidth>
<points>
<point x="617" y="401"/>
<point x="395" y="570"/>
</points>
</Connector>
<Connector class="oracle.dbtools.crest.swingui.relational.TVFKRelation" oid="287CB35C-2EA8-5AEA-03C5-8104FBD01DAA" otype="FKIndexAssociation" vid_source="46C41BE2-4254-C894-880A-57F14DF22808" vid_target="47EF3953-F56F-B369-A674-713D30E84463">
<lineWidth>1</lineWidth>
<points>
<point x="140" y="294"/>
<point x="140" y="390"/>
</points>
</Connector>
<Connector class="oracle.dbtools.crest.swingui.relational.TVFKRelation" oid="3884E144-D902-A514-B8F7-806F0DEE6D61" otype="FKIndexAssociation" vid_source="93464993-C8A0-724C-70F4-141307DD36F4" vid_target="23CC953B-0204-2EDA-36F9-4601D2D6739F">
<lineWidth>1</lineWidth>
<points>
<point x="392" y="151"/>
<point x="219" y="111"/>
</points>
</Connector>
<Connector class="oracle.dbtools.crest.swingui.relational.TVFKRelation" oid="3B9884C1-89E4-C7FF-E14C-54D19E3F58DE" otype="FKIndexAssociation" vid_source="23CC953B-0204-2EDA-36F9-4601D2D6739F" vid_target="C8D96AC9-DFD2-EE17-DF40-2F120FBBCA8E">
<lineWidth>1</lineWidth>
<points>
<point x="265" y="111"/>
<point x="459" y="202"/>
</points>
</Connector>
<Connector class="oracle.dbtools.crest.swingui.relational.TVFKRelation" oid="44C689E0-FD35-F695-B095-EA9929642B96" otype="FKIndexAssociation" vid_source="BD5B4B10-2FB4-6605-8502-A772939C6EB4" vid_target="254DB959-A3DE-02D3-8964-9DDFEE208937">
<lineWidth>1</lineWidth>
<points>
<point x="564" y="92"/>
<point x="580" y="211"/>
</points>
</Connector>
<Connector class="oracle.dbtools.crest.swingui.relational.TVFKRelation" oid="4E94201D-6DE2-EBD7-C830-7B80C01EF2C3" otype="FKIndexAssociation" vid_source="53D40409-4E83-EE6D-0A5F-AE4306850D8F" vid_target="21F8BE43-CA1A-DBA8-AA2C-1E3D49F076D5">
<lineWidth>1</lineWidth>
<points>
<point x="92" y="291"/>
<point x="280" y="380"/>
</points>
</Connector>
<Connector class="oracle.dbtools.crest.swingui.relational.TVFKRelation" oid="4FB43853-AE87-410E-FBC3-18B9381F8E44" otype="FKIndexAssociation" vid_source="9D456BF1-0268-1358-3E97-718C40C9B3B7" vid_target="C6F8D1AA-3B57-84C6-EF32-D307286124E0">
<lineWidth>1</lineWidth>
<points>
<point x="56" y="81"/>
<point x="405" y="390"/>
</points>
</Connector>
<Connector class="oracle.dbtools.crest.swingui.relational.TVFKRelation" oid="554560AC-5BFF-6392-CDD6-1ABBD6276706" otype="FKIndexAssociation" vid_source="FEFD792A-0980-F7BB-11BF-6AAEB938F421" vid_target="47EF3953-F56F-B369-A674-713D30E84463">
<lineWidth>1</lineWidth>
<points>
<point x="125" y="177"/>
<point x="125" y="390"/>
</points>
</Connector>
<Connector class="oracle.dbtools.crest.swingui.relational.TVFKRelation" oid="71610639-B3AD-98FC-D128-002381A02A06" otype="FKIndexAssociation" vid_source="FEFD792A-0980-F7BB-11BF-6AAEB938F421" vid_target="95798D30-BDD1-363E-40C8-F484777309F2">
<lineWidth>1</lineWidth>
<points>
<point x="125" y="177"/>
<point x="395" y="570"/>
</points>
</Connector>
<Connector class="oracle.dbtools.crest.swingui.relational.TVFKRelation" oid="73EC4A76-5896-706D-81B3-9C3C61928F10" otype="FKIndexAssociation" vid_source="0DCD4F59-0FDF-FF9B-9FFC-C1CD980C4DED" vid_target="23CC953B-0204-2EDA-36F9-4601D2D6739F">
<lineWidth>1</lineWidth>
<points>
<point x="380" y="71"/>
<point x="219" y="111"/>
</points>
</Connector>
<Connector class="oracle.dbtools.crest.swingui.relational.TVFKRelation" oid="A598F095-DA1B-66C0-EE51-C592CD920C12" otype="FKIndexAssociation" vid_source="FEFD792A-0980-F7BB-11BF-6AAEB938F421" vid_target="21F8BE43-CA1A-DBA8-AA2C-1E3D49F076D5">
<lineWidth>1</lineWidth>
<points>
<point x="167" y="177"/>
<point x="330" y="365"/>
</points>
</Connector>
<Connector class="oracle.dbtools.crest.swingui.relational.TVFKRelation" oid="CC4106CB-F0C2-9AF1-D881-53FE6B7C19C4" otype="FKIndexAssociation" vid_source="254DB959-A3DE-02D3-8964-9DDFEE208937" vid_target="C8D96AC9-DFD2-EE17-DF40-2F120FBBCA8E">
<lineWidth>1</lineWidth>
<points>
<point x="580" y="206"/>
<point x="544" y="206"/>
</points>
</Connector>
<Connector class="oracle.dbtools.crest.swingui.relational.TVFKRelation" oid="CEC04E4C-5188-C024-B944-FBD32EFCEFE3" otype="FKIndexAssociation" vid_source="46C41BE2-4254-C894-880A-57F14DF22808" vid_target="C8D96AC9-DFD2-EE17-DF40-2F120FBBCA8E">
<lineWidth>1</lineWidth>
<points>
<point x="181" y="247"/>
<point x="374" y="247"/>
</points>
</Connector>
<Connector class="oracle.dbtools.crest.swingui.relational.TVFKRelation" oid="F1E4E332-BB26-AA78-15C9-F421F8C664CC" otype="FKIndexAssociation" vid_source="D0FB60B2-CC36-240D-7DA0-146776D879BC" vid_target="C8D96AC9-DFD2-EE17-DF40-2F120FBBCA8E">
<lineWidth>1</lineWidth>
<points>
<point x="564" y="357"/>
<point x="544" y="257"/>
</points>
</Connector>
</connectors>
</Diagram>