<?xml version = '1.0' encoding = 'UTF-8'?>
<Entity class="oracle.dbtools.crest.model.design.logical.Entity" id="C5A462C3-2FC0-66CB-2240-1AE170FDCAA4" directorySegmentName="seg_0" name="Colecciones">
<createdBy>alumno</createdBy>
<createdTime>2012-11-20 17:27:32 UTC</createdTime>
<generatorID>Generado por el Usuario</generatorID>
<ownerDesignName>muebles</ownerDesignName>
<engineerTo>
<item key="E285BA65-A133-975A-16B7-05674F499368" value="true"/>
</engineerTo>
<pkName>Colecciones PK</pkName>
<adequatelyNormalized>NO</adequatelyNormalized>
<expectedVolumes>0</expectedVolumes>
<fwdEngineeringStrategyName>Single Table</fwdEngineeringStrategyName>
<growthPercent>0</growthPercent>
<growthType>Year</growthType>
<maxVolumes>9999999</maxVolumes>
<minVolumes>0</minVolumes>
<normalForm>Third</normalForm>
<fonts>
<FontObject class="oracle.dbtools.crest.model.design.FontObjectWr">
<foType>Título</foType>
<fontStyle>1</fontStyle>
<colorRGB>-16776961</colorRGB>
</FontObject>
<FontObject class="oracle.dbtools.crest.model.design.FontObjectWr">
<foType>Atributo</foType>
<colorRGB>-16777216</colorRGB>
</FontObject>
<FontObject class="oracle.dbtools.crest.model.design.FontObjectWr">
<foType>Tipo de Dato</foType>
<colorRGB>-16744448</colorRGB>
</FontObject>
<FontObject class="oracle.dbtools.crest.model.design.FontObjectWr">
<foType>Elemento de Clave Primaria</foType>
<colorRGB>-16776961</colorRGB>
</FontObject>
<FontObject class="oracle.dbtools.crest.model.design.FontObjectWr">
<foType>Elemento de Clave Ajena</foType>
<colorRGB>-16777216</colorRGB>
</FontObject>
<FontObject class="oracle.dbtools.crest.model.design.FontObjectWr">
<foType>Elemento de Clave Única</foType>
<colorRGB>-16776961</colorRGB>
</FontObject>
<FontObject class="oracle.dbtools.crest.model.design.FontObjectWr">
<foType>No Nulo</foType>
<colorRGB>-65536</colorRGB>
</FontObject>
<FontObject class="oracle.dbtools.crest.model.design.FontObjectWr">
<foType>Clave</foType>
<colorRGB>-16777216</colorRGB>
</FontObject>
</fonts>
<attributes>
<Attribute class="oracle.dbtools.crest.model.design.logical.Attribute" name="id_coleccion" id="8E47662B-4A25-A30B-5457-0ACEF9CD6470">
<createdBy>alumno</createdBy>
<createdTime>2012-11-20 17:27:46 UTC</createdTime>
<generatorID>Generado por el Usuario</generatorID>
<ownerDesignName>muebles</ownerDesignName>
<engineerTo>
<item key="E285BA65-A133-975A-16B7-05674F499368" value="true"/>
</engineerTo>
<useDomainConstraints>false</useDomainConstraints>
<use>1</use>
<logicalDatatype>LOGDT011</logicalDatatype>
</Attribute>
<Attribute class="oracle.dbtools.crest.model.design.logical.Attribute" name="descrpcion" id="AA68835C-0CFA-7234-8012-EDCFF1B5742F">
<createdBy>alumno</createdBy>
<createdTime>2012-11-20 17:28:05 UTC</createdTime>
<generatorID>Generado por el Usuario</generatorID>
<ownerDesignName>muebles</ownerDesignName>
<engineerTo>
<item key="E285BA65-A133-975A-16B7-05674F499368" value="true"/>
</engineerTo>
<useDomainConstraints>false</useDomainConstraints>
<use>1</use>
<logicalDatatype>LOGDT024</logicalDatatype>
</Attribute>
<Attribute class="oracle.dbtools.crest.model.design.logical.Attribute" name="id_color" id="9BA0AB1A-D3DE-75E3-72E2-588C82B5A065">
<createdBy>MiguelAngel</createdBy>
<createdTime>2012-11-25 16:56:07 UTC</createdTime>
<generatorID>71F2457D-6DAA-FCB0-3BA2-61AE1FD521A3</generatorID>
<ownerDesignName>muebles</ownerDesignName>
<engineerTo>
<item key="E285BA65-A133-975A-16B7-05674F499368" value="true"/>
</engineerTo>
<nullsAllowed>true</nullsAllowed>
<referedAttribute>F306F676-F411-4189-F82F-2CA656DA8B5D</referedAttribute>
<useDomainConstraints>false</useDomainConstraints>
<use>1</use>
<logicalDatatype>LOGDT011</logicalDatatype>
</Attribute>
<Attribute class="oracle.dbtools.crest.model.design.logical.Attribute" name="id_cristal" id="B31EA185-C729-64D7-A74A-0986EFC5FF35">
<createdBy>MiguelAngel</createdBy>
<createdTime>2012-11-25 16:56:22 UTC</createdTime>
<generatorID>A8DBD1E7-D658-48F3-A9BD-C8C29BF3A645</generatorID>
<ownerDesignName>muebles</ownerDesignName>
<engineerTo>
<item key="E285BA65-A133-975A-16B7-05674F499368" value="true"/>
</engineerTo>
<nullsAllowed>true</nullsAllowed>
<referedAttribute>F99E38A6-789B-AAC8-CD8F-6E033CC5C934</referedAttribute>
<useDomainConstraints>false</useDomainConstraints>
<use>1</use>
<logicalDatatype>LOGDT011</logicalDatatype>
</Attribute>
<Attribute class="oracle.dbtools.crest.model.design.logical.Attribute" name="id_terminacion" id="AF9604BD-DF73-C20A-3C71-A793F93246E7">
<createdBy>MiguelAngel</createdBy>
<createdTime>2012-11-25 16:56:41 UTC</createdTime>
<generatorID>7EC028C8-6FF6-24A3-4531-9BC0FB23721A</generatorID>
<ownerDesignName>muebles</ownerDesignName>
<engineerTo>
<item key="E285BA65-A133-975A-16B7-05674F499368" value="true"/>
</engineerTo>
<nullsAllowed>true</nullsAllowed>
<referedAttribute>D32842EB-1019-DE00-B5C9-0F132301717A</referedAttribute>
<useDomainConstraints>false</useDomainConstraints>
<use>1</use>
<logicalDatatype>LOGDT011</logicalDatatype>
</Attribute>
</attributes>
<identifiers>
<identifier class="oracle.dbtools.crest.model.design.logical.CandidateKey" id="519F8700-7BF9-29D7-1146-77CC1A882F99" name="Colecciones PK">
<createdBy>alumno</createdBy>
<createdTime>2012-11-20 17:28:01 UTC</createdTime>
<generatorID>Generado por el Usuario</generatorID>
<ownerDesignName>muebles</ownerDesignName>
<engineerTo>
<item key="E285BA65-A133-975A-16B7-05674F499368" value="true"/>
</engineerTo>
<pk>true</pk>
<usedAttributes>
<attributeRef>8E47662B-4A25-A30B-5457-0ACEF9CD6470</attributeRef>
</usedAttributes>
</identifier>
</identifiers>
</Entity>