<?xml version = '1.0' encoding = 'UTF-8'?>
<Note class="oracle.dbtools.crest.model.design.Note" name="Note_1" id="91B1A3D3-7FD6-94C6-49C2-B3325D0ABB79" directorySegmentName="seg_0">
<createdBy>David</createdBy>
<createdTime>2012-11-24 12:44:30 UTC</createdTime>
<comment>DAVID MORERA ROMERO</comment>
<generatorID>Generado por el Usuario</generatorID>
<ownerDesignName>ejerDataModeler_David_Morera</ownerDesignName>
<fonts>
<FontObject class="oracle.dbtools.crest.model.design.FontObjectWr">
<foType>Título</foType>
<colorRGB>-16777216</colorRGB>
</FontObject>
</fonts>
</Note>