<?xml version = '1.0' encoding = 'UTF-8'?>
<Diagram class="oracle.dbtools.crest.swingui.relational.DPVRelational" name="Relational_1" id="B2604D9C-8BEF-C225-1B8D-9F30D6AD0EB0">
<createdBy>Administrator</createdBy>
<createdTime>2012-11-24 16:32:11 UTC</createdTime>
<autoRoute>false</autoRoute>
<boxInbox>true</boxInbox>
<showLegend>false</showLegend>
<showLabels>false</showLabels>
<showGrid>false</showGrid>
<diagramColor>-1</diagramColor>
<display>false</display>
<notation>1</notation>
<objectViews>
<OView class="oracle.dbtools.crest.swingui.relational.TVTable" oid="0207B13C-7161-EBE4-3F38-F6BDCDA865EA" otype="Table" vid="A68265F5-015A-D3E7-C6AB-D426C572EA8D">
<bounds x="413" y="299" width="158" height="72"/>
</OView>
<OView class="oracle.dbtools.crest.swingui.relational.TVTable" oid="19CFEA26-6C5F-D1B1-558F-6D8BD2D7FF75" otype="Table" vid="52FA43F3-674A-3D25-6503-7ECEE8E3A18A">
<bounds x="430" y="20" width="171" height="71"/>
</OView>
<OView class="oracle.dbtools.crest.swingui.relational.TVTable" oid="2015918A-2464-70E9-4834-C62E63429C54" otype="Table" vid="A4369CEB-4881-9548-3A78-D1CC17DC3EFA">
<bounds x="640" y="30" width="170" height="110"/>
</OView>
<OView class="oracle.dbtools.crest.swingui.relational.TVTable" oid="43C0C514-65F5-F07E-DC2B-A77AD97D20D6" otype="Table" vid="712FF904-5789-AD39-6C5C-AD15D83BB1D8">
<bounds x="600" y="305" width="161" height="76"/>
</OView>
<OView class="oracle.dbtools.crest.swingui.relational.TVTable" oid="528EBEA7-06C1-09A4-742C-CB5837076E78" otype="Table" vid="55EB05EF-085C-2D0C-19C5-F3C7D33C46C0">
<bounds x="0" y="200" width="170" height="110"/>
</OView>
<OView class="oracle.dbtools.crest.swingui.relational.TVTable" oid="649F6DD1-E89F-3401-6073-0BC5442A1039" otype="Table" vid="0B95FB7C-DE0F-CBB4-FECA-661BD920662D">
<bounds x="440" y="100" width="171" height="61"/>
</OView>
<OView class="oracle.dbtools.crest.swingui.relational.TVTable" oid="81C971AC-DD68-151E-1D31-FDF8058C7FF8" otype="Table" vid="23F72DD6-11B1-8901-3DAE-BF1CEC6350C7">
<bounds x="100" y="520" width="170" height="110"/>
</OView>
<OView class="oracle.dbtools.crest.swingui.relational.TVTable" oid="9054E2C5-A469-8ABE-8E41-0CC295670637" otype="Table" vid="3637F249-0773-66CB-F3B6-244ED6049FE3">
<bounds x="183" y="430" width="168" height="71"/>
</OView>
<OView class="oracle.dbtools.crest.swingui.relational.TVTable" oid="98DF769E-F531-DCC2-21F2-C18EA72174F3" otype="Table" vid="527F29EC-CAB0-6922-CCDA-96A53C3046DE">
<bounds x="240" y="150" width="171" height="81"/>
</OView>
<OView class="oracle.dbtools.crest.swingui.relational.TVTable" oid="99004C3E-3B7B-715F-4E7C-DB103C561238" otype="Table" vid="EC8AFACF-B950-B3DF-B1FB-F413A5C3C301">
<bounds x="197" y="291" width="134" height="50"/>
</OView>
<OView class="oracle.dbtools.crest.swingui.relational.TVTable" oid="AE0E11DE-56C6-EF44-60CB-340CF816DD8C" otype="Table" vid="1C199AFA-1E79-AB57-971F-4E15BBA3C815">
<bounds x="695" y="451" width="166" height="50"/>
</OView>
<OView class="oracle.dbtools.crest.swingui.relational.TVTable" oid="C6EC949C-A920-78F7-ECCF-98094BF00BE8" otype="Table" vid="BCAE0592-0FD6-958B-2510-5FDD66BE4F01">
<bounds x="0" y="350" width="170" height="110"/>
</OView>
<OView class="oracle.dbtools.crest.swingui.relational.TVTable" oid="D16E7225-69A5-76C8-793B-931BFE70D01B" otype="Table" vid="2237AD36-7E83-7802-9500-40868C807F50">
<bounds x="610" y="160" width="170" height="110"/>
</OView>
<OView class="oracle.dbtools.crest.swingui.relational.TVTable" oid="D3FD452F-7EBC-ED02-49BD-54DD2A444032" otype="Table" vid="C402456A-7E8C-4F93-C7B7-D2846DFBC941">
<bounds x="409" y="446" width="162" height="75"/>
</OView>
<OView class="oracle.dbtools.crest.swingui.relational.TVTable" oid="DF2DC2C4-5F10-C350-B5CB-91F1E14000D3" otype="Table" vid="2236D62F-E069-C766-9BB6-C3607FB617CF">
<bounds x="20" y="50" width="170" height="131"/>
</OView>
<OView class="oracle.dbtools.crest.swingui.relational.TVTable" oid="E7129982-0A56-A4DE-0A7D-2F9BEC959D3A" otype="Table" vid="9468C70B-6761-2739-37C5-59DFE0FBD90C">
<bounds x="300" y="520" width="170" height="110"/>
</OView>
<OView class="oracle.dbtools.crest.swingui.relational.TVTable" oid="E9EE2554-0189-A590-FA87-F1C12BA3724F" otype="Table" vid="F6F5A6E0-A0C3-7821-B0C1-F88DD1E017F8">
<bounds x="520" y="520" width="170" height="110"/>
</OView>
</objectViews>
<connectors>
<Connector class="oracle.dbtools.crest.swingui.relational.TVFKRelation" oid="213117AF-2410-7296-9289-6FF4FFC766B0" otype="FKIndexAssociation" vid_source="527F29EC-CAB0-6922-CCDA-96A53C3046DE" vid_target="2236D62F-E069-C766-9BB6-C3607FB617CF">
<lineWidth>1</lineWidth>
<points>
<point x="240" y="175"/>
<point x="190" y="175"/>
</points>
</Connector>
<Connector class="oracle.dbtools.crest.swingui.relational.TVFKRelation" oid="2E8BD6D0-4B4C-18B5-C81D-55DC46C5732B" otype="FKIndexAssociation" vid_source="C402456A-7E8C-4F93-C7B7-D2846DFBC941" vid_target="3637F249-0773-66CB-F3B6-244ED6049FE3">
<lineWidth>1</lineWidth>
<points>
<point x="409" y="483"/>
<point x="351" y="483"/>
</points>
</Connector>
<Connector class="oracle.dbtools.crest.swingui.relational.TVFKRelation" oid="A07B0CB0-1A3C-0C77-086E-EDA6126DE72E" otype="FKIndexAssociation" vid_source="0B95FB7C-DE0F-CBB4-FECA-661BD920662D" vid_target="2236D62F-E069-C766-9BB6-C3607FB617CF">
<lineWidth>1</lineWidth>
<points>
<point x="440" y="130"/>
<point x="190" y="130"/>
</points>
</Connector>
<Connector class="oracle.dbtools.crest.swingui.relational.TVFKRelation" oid="D57EC915-F7AB-63C9-BFD7-31A62DB5C50D" otype="FKIndexAssociation" vid_source="52FA43F3-674A-3D25-6503-7ECEE8E3A18A" vid_target="2236D62F-E069-C766-9BB6-C3607FB617CF">
<lineWidth>1</lineWidth>
<points>
<point x="430" y="70"/>
<point x="190" y="70"/>
</points>
</Connector>
<Connector class="oracle.dbtools.crest.swingui.relational.TVFKRelation" oid="FFB987A7-8C5A-2AC4-4264-C24670E78B65" otype="FKIndexAssociation" vid_source="1C199AFA-1E79-AB57-971F-4E15BBA3C815" vid_target="C402456A-7E8C-4F93-C7B7-D2846DFBC941">
<lineWidth>1</lineWidth>
<points>
<point x="695" y="486"/>
<point x="571" y="486"/>
</points>
</Connector>
</connectors>
</Diagram>