<?xml version = '1.0' encoding = 'UTF-8'?>
<Diagram class="oracle.dbtools.crest.swingui.relational.DPVRelationalSubView" name="From_LM_From_RM_Relational_1 - SubView_2" id="BC14779E-41F2-3C6B-49C6-9B2D8ADBDA91">
<createdBy>Administrator</createdBy>
<createdTime>2012-11-24 17:47:49 UTC</createdTime>
<autoRoute>false</autoRoute>
<boxInbox>true</boxInbox>
<showLegend>false</showLegend>
<showLabels>false</showLabels>
<showGrid>false</showGrid>
<diagramColor>-1</diagramColor>
<display>false</display>
<generatorId>68E5A3DF-803D-C9C8-19D9-394DC68EC4B1</generatorId>
<notation>1</notation>
</Diagram>