<?xml version = '1.0' encoding = 'UTF-8'?>
<Diagram class="oracle.dbtools.crest.swingui.relational.DPVRelationalSubView" name="From_LM_Logical - SubView_1" id="E8B8A2FD-6709-43E9-C91F-DCECE857C023">
<createdBy>Administrator</createdBy>
<createdTime>2012-11-24 17:47:49 UTC</createdTime>
<autoRoute>false</autoRoute>
<boxInbox>true</boxInbox>
<showLegend>false</showLegend>
<showLabels>false</showLabels>
<showGrid>false</showGrid>
<diagramColor>-1</diagramColor>
<display>false</display>
<generatorId>EC7E91B6-628D-2EE9-10EE-A52A18A283D6</generatorId>
<notation>1</notation>
<objectViews>
<OView class="oracle.dbtools.crest.swingui.relational.TVTable" oid="19CFEA26-6C5F-D1B1-558F-6D8BD2D7FF75" otype="Table" vid="ACA030F8-D2ED-07F4-4CE9-99C12E2D5AA5">
<bounds x="700" y="206" width="181" height="85"/>
<generatorID>9E0C3C91-6FFD-0FFC-2785-E52F424B383B</generatorID>
</OView>
<OView class="oracle.dbtools.crest.swingui.relational.TVTable" oid="649F6DD1-E89F-3401-6073-0BC5442A1039" otype="Table" vid="3EB94A63-AB50-6AED-96FB-25743DC95026">
<bounds x="433" y="139" width="114" height="41"/>
<generatorID>C35EFF7C-D057-8E20-9D16-0D3E74F92A68</generatorID>
</OView>
<OView class="oracle.dbtools.crest.swingui.relational.TVTable" oid="98DF769E-F531-DCC2-21F2-C18EA72174F3" otype="Table" vid="94BDBE76-AEB6-8660-609C-205364033A67">
<bounds x="476" y="320" width="135" height="43"/>
<generatorID>B17D88E8-6800-CAF9-D854-687DAF08A7E7</generatorID>
</OView>
<OView class="oracle.dbtools.crest.swingui.relational.TVTable" oid="DF2DC2C4-5F10-C350-B5CB-91F1E14000D3" otype="Table" vid="2F59F19B-D6E0-84E3-FE8E-390D106A5CF7">
<bounds x="116" y="152" width="170" height="110"/>
<generatorID>F9FAAED9-6625-771C-5FB1-DDC0284B9485</generatorID>
</OView>
</objectViews>
<connectors>
<Connector class="oracle.dbtools.crest.swingui.relational.TVFKRelation" oid="213117AF-2410-7296-9289-6FF4FFC766B0" otype="FKIndexAssociation" vid_source="94BDBE76-AEB6-8660-609C-205364033A67" vid_target="2F59F19B-D6E0-84E3-FE8E-390D106A5CF7">
<lineWidth>1</lineWidth>
<points>
<point x="543" y="320"/>
<point x="210" y="135"/>
</points>
</Connector>
<Connector class="oracle.dbtools.crest.swingui.relational.TVFKRelation" oid="A07B0CB0-1A3C-0C77-086E-EDA6126DE72E" otype="FKIndexAssociation" vid_source="3EB94A63-AB50-6AED-96FB-25743DC95026" vid_target="2F59F19B-D6E0-84E3-FE8E-390D106A5CF7">
<lineWidth>1</lineWidth>
<points>
<point x="460" y="156"/>
<point x="286" y="156"/>
</points>
</Connector>
<Connector class="oracle.dbtools.crest.swingui.relational.TVFKRelation" oid="D57EC915-F7AB-63C9-BFD7-31A62DB5C50D" otype="FKIndexAssociation" vid_source="ACA030F8-D2ED-07F4-4CE9-99C12E2D5AA5" vid_target="2F59F19B-D6E0-84E3-FE8E-390D106A5CF7">
<lineWidth>1</lineWidth>
<points>
<point x="700" y="248"/>
<point x="210" y="135"/>
</points>
</Connector>
</connectors>
</Diagram>