<?xml version = '1.0' encoding = 'UTF-8'?>
<Table class="oracle.dbtools.crest.model.design.relational.Table" id="169D95CC-0A2C-6525-034F-C58606E1FE57" directorySegmentName="seg_0" name="colecciones">
<createdBy>alumno</createdBy>
<createdTime>2012-11-24 18:46:13 UTC</createdTime>
<generatorID>BC380C76-0863-4D99-7CBC-1464390C7F02</generatorID>
<ownerDesignName>multinacional_muebles</ownerDesignName>
<pkName>coleciones PK</pkName>
<fonts>
<FontObject class="oracle.dbtools.crest.model.design.FontObjectWr">
<foType>Título</foType>
<fontStyle>1</fontStyle>
<colorRGB>-16776961</colorRGB>
</FontObject>
<FontObject class="oracle.dbtools.crest.model.design.FontObjectWr">
<foType>Columna</foType>
<colorRGB>-16777216</colorRGB>
</FontObject>
<FontObject class="oracle.dbtools.crest.model.design.FontObjectWr">
<foType>Tipo de Dato</foType>
<colorRGB>-16744448</colorRGB>
</FontObject>
<FontObject class="oracle.dbtools.crest.model.design.FontObjectWr">
<foType>Elemento de Clave Primaria</foType>
<colorRGB>-16776961</colorRGB>
</FontObject>
<FontObject class="oracle.dbtools.crest.model.design.FontObjectWr">
<foType>Elemento de Clave Ajena</foType>
<colorRGB>-16777216</colorRGB>
</FontObject>
<FontObject class="oracle.dbtools.crest.model.design.FontObjectWr">
<foType>Elemento de Clave Única</foType>
<colorRGB>-16776961</colorRGB>
</FontObject>
<FontObject class="oracle.dbtools.crest.model.design.FontObjectWr">
<foType>No Nulo</foType>
<colorRGB>-65536</colorRGB>
</FontObject>
<FontObject class="oracle.dbtools.crest.model.design.FontObjectWr">
<foType>Clave</foType>
<colorRGB>-16777216</colorRGB>
</FontObject>
</fonts>
<columns>
<Column class="oracle.dbtools.crest.model.design.relational.Column" name="id_coleccion" id="00BC7BAF-FA82-8566-E14F-E1B641D9BF26">
<createdBy>alumno</createdBy>
<createdTime>2012-11-24 18:46:13 UTC</createdTime>
<generatorID>8C86E8E5-9C16-8DA1-C47E-6F1413F511B8</generatorID>
<ownerDesignName>multinacional_muebles</ownerDesignName>
<useDomainConstraints>false</useDomainConstraints>
<use>1</use>
<logicalDatatype>LOGDT011</logicalDatatype>
<previousColumn>false</previousColumn>
<autoIncrementCycle>false</autoIncrementCycle>
</Column>
<Column class="oracle.dbtools.crest.model.design.relational.Column" name="descripcion_coleccion" id="B3B40B45-27BF-F17F-0A84-48D078565DD4">
<createdBy>alumno</createdBy>
<createdTime>2012-11-24 18:46:13 UTC</createdTime>
<comment>Modelo: Dormitorio Estival, Cocina Etrusca, Salón Belén, ...</comment>
<generatorID>FB0B2269-92FB-710C-213C-BD4EB1C3507F</generatorID>
<ownerDesignName>multinacional_muebles</ownerDesignName>
<useDomainConstraints>false</useDomainConstraints>
<use>1</use>
<logicalDatatype>LOGDT024</logicalDatatype>
<dataTypeSize>50</dataTypeSize>
<previousColumn>false</previousColumn>
<autoIncrementCycle>false</autoIncrementCycle>
</Column>
</columns>
<indexes>
<ind_PK_UK class="oracle.dbtools.crest.model.design.relational.Index" id="618DB338-731D-4EF4-73F4-C20AA5109771" name="coleciones PK">
<createdBy>alumno</createdBy>
<createdTime>2012-11-24 18:46:13 UTC</createdTime>
<generatorID>DFC47F2A-735C-E46C-340E-23653E058037</generatorID>
<ownerDesignName>multinacional_muebles</ownerDesignName>
<pk>true</pk>
<indexState>Primary Constraint</indexState>
<indexColumnUsage>
<colUsage columnID="00BC7BAF-FA82-8566-E14F-E1B641D9BF26"/>
</indexColumnUsage>
</ind_PK_UK>
</indexes>
</Table>