<?xml version = '1.0' encoding = 'UTF-8'?>
<Table class="oracle.dbtools.crest.model.design.relational.Table" id="65A37ABC-1491-4881-E41A-4B4D9F607901" directorySegmentName="seg_0" name="cristales">
<createdBy>alumno</createdBy>
<createdTime>2012-11-24 18:46:13 UTC</createdTime>
<generatorID>C3B48714-6E12-7A82-1C4E-E7E886632D89</generatorID>
<ownerDesignName>multinacional_muebles</ownerDesignName>
<pkName>cristales PK</pkName>
<fonts>
<FontObject class="oracle.dbtools.crest.model.design.FontObjectWr">
<foType>Título</foType>
<fontStyle>1</fontStyle>
<colorRGB>-16776961</colorRGB>
</FontObject>
<FontObject class="oracle.dbtools.crest.model.design.FontObjectWr">
<foType>Columna</foType>
<colorRGB>-16777216</colorRGB>
</FontObject>
<FontObject class="oracle.dbtools.crest.model.design.FontObjectWr">
<foType>Tipo de Dato</foType>
<colorRGB>-16744448</colorRGB>
</FontObject>
<FontObject class="oracle.dbtools.crest.model.design.FontObjectWr">
<foType>Elemento de Clave Primaria</foType>
<colorRGB>-16776961</colorRGB>
</FontObject>
<FontObject class="oracle.dbtools.crest.model.design.FontObjectWr">
<foType>Elemento de Clave Ajena</foType>
<colorRGB>-16777216</colorRGB>
</FontObject>
<FontObject class="oracle.dbtools.crest.model.design.FontObjectWr">
<foType>Elemento de Clave Única</foType>
<colorRGB>-16776961</colorRGB>
</FontObject>
<FontObject class="oracle.dbtools.crest.model.design.FontObjectWr">
<foType>No Nulo</foType>
<colorRGB>-65536</colorRGB>
</FontObject>
<FontObject class="oracle.dbtools.crest.model.design.FontObjectWr">
<foType>Clave</foType>
<colorRGB>-16777216</colorRGB>
</FontObject>
</fonts>
<columns>
<Column class="oracle.dbtools.crest.model.design.relational.Column" name="id_cristal" id="3F1CEF19-195F-5C5B-C0D7-8B59A86F72FE">
<createdBy>alumno</createdBy>
<createdTime>2012-11-24 18:46:13 UTC</createdTime>
<generatorID>C018D096-531D-3EB5-C799-5C1537FADB50</generatorID>
<ownerDesignName>multinacional_muebles</ownerDesignName>
<useDomainConstraints>false</useDomainConstraints>
<use>1</use>
<logicalDatatype>LOGDT011</logicalDatatype>
<previousColumn>false</previousColumn>
<autoIncrementCycle>false</autoIncrementCycle>
</Column>
<Column class="oracle.dbtools.crest.model.design.relational.Column" name="descripcion_cristal" id="7507C5C6-A961-C938-26E4-11E9F645B150">
<createdBy>alumno</createdBy>
<createdTime>2012-11-24 18:46:13 UTC</createdTime>
<comment>Modelo: Opaco, Transparente, Ahumado, ...</comment>
<generatorID>E8B5CF94-3962-B3C7-B50A-E9EE679191D5</generatorID>
<ownerDesignName>multinacional_muebles</ownerDesignName>
<useDomainConstraints>false</useDomainConstraints>
<use>1</use>
<logicalDatatype>LOGDT024</logicalDatatype>
<dataTypeSize>50</dataTypeSize>
<previousColumn>false</previousColumn>
<autoIncrementCycle>false</autoIncrementCycle>
</Column>
</columns>
<indexes>
<ind_PK_UK class="oracle.dbtools.crest.model.design.relational.Index" id="45AE6F1D-B6B2-9346-7115-C26E31254E94" name="cristales PK">
<createdBy>alumno</createdBy>
<createdTime>2012-11-24 18:46:13 UTC</createdTime>
<generatorID>811EA54E-925D-B24C-284D-2A3D5AB6CB3B</generatorID>
<ownerDesignName>multinacional_muebles</ownerDesignName>
<pk>true</pk>
<indexState>Primary Constraint</indexState>
<indexColumnUsage>
<colUsage columnID="3F1CEF19-195F-5C5B-C0D7-8B59A86F72FE"/>
</indexColumnUsage>
</ind_PK_UK>
</indexes>
</Table>