<?xml version = '1.0' encoding = 'UTF-8'?>
<Table class="oracle.dbtools.crest.model.design.relational.Table" id="A5326A7E-0158-896F-AB7C-1006AB48BA07" directorySegmentName="seg_0" name="clientes">
<createdBy>alumno</createdBy>
<createdTime>2012-11-24 18:46:13 UTC</createdTime>
<generatorID>A70BEFDB-81B5-6CD2-E074-E08FF447CD63</generatorID>
<ownerDesignName>multinacional_muebles</ownerDesignName>
<pkName>clientes PK</pkName>
<fonts>
<FontObject class="oracle.dbtools.crest.model.design.FontObjectWr">
<foType>Título</foType>
<fontStyle>1</fontStyle>
<colorRGB>-16776961</colorRGB>
</FontObject>
<FontObject class="oracle.dbtools.crest.model.design.FontObjectWr">
<foType>Columna</foType>
<colorRGB>-16777216</colorRGB>
</FontObject>
<FontObject class="oracle.dbtools.crest.model.design.FontObjectWr">
<foType>Tipo de Dato</foType>
<colorRGB>-16744448</colorRGB>
</FontObject>
<FontObject class="oracle.dbtools.crest.model.design.FontObjectWr">
<foType>Elemento de Clave Primaria</foType>
<colorRGB>-16776961</colorRGB>
</FontObject>
<FontObject class="oracle.dbtools.crest.model.design.FontObjectWr">
<foType>Elemento de Clave Ajena</foType>
<colorRGB>-16777216</colorRGB>
</FontObject>
<FontObject class="oracle.dbtools.crest.model.design.FontObjectWr">
<foType>Elemento de Clave Única</foType>
<colorRGB>-16776961</colorRGB>
</FontObject>
<FontObject class="oracle.dbtools.crest.model.design.FontObjectWr">
<foType>No Nulo</foType>
<colorRGB>-65536</colorRGB>
</FontObject>
<FontObject class="oracle.dbtools.crest.model.design.FontObjectWr">
<foType>Clave</foType>
<colorRGB>-16777216</colorRGB>
</FontObject>
</fonts>
<columns>
<Column class="oracle.dbtools.crest.model.design.relational.Column" name="id_cliente" id="84885905-0132-5D23-DD8A-CD806D5BB02D">
<createdBy>alumno</createdBy>
<createdTime>2012-11-24 18:46:13 UTC</createdTime>
<generatorID>E8AB4854-74A9-0A52-F7BE-2279B50523EE</generatorID>
<ownerDesignName>multinacional_muebles</ownerDesignName>
<useDomainConstraints>false</useDomainConstraints>
<use>1</use>
<logicalDatatype>LOGDT011</logicalDatatype>
<previousColumn>false</previousColumn>
<autoIncrementCycle>false</autoIncrementCycle>
</Column>
<Column class="oracle.dbtools.crest.model.design.relational.Column" name="nombre" id="FEA59575-AFBC-2A5B-832E-F85528C25B75">
<createdBy>alumno</createdBy>
<createdTime>2012-11-24 18:46:13 UTC</createdTime>
<generatorID>960DB464-27EC-7522-8996-AECA0CFD0AFA</generatorID>
<ownerDesignName>multinacional_muebles</ownerDesignName>
<useDomainConstraints>false</useDomainConstraints>
<use>1</use>
<logicalDatatype>LOGDT024</logicalDatatype>
<dataTypeSize>50</dataTypeSize>
<previousColumn>false</previousColumn>
<autoIncrementCycle>false</autoIncrementCycle>
</Column>
<Column class="oracle.dbtools.crest.model.design.relational.Column" name="apellidos" id="54048DAF-6FBB-0F24-8E4D-4DB7EEBDE655">
<createdBy>alumno</createdBy>
<createdTime>2012-11-24 18:46:13 UTC</createdTime>
<generatorID>A9115168-B689-6F1E-6583-8AFFEED26859</generatorID>
<ownerDesignName>multinacional_muebles</ownerDesignName>
<useDomainConstraints>false</useDomainConstraints>
<use>1</use>
<logicalDatatype>LOGDT024</logicalDatatype>
<dataTypeSize>50</dataTypeSize>
<previousColumn>false</previousColumn>
<autoIncrementCycle>false</autoIncrementCycle>
</Column>
<Column class="oracle.dbtools.crest.model.design.relational.Column" name="dni" id="8096BEC1-5F43-8D66-188D-6E8A4DD73A80">
<createdBy>alumno</createdBy>
<createdTime>2012-11-24 18:46:13 UTC</createdTime>
<comment>Considero el atributo dni como varchar por la letra que le acompaña</comment>
<generatorID>6CFBD569-9D8D-7CD8-D555-5C6A99ABE985</generatorID>
<ownerDesignName>multinacional_muebles</ownerDesignName>
<useDomainConstraints>false</useDomainConstraints>
<use>1</use>
<logicalDatatype>LOGDT024</logicalDatatype>
<dataTypeSize>50</dataTypeSize>
<previousColumn>false</previousColumn>
<autoIncrementCycle>false</autoIncrementCycle>
</Column>
<Column class="oracle.dbtools.crest.model.design.relational.Column" name="email" id="7E5A0D60-7250-5D0A-1021-ABAD57CDFDEB">
<createdBy>alumno</createdBy>
<createdTime>2012-11-24 18:46:13 UTC</createdTime>
<generatorID>7E6F85CB-48E1-37DB-CBC5-BBAA37CACE4B</generatorID>
<ownerDesignName>multinacional_muebles</ownerDesignName>
<useDomainConstraints>false</useDomainConstraints>
<use>1</use>
<logicalDatatype>LOGDT024</logicalDatatype>
<dataTypeSize>50</dataTypeSize>
<previousColumn>false</previousColumn>
<autoIncrementCycle>false</autoIncrementCycle>
</Column>
</columns>
<indexes>
<ind_PK_UK class="oracle.dbtools.crest.model.design.relational.Index" id="70EA7F19-2A65-FADC-7838-26325AAEA263" name="clientes PK">
<createdBy>alumno</createdBy>
<createdTime>2012-11-24 18:46:13 UTC</createdTime>
<generatorID>63D57197-BCBB-9700-C4C2-9D307ADDA425</generatorID>
<ownerDesignName>multinacional_muebles</ownerDesignName>
<pk>true</pk>
<indexState>Primary Constraint</indexState>
<indexColumnUsage>
<colUsage columnID="84885905-0132-5D23-DD8A-CD806D5BB02D"/>
</indexColumnUsage>
</ind_PK_UK>
</indexes>
</Table>