<?xml version = '1.0' encoding = 'UTF-8'?>
<Table class="oracle.dbtools.crest.model.design.relational.Table" id="CF6E6E51-E2D0-F14C-90B3-CE7A67CEEE7B" directorySegmentName="seg_0" name="temporadas_tienen_muebles">
<createdBy>alumno</createdBy>
<createdTime>2012-11-24 18:46:13 UTC</createdTime>
<generatorID>Generado por el Usuario</generatorID>
<ownerDesignName>multinacional_muebles</ownerDesignName>
<pkName>temporadas_tienen_muebles__IDX</pkName>
<fonts>
<FontObject class="oracle.dbtools.crest.model.design.FontObjectWr">
<foType>Título</foType>
<fontStyle>1</fontStyle>
<colorRGB>-16776961</colorRGB>
</FontObject>
<FontObject class="oracle.dbtools.crest.model.design.FontObjectWr">
<foType>Columna</foType>
<colorRGB>-16777216</colorRGB>
</FontObject>
<FontObject class="oracle.dbtools.crest.model.design.FontObjectWr">
<foType>Tipo de Dato</foType>
<colorRGB>-16744448</colorRGB>
</FontObject>
<FontObject class="oracle.dbtools.crest.model.design.FontObjectWr">
<foType>Elemento de Clave Primaria</foType>
<colorRGB>-16776961</colorRGB>
</FontObject>
<FontObject class="oracle.dbtools.crest.model.design.FontObjectWr">
<foType>Elemento de Clave Ajena</foType>
<colorRGB>-16777216</colorRGB>
</FontObject>
<FontObject class="oracle.dbtools.crest.model.design.FontObjectWr">
<foType>Elemento de Clave Única</foType>
<colorRGB>-16776961</colorRGB>
</FontObject>
<FontObject class="oracle.dbtools.crest.model.design.FontObjectWr">
<foType>No Nulo</foType>
<colorRGB>-65536</colorRGB>
</FontObject>
<FontObject class="oracle.dbtools.crest.model.design.FontObjectWr">
<foType>Clave</foType>
<colorRGB>-16777216</colorRGB>
</FontObject>
</fonts>
<columns>
<Column class="oracle.dbtools.crest.model.design.relational.Column" name="Temporadas_id_temporada" id="9AB6A52F-F851-6AEB-565D-439A7C9F5618">
<createdBy>alumno</createdBy>
<createdTime>2012-11-24 18:46:13 UTC</createdTime>
<generatorID>Generado por el Usuario</generatorID>
<ownerDesignName>multinacional_muebles</ownerDesignName>
<useDomainConstraints>false</useDomainConstraints>
<use>1</use>
<logicalDatatype>LOGDT011</logicalDatatype>
<delegate>2EAFBD61-DB25-2AB9-E603-EA842B221696</delegate>
<previousColumn>false</previousColumn>
<autoIncrementCycle>false</autoIncrementCycle>
<associations>
<colAssociation fkAssociation="D3712712-693D-1E5E-F7D0-89B1C7A693F5" referredColumn="2EAFBD61-DB25-2AB9-E603-EA842B221696"/>
</associations>
</Column>
<Column class="oracle.dbtools.crest.model.design.relational.Column" name="muebles_id_mueble" id="7EAA4992-30B9-D711-F92C-3992C8973F86">
<createdBy>alumno</createdBy>
<createdTime>2012-11-24 18:46:13 UTC</createdTime>
<generatorID>Generado por el Usuario</generatorID>
<ownerDesignName>multinacional_muebles</ownerDesignName>
<useDomainConstraints>false</useDomainConstraints>
<use>1</use>
<logicalDatatype>LOGDT011</logicalDatatype>
<delegate>63273D08-BC7D-D869-590F-46D269387E69</delegate>
<previousColumn>false</previousColumn>
<autoIncrementCycle>false</autoIncrementCycle>
<associations>
<colAssociation fkAssociation="AB635080-FC7C-4AC6-C9A5-B2230A2EC843" referredColumn="63273D08-BC7D-D869-590F-46D269387E69"/>
</associations>
</Column>
</columns>
<indexes>
<ind_PK_UK class="oracle.dbtools.crest.model.design.relational.Index" id="34BF792C-92AF-20D7-6260-71312D09DC60" name="temporadas_muebles__IDX">
<createdBy>alumno</createdBy>
<createdTime>2012-11-24 18:46:13 UTC</createdTime>
<generatorID>Generado por el Usuario</generatorID>
<ownerDesignName>multinacional_muebles</ownerDesignName>
<pk>true</pk>
<indexState>Primary Constraint</indexState>
<indexColumnUsage>
<colUsage columnID="9AB6A52F-F851-6AEB-565D-439A7C9F5618"/>
<colUsage columnID="7EAA4992-30B9-D711-F92C-3992C8973F86"/>
</indexColumnUsage>
</ind_PK_UK>
<ind_PK_UK class="oracle.dbtools.crest.model.design.relational.Index" id="3D477762-B030-8079-3373-B1D6B78D0622" name="FK_ASS_1">
<createdBy>alumno</createdBy>
<createdTime>2012-11-24 18:46:13 UTC</createdTime>
<generatorID>D026F18E-CC6E-1DA2-2D0C-8E43D81DDBD5</generatorID>
<ownerDesignName>multinacional_muebles</ownerDesignName>
<indexState>Foreign Key</indexState>
<indexColumnUsage>
<colUsage columnID="9AB6A52F-F851-6AEB-565D-439A7C9F5618"/>
</indexColumnUsage>
</ind_PK_UK>
<ind_PK_UK class="oracle.dbtools.crest.model.design.relational.Index" id="96D33C47-32A7-E675-1146-AC0FFE58F4AF" name="FK_ASS_2">
<createdBy>alumno</createdBy>
<createdTime>2012-11-24 18:46:13 UTC</createdTime>
<generatorID>D026F18E-CC6E-1DA2-2D0C-8E43D81DDBD5</generatorID>
<ownerDesignName>multinacional_muebles</ownerDesignName>
<indexState>Foreign Key</indexState>
<indexColumnUsage>
<colUsage columnID="7EAA4992-30B9-D711-F92C-3992C8973F86"/>
</indexColumnUsage>
</ind_PK_UK>
</indexes>
</Table>