<?xml version = '1.0' encoding = 'UTF-8'?>
<Table class="oracle.dbtools.crest.model.design.relational.Table" id="DAC27FAC-4C5A-7EE1-5EA3-7326AAAFF317" directorySegmentName="seg_0" name="lineas_pedido">
<createdBy>alumno</createdBy>
<createdTime>2012-11-24 18:46:13 UTC</createdTime>
<generatorID>2090807A-86C7-CBF2-6F5D-4660247E3740</generatorID>
<ownerDesignName>multinacional_muebles</ownerDesignName>
<pkName>lineas_pedido PK</pkName>
<fonts>
<FontObject class="oracle.dbtools.crest.model.design.FontObjectWr">
<foType>Título</foType>
<fontStyle>1</fontStyle>
<colorRGB>-16776961</colorRGB>
</FontObject>
<FontObject class="oracle.dbtools.crest.model.design.FontObjectWr">
<foType>Columna</foType>
<colorRGB>-16777216</colorRGB>
</FontObject>
<FontObject class="oracle.dbtools.crest.model.design.FontObjectWr">
<foType>Tipo de Dato</foType>
<colorRGB>-16744448</colorRGB>
</FontObject>
<FontObject class="oracle.dbtools.crest.model.design.FontObjectWr">
<foType>Elemento de Clave Primaria</foType>
<colorRGB>-16776961</colorRGB>
</FontObject>
<FontObject class="oracle.dbtools.crest.model.design.FontObjectWr">
<foType>Elemento de Clave Ajena</foType>
<colorRGB>-16777216</colorRGB>
</FontObject>
<FontObject class="oracle.dbtools.crest.model.design.FontObjectWr">
<foType>Elemento de Clave Única</foType>
<colorRGB>-16776961</colorRGB>
</FontObject>
<FontObject class="oracle.dbtools.crest.model.design.FontObjectWr">
<foType>No Nulo</foType>
<colorRGB>-65536</colorRGB>
</FontObject>
<FontObject class="oracle.dbtools.crest.model.design.FontObjectWr">
<foType>Clave</foType>
<colorRGB>-16777216</colorRGB>
</FontObject>
</fonts>
<columns>
<Column class="oracle.dbtools.crest.model.design.relational.Column" name="id_linea" id="A4582EF1-4EF2-7035-2FD2-33298CCC2C11">
<createdBy>alumno</createdBy>
<createdTime>2012-11-24 18:46:13 UTC</createdTime>
<generatorID>46E39C89-4F25-6F5C-EC9C-596234164D07</generatorID>
<ownerDesignName>multinacional_muebles</ownerDesignName>
<useDomainConstraints>false</useDomainConstraints>
<use>1</use>
<logicalDatatype>LOGDT011</logicalDatatype>
<previousColumn>false</previousColumn>
<autoIncrementCycle>false</autoIncrementCycle>
</Column>
<Column class="oracle.dbtools.crest.model.design.relational.Column" name="cantidad" id="6F3C0C44-251A-6151-781B-D3E6CDBA5EA9">
<createdBy>alumno</createdBy>
<createdTime>2012-11-24 18:46:13 UTC</createdTime>
<comment>Número de unidades que solicita el cliente</comment>
<generatorID>B99023EB-F050-C1D0-5FD5-838E20E11324</generatorID>
<ownerDesignName>multinacional_muebles</ownerDesignName>
<useDomainConstraints>false</useDomainConstraints>
<use>1</use>
<logicalDatatype>LOGDT011</logicalDatatype>
<previousColumn>false</previousColumn>
<autoIncrementCycle>false</autoIncrementCycle>
</Column>
<Column class="oracle.dbtools.crest.model.design.relational.Column" name="id_mueble" id="189718C5-A7AC-ADF6-80ED-1041A645AD05">
<createdBy>alumno</createdBy>
<createdTime>2012-11-24 19:14:03 UTC</createdTime>
<generatorID>95D64629-BEE6-A822-1755-09322B201EF0</generatorID>
<ownerDesignName>multinacional_muebles</ownerDesignName>
<nullsAllowed>true</nullsAllowed>
<useDomainConstraints>false</useDomainConstraints>
<use>1</use>
<logicalDatatype>LOGDT011</logicalDatatype>
<delegate>63273D08-BC7D-D869-590F-46D269387E69</delegate>
<previousColumn>false</previousColumn>
<autoIncrementCycle>false</autoIncrementCycle>
<associations>
<colAssociation fkAssociation="913AAC61-0D54-5005-38DD-C0F1DBEF85B4" referredColumn="63273D08-BC7D-D869-590F-46D269387E69"/>
</associations>
</Column>
<Column class="oracle.dbtools.crest.model.design.relational.Column" name="id_terminacion" id="9A086FA9-EA4F-65FD-6AE1-24C279370119">
<createdBy>alumno</createdBy>
<createdTime>2012-11-24 19:14:03 UTC</createdTime>
<generatorID>2019BB19-4DA0-8075-5E72-B89B994E64A5</generatorID>
<ownerDesignName>multinacional_muebles</ownerDesignName>
<nullsAllowed>true</nullsAllowed>
<useDomainConstraints>false</useDomainConstraints>
<use>1</use>
<logicalDatatype>LOGDT011</logicalDatatype>
<delegate>3CBCD080-818A-EC1F-6C0D-E305A486C404</delegate>
<previousColumn>false</previousColumn>
<autoIncrementCycle>false</autoIncrementCycle>
<associations>
<colAssociation fkAssociation="1D80F765-09F6-2694-3D3E-034FB0625925" referredColumn="3CBCD080-818A-EC1F-6C0D-E305A486C404"/>
</associations>
</Column>
<Column class="oracle.dbtools.crest.model.design.relational.Column" name="id_pedido" id="74617963-D922-05F6-89A1-73A9CCE12D4B">
<createdBy>alumno</createdBy>
<createdTime>2012-11-24 19:14:03 UTC</createdTime>
<generatorID>F234472D-F0C2-0406-81BB-F9153B63F37B</generatorID>
<ownerDesignName>multinacional_muebles</ownerDesignName>
<nullsAllowed>true</nullsAllowed>
<useDomainConstraints>false</useDomainConstraints>
<use>1</use>
<logicalDatatype>LOGDT011</logicalDatatype>
<delegate>BCABFA07-3840-9734-45F5-7D90EE8D1EEB</delegate>
<previousColumn>false</previousColumn>
<autoIncrementCycle>false</autoIncrementCycle>
<associations>
<colAssociation fkAssociation="3574CF2D-FC53-9A75-087E-2022A307830C" referredColumn="BCABFA07-3840-9734-45F5-7D90EE8D1EEB"/>
</associations>
</Column>
<Column class="oracle.dbtools.crest.model.design.relational.Column" name="id_cristal" id="C67C74CE-13A0-3609-CF84-82D8552CE090">
<createdBy>alumno</createdBy>
<createdTime>2012-11-24 19:33:00 UTC</createdTime>
<generatorID>5A76173B-E676-A85C-DFB0-2E3E97667C33</generatorID>
<ownerDesignName>multinacional_muebles</ownerDesignName>
<nullsAllowed>true</nullsAllowed>
<useDomainConstraints>false</useDomainConstraints>
<use>1</use>
<logicalDatatype>LOGDT011</logicalDatatype>
<delegate>3F1CEF19-195F-5C5B-C0D7-8B59A86F72FE</delegate>
<previousColumn>false</previousColumn>
<autoIncrementCycle>false</autoIncrementCycle>
<associations>
<colAssociation fkAssociation="390D4A3E-ABAA-4947-ABB6-824F255D5FE4" referredColumn="3F1CEF19-195F-5C5B-C0D7-8B59A86F72FE"/>
</associations>
</Column>
<Column class="oracle.dbtools.crest.model.design.relational.Column" name="id_color" id="D3E44A1D-754A-40B9-D11B-CEF47D473C19">
<createdBy>alumno</createdBy>
<createdTime>2012-11-24 19:33:00 UTC</createdTime>
<generatorID>A8CA432F-A52B-ECEB-8307-07F07BC42F65</generatorID>
<ownerDesignName>multinacional_muebles</ownerDesignName>
<nullsAllowed>true</nullsAllowed>
<useDomainConstraints>false</useDomainConstraints>
<use>1</use>
<logicalDatatype>LOGDT011</logicalDatatype>
<delegate>20074726-1C00-2299-5E17-BB2DA901B81A</delegate>
<previousColumn>false</previousColumn>
<autoIncrementCycle>false</autoIncrementCycle>
<associations>
<colAssociation fkAssociation="C667E5F4-6225-EE7F-9CE7-B3C7979F7649" referredColumn="20074726-1C00-2299-5E17-BB2DA901B81A"/>
</associations>
</Column>
</columns>
<indexes>
<ind_PK_UK class="oracle.dbtools.crest.model.design.relational.Index" id="801AD0C0-431E-A632-4D96-0940379FA069" name="lineas_pedido PK">
<createdBy>alumno</createdBy>
<createdTime>2012-11-24 18:46:13 UTC</createdTime>
<generatorID>654C3B3E-8650-5B8D-27A9-DEC4C127EB37</generatorID>
<ownerDesignName>multinacional_muebles</ownerDesignName>
<pk>true</pk>
<indexState>Primary Constraint</indexState>
<indexColumnUsage>
<colUsage columnID="A4582EF1-4EF2-7035-2FD2-33298CCC2C11"/>
</indexColumnUsage>
</ind_PK_UK>
<ind_PK_UK class="oracle.dbtools.crest.model.design.relational.Index" id="0B4D721C-71E4-953E-C4FF-C7F5486FB6A5" name="Muebles_linea_pedido">
<createdBy>alumno</createdBy>
<createdTime>2012-11-24 19:14:03 UTC</createdTime>
<generatorID>7A89500D-5374-9C87-D434-650DEC47CA81</generatorID>
<ownerDesignName>multinacional_muebles</ownerDesignName>
<indexState>Foreign Key</indexState>
<indexColumnUsage>
<colUsage columnID="189718C5-A7AC-ADF6-80ED-1041A645AD05"/>
</indexColumnUsage>
</ind_PK_UK>
<ind_PK_UK class="oracle.dbtools.crest.model.design.relational.Index" id="57C4E5EF-6632-AB7E-FACF-5DA6CD8DE85B" name="Pedidos_lineas_pedidos">
<createdBy>alumno</createdBy>
<createdTime>2012-11-24 19:14:03 UTC</createdTime>
<generatorID>0A53920F-2B3E-42AB-6DD2-A1390A21AA90</generatorID>
<ownerDesignName>multinacional_muebles</ownerDesignName>
<indexState>Foreign Key</indexState>
<indexColumnUsage>
<colUsage columnID="74617963-D922-05F6-89A1-73A9CCE12D4B"/>
</indexColumnUsage>
</ind_PK_UK>
<ind_PK_UK class="oracle.dbtools.crest.model.design.relational.Index" id="243E3B01-9D87-9681-1E73-A41D21709EF7" name="Terminaciones_linea_pedido">
<createdBy>alumno</createdBy>
<createdTime>2012-11-24 19:14:03 UTC</createdTime>
<generatorID>0ECE9A3C-1045-68AF-0964-156346AFAFED</generatorID>
<ownerDesignName>multinacional_muebles</ownerDesignName>
<indexState>Foreign Key</indexState>
<indexColumnUsage>
<colUsage columnID="9A086FA9-EA4F-65FD-6AE1-24C279370119"/>
</indexColumnUsage>
</ind_PK_UK>
<ind_PK_UK class="oracle.dbtools.crest.model.design.relational.Index" id="0940978A-5267-790A-40A4-24D9E1E114AB" name="Colores_linea_pedido">
<createdBy>alumno</createdBy>
<createdTime>2012-11-24 19:33:00 UTC</createdTime>
<generatorID>64CE9200-88C5-015B-1E26-6D48139C2173</generatorID>
<ownerDesignName>multinacional_muebles</ownerDesignName>
<indexState>Foreign Key</indexState>
<indexColumnUsage>
<colUsage columnID="D3E44A1D-754A-40B9-D11B-CEF47D473C19"/>
</indexColumnUsage>
</ind_PK_UK>
<ind_PK_UK class="oracle.dbtools.crest.model.design.relational.Index" id="E0562159-DAF2-0C5C-8CB4-319EAFC7F1E1" name="Cristales_linea_pedido">
<createdBy>alumno</createdBy>
<createdTime>2012-11-24 19:33:00 UTC</createdTime>
<generatorID>AA20B48D-4D80-9365-09A0-7D4DFA7346E3</generatorID>
<ownerDesignName>multinacional_muebles</ownerDesignName>
<indexState>Foreign Key</indexState>
<indexColumnUsage>
<colUsage columnID="C67C74CE-13A0-3609-CF84-82D8552CE090"/>
</indexColumnUsage>
</ind_PK_UK>
</indexes>
</Table>