<?xml version = '1.0' encoding = 'UTF-8'?>
<RMExtendedMap class="oracle.dbtools.crest.model.xtdmapping.RMExtendedMap">
<mappings>
<CM class="oracle.dbtools.crest.model.xtdmapping.ContainerMapping" id="02BFFBC4-C3AEAFE7A275160B2580-3029BD1C0792" lID="02BFFBC4-7EE6-44E7-615D-C3AEAFE7A275" lT="3" rID="160B2580-B7F6-3D31-FB09-3029BD1C0792" rT="4">
</CM>
<CM class="oracle.dbtools.crest.model.xtdmapping.ContainerMapping" id="127A0400-5252883F5C020E026026-A6D2ECA752DC" lID="127A0400-1E15-2E80-9B5D-5252883F5C02" lT="0" rID="0E026026-5D08-6A6A-34BE-A6D2ECA752DC" rT="4">
<containedMappings>
<Mg class="oracle.dbtools.crest.model.xtdmapping.RelMapping" id="44C2375A-A4D3734867019D0FCF1A-C2277BEA6AC6" lID="44C2375A-E47E-A565-CF60-A4D373486701" lT="2" rID="9D0FCF1A-508E-C9FE-691D-C2277BEA6AC6" rT="7"/>
<Mg class="oracle.dbtools.crest.model.xtdmapping.RelMapping" id="5C1FC445-B46DF53586DEFBFDBBFA-37215D07606D" lID="5C1FC445-1EF7-8DA9-1FB9-B46DF53586DE" rID="FBFDBBFA-D523-45D2-1A4B-37215D07606D"/>
<Mg class="oracle.dbtools.crest.model.xtdmapping.RelMapping" id="9544A655-7883AC0E7DA0A04BB2C4-5EF4C72F586A" lID="9544A655-9956-2822-FE88-7883AC0E7DA0" rID="A04BB2C4-6DA7-D704-26A1-5EF4C72F586A"/>
</containedMappings>
</CM>
<CM class="oracle.dbtools.crest.model.xtdmapping.ContainerMapping" id="1C45FAAC-CD9BA4251B94C75281CD-0A2AB5921B14" lID="1C45FAAC-746D-D172-B8A6-CD9BA4251B94" lT="0" rID="C75281CD-23FB-7A09-B16F-0A2AB5921B14" rT="4">
<containedMappings>
<Mg class="oracle.dbtools.crest.model.xtdmapping.RelMapping" id="403514CF-ADC9C2E4FCAE6B454AA2-085DFD656228" lID="403514CF-CC86-5237-5012-ADC9C2E4FCAE" rID="6B454AA2-F428-AF7E-A23D-085DFD656228"/>
<Mg class="oracle.dbtools.crest.model.xtdmapping.RelMapping" id="77777813-82851AB023E823162516-A0949D5FE47D" lID="77777813-BD1C-C66A-242D-82851AB023E8" rID="23162516-621F-E602-3B58-A0949D5FE47D"/>
<Mg class="oracle.dbtools.crest.model.xtdmapping.RelMapping" id="8354C4FD-C49AFBD4390326B42321-ED6E0DABEBD8" lID="8354C4FD-97B1-1AD2-8D6D-C49AFBD43903" lT="2" rID="26B42321-83E0-D90C-40E2-ED6E0DABEBD8" rT="6"/>
<Mg class="oracle.dbtools.crest.model.xtdmapping.RelMapping" id="EAC4F0AD-0AABEDF4237B656B1F64-AE3A2F34B37E" lID="EAC4F0AD-8575-C796-79AF-0AABEDF4237B" lT="2" rID="656B1F64-A0E0-DEE8-C2F7-AE3A2F34B37E" rT="7"/>
</containedMappings>
</CM>
<CM class="oracle.dbtools.crest.model.xtdmapping.ContainerMapping" id="339C7980-47B2EF178F657A64D7A1-37F28DB631ED" lID="339C7980-28AF-7F26-BFAB-47B2EF178F65" lT="0" rID="7A64D7A1-58A1-E392-6D44-37F28DB631ED" rT="4">
<containedMappings>
<Mg class="oracle.dbtools.crest.model.xtdmapping.RelMapping" id="B278711F-40C5D3CCE8E175F4A99C-6EA41EDBB3C3" lID="B278711F-E272-99A6-3FBE-40C5D3CCE8E1" rID="75F4A99C-7FF1-838D-32E5-6EA41EDBB3C3"/>
<Mg class="oracle.dbtools.crest.model.xtdmapping.RelMapping" id="C7995AFE-498BFC17222567439D7B-BAD7245A7AE8" lID="C7995AFE-ED05-5C3A-DEA6-498BFC172225" lT="2" rID="67439D7B-420E-47C9-3D80-BAD7245A7AE8" rT="7"/>
</containedMappings>
</CM>
<CM class="oracle.dbtools.crest.model.xtdmapping.ContainerMapping" id="4540D840-F13E1F64FCB2740C7A25-1493A675A870" lID="4540D840-50F8-AFFA-7162-F13E1F64FCB2" lT="0" rID="740C7A25-91F2-0EA2-5FA7-1493A675A870" rT="4">
<containedMappings>
<Mg class="oracle.dbtools.crest.model.xtdmapping.RelMapping" id="55A1BE88-4F8060B3162315D4FC32-1225618E5317" lID="55A1BE88-8C67-DA06-40F3-4F8060B31623" rID="15D4FC32-91EA-30A2-2DB1-1225618E5317"/>
<Mg class="oracle.dbtools.crest.model.xtdmapping.RelMapping" id="8F5A5CE3-B53A5D7A90150D103434-38E2657AF42C" lID="8F5A5CE3-9565-AD5A-DC3F-B53A5D7A9015" lT="2" rID="0D103434-AE66-8D8C-21D0-38E2657AF42C" rT="7"/>
<Mg class="oracle.dbtools.crest.model.xtdmapping.RelMapping" id="E8C38DAB-4221C077E521D54ED199-30BDD806F8EB" lID="E8C38DAB-C56A-A307-1792-4221C077E521" rID="D54ED199-B97F-7286-CF84-30BDD806F8EB"/>
</containedMappings>
</CM>
<CM class="oracle.dbtools.crest.model.xtdmapping.ContainerMapping" id="55FC093F-EFC06FFE201EB4ECFC4E-628626184798" lID="55FC093F-9BE0-1382-C504-EFC06FFE201E" lT="0" rID="B4ECFC4E-840E-D817-4EEF-628626184798" rT="4">
<containedMappings>
<Mg class="oracle.dbtools.crest.model.xtdmapping.RelMapping" id="0A84313C-CFABC8DD9FC5496B34EE-D9E354D0D949" lID="0A84313C-1100-D48F-D472-CFABC8DD9FC5" rID="496B34EE-C5CC-6D86-4B10-D9E354D0D949"/>
<Mg class="oracle.dbtools.crest.model.xtdmapping.RelMapping" id="5052064E-E2EA20B023C4512544BE-C2351379D4CD" lID="5052064E-6359-BB61-CABF-E2EA20B023C4" lT="2" rID="512544BE-015A-3F8A-F96A-C2351379D4CD" rT="7"/>
</containedMappings>
</CM>
<CM class="oracle.dbtools.crest.model.xtdmapping.ContainerMapping" id="5B06961F-42367AB27EC9226EA3AD-E914079A529B" lID="5B06961F-1051-967A-4239-42367AB27EC9" lT="0" rID="226EA3AD-FD42-93D3-C855-E914079A529B" rT="4">
<containedMappings>
<Mg class="oracle.dbtools.crest.model.xtdmapping.RelMapping" id="8E28F442-10C3EE684CBEBFBE9CBF-741A3C580F05" lID="8E28F442-5C98-F192-741E-10C3EE684CBE" rID="BFBE9CBF-D98F-BDCD-3CC4-741A3C580F05"/>
<Mg class="oracle.dbtools.crest.model.xtdmapping.RelMapping" id="F149ECE9-BBC67B5AE2F2A9B5CA54-9562FBBA8A2C" lID="F149ECE9-2B1F-47C9-2FFD-BBC67B5AE2F2" lT="2" rID="A9B5CA54-3C30-0912-7CE4-9562FBBA8A2C" rT="7"/>
</containedMappings>
</CM>
<CM class="oracle.dbtools.crest.model.xtdmapping.ContainerMapping" id="64C243DA-98BBA321B9633C97D881-B5F34510446A" lID="64C243DA-3A13-6B2F-41E7-98BBA321B963" lT="0" rID="3C97D881-0097-90B2-68F1-B5F34510446A" rT="4">
<containedMappings>
<Mg class="oracle.dbtools.crest.model.xtdmapping.RelMapping" id="1BBA8E7F-57E9AF4619F4B3D47E4E-4FE4260F8210" lID="1BBA8E7F-96F5-9B51-4D78-57E9AF4619F4" rID="B3D47E4E-76AC-903C-BCD4-4FE4260F8210"/>
<Mg class="oracle.dbtools.crest.model.xtdmapping.RelMapping" id="8852FF2C-9C90E0B7D371F6609283-25086F239154" lID="8852FF2C-D722-5933-7B82-9C90E0B7D371" rID="F6609283-8F50-C1C9-2D9F-25086F239154"/>
<Mg class="oracle.dbtools.crest.model.xtdmapping.RelMapping" id="9A875C30-464ADB4616D463DAAC1C-10C92B0DB804" lID="9A875C30-6A65-EC41-0472-464ADB4616D4" lT="2" rID="63DAAC1C-1BA6-1251-DC6F-10C92B0DB804" rT="7"/>
<Mg class="oracle.dbtools.crest.model.xtdmapping.RelMapping" id="BAE60C95-D2618629BEA673C6290D-3875C12BA0B2" lID="BAE60C95-0070-7BCC-547C-D2618629BEA6" rID="73C6290D-43D7-E712-F02C-3875C12BA0B2"/>
<Mg class="oracle.dbtools.crest.model.xtdmapping.RelMapping" id="DFF147B8-18FEC9A0F36637223B7C-EE797B9A5E64" lID="DFF147B8-8CF4-0694-75BA-18FEC9A0F366" rID="37223B7C-AFB9-612B-9C58-EE797B9A5E64"/>
</containedMappings>
</CM>
<CM class="oracle.dbtools.crest.model.xtdmapping.ContainerMapping" id="87BA8ED4-671D277EED9BC6645B71-56F302D532C3" lID="87BA8ED4-6A52-185B-ED23-671D277EED9B" lT="0" rID="C6645B71-1F39-7BCE-3168-56F302D532C3" rT="4">
<containedMappings>
<Mg class="oracle.dbtools.crest.model.xtdmapping.RelMapping" id="4F3FB07F-E6E78CA4CA61EE385D49-F9EC938C89DD" lID="4F3FB07F-7C54-39F0-4A45-E6E78CA4CA61" rID="EE385D49-5E14-6645-A7A4-F9EC938C89DD"/>
<Mg class="oracle.dbtools.crest.model.xtdmapping.RelMapping" id="7ECA2E22-3C435C1CFB771FCCB050-03AD97E45F7F" lID="7ECA2E22-807D-DA17-FCDF-3C435C1CFB77" rID="1FCCB050-FF1E-3C10-C983-03AD97E45F7F"/>
<Mg class="oracle.dbtools.crest.model.xtdmapping.RelMapping" id="7FEA92BA-CA9A613440BD7607C2C0-CF5107F4C04B" lID="7FEA92BA-F216-8314-2A0D-CA9A613440BD" rID="7607C2C0-67D2-4735-8C33-CF5107F4C04B"/>
<Mg class="oracle.dbtools.crest.model.xtdmapping.RelMapping" id="95237A35-9A20BAD91E296191EB1A-2870CED21631" lID="95237A35-960A-60A1-60A7-9A20BAD91E29" rID="6191EB1A-A85B-5BA0-3F70-2870CED21631"/>
<Mg class="oracle.dbtools.crest.model.xtdmapping.RelMapping" id="B324036D-573ED461D6B58AA91B3B-4367B707C7C8" lID="B324036D-A9BB-61E6-E6AD-573ED461D6B5" rID="8AA91B3B-CCE5-0947-8BD9-4367B707C7C8"/>
<Mg class="oracle.dbtools.crest.model.xtdmapping.RelMapping" id="CA79E743-824A4DBB71DB78B6095C-EC0A7A72CFC5" lID="CA79E743-4D38-48A0-C495-824A4DBB71DB" lT="2" rID="78B6095C-3E35-570F-6B75-EC0A7A72CFC5" rT="7"/>
<Mg class="oracle.dbtools.crest.model.xtdmapping.RelMapping" id="D673C485-E71C1DD6EAE0043A5AF2-F40475262747" lID="D673C485-58C9-23D4-0C46-E71C1DD6EAE0" rID="043A5AF2-68DA-37DB-591E-F40475262747"/>
<Mg class="oracle.dbtools.crest.model.xtdmapping.RelMapping" id="DF6B8260-741F87BE6B1646E74FDA-6D71380FBE64" lID="DF6B8260-C877-138E-F195-741F87BE6B16" rID="46E74FDA-5E93-EC5A-1BE9-6D71380FBE64"/>
</containedMappings>
</CM>
<CM class="oracle.dbtools.crest.model.xtdmapping.ContainerMapping" id="94E470BB-C24459C33611FD7D9F24-084EE3C875F5" lID="94E470BB-3A09-47D1-3E60-C24459C33611" lT="3" rID="FD7D9F24-78D4-6F98-2F4C-084EE3C875F5" rT="4">
</CM>
<CM class="oracle.dbtools.crest.model.xtdmapping.ContainerMapping" id="B9077B96-0C4ACCF009D35CEC0F3E-7E0B82B57A76" lID="B9077B96-1EDA-D592-A421-0C4ACCF009D3" lT="3" rID="5CEC0F3E-02AE-0B14-876B-7E0B82B57A76" rT="4">
</CM>
<CM class="oracle.dbtools.crest.model.xtdmapping.ContainerMapping" id="C251F7E5-E1ABCB66F02AFBEE27D0-F764D893BAD2" lID="C251F7E5-1E90-95DE-C786-E1ABCB66F02A" lT="3" rID="FBEE27D0-338B-3210-5FCB-F764D893BAD2" rT="4">
</CM>
<CM class="oracle.dbtools.crest.model.xtdmapping.ContainerMapping" id="F35C90D1-B58E17D83D784CCE661F-D517AC550563" lID="F35C90D1-199E-7319-0708-B58E17D83D78" lT="0" rID="4CCE661F-E765-B87D-7560-D517AC550563" rT="4">
<containedMappings>
<Mg class="oracle.dbtools.crest.model.xtdmapping.RelMapping" id="3D2EDDC4-585C987AE19ED40DAF00-200FBEAFAABD" lID="3D2EDDC4-696F-28E6-87EC-585C987AE19E" rID="D40DAF00-CE7A-1036-30AA-200FBEAFAABD"/>
<Mg class="oracle.dbtools.crest.model.xtdmapping.RelMapping" id="41CD68C5-5F397E3C25E4C3BFD349-06A6ACAB5368" lID="41CD68C5-5E5E-A6A3-BBB0-5F397E3C25E4" rID="C3BFD349-11D8-4397-DCD0-06A6ACAB5368"/>
<Mg class="oracle.dbtools.crest.model.xtdmapping.RelMapping" id="6FE872B2-60D6CA102727CF3FA156-190128D7228B" lID="6FE872B2-CB26-0D30-99C3-60D6CA102727" rID="CF3FA156-08A2-C859-7F81-190128D7228B"/>
<Mg class="oracle.dbtools.crest.model.xtdmapping.RelMapping" id="BCABEA7C-D9121E71F0F6FCBD573F-EDE3CAE4A3B3" lID="BCABEA7C-2F59-FB07-1D4E-D9121E71F0F6" lT="2" rID="FCBD573F-DEBB-5874-DA60-EDE3CAE4A3B3" rT="7"/>
<Mg class="oracle.dbtools.crest.model.xtdmapping.RelMapping" id="C1BA0983-D3959BBF4BC518220131-1CF50F94BC70" lID="C1BA0983-D77F-BBD0-29A3-D3959BBF4BC5" rID="18220131-0B96-394E-89C6-1CF50F94BC70"/>
<Mg class="oracle.dbtools.crest.model.xtdmapping.RelMapping" id="D72B13E4-2C85D9EBCF73B5C8C845-A1CF9DA2B45E" lID="D72B13E4-402C-A5D8-A1C5-2C85D9EBCF73" rID="B5C8C845-B3FE-FBE9-88F3-A1CF9DA2B45E"/>
<Mg class="oracle.dbtools.crest.model.xtdmapping.RelMapping" id="EEE0528B-51BD288C18DDDCDE006C-579C15B97BA9" lID="EEE0528B-4D29-FF1B-A0A7-51BD288C18DD" rID="DCDE006C-95C4-76B4-D1A9-579C15B97BA9"/>
</containedMappings>
</CM>
<CM class="oracle.dbtools.crest.model.xtdmapping.ContainerMapping" id="10B788CC-F513D481334CE42F8AED-F1BC36F6F2BE" lID="10B788CC-1E44-D7D4-6F5C-F513D481334C" lT="3" rID="E42F8AED-655F-3D79-8DEC-F1BC36F6F2BE" rT="8">
</CM>
<CM class="oracle.dbtools.crest.model.xtdmapping.ContainerMapping" id="29815943-D31F8B859A959BB5832B-CCAD5D75267D" lID="29815943-898B-7C97-3FBF-D31F8B859A95" lT="3" rID="9BB5832B-829D-7A1F-6E86-CCAD5D75267D" rT="8">
</CM>
<CM class="oracle.dbtools.crest.model.xtdmapping.ContainerMapping" id="36666181-A375870333A6377DCCBE-299A9FF3712D" lID="36666181-C076-77AB-F281-A375870333A6" lT="3" rID="377DCCBE-E770-59A7-04C5-299A9FF3712D" rT="8">
</CM>
<CM class="oracle.dbtools.crest.model.xtdmapping.ContainerMapping" id="5C9D8E0F-7C9C33B703471250FD0F-CD9E23661079" lID="5C9D8E0F-7517-8801-B894-7C9C33B70347" lT="3" rID="1250FD0F-5F44-6640-5177-CD9E23661079" rT="8">
</CM>
<CM class="oracle.dbtools.crest.model.xtdmapping.ContainerMapping" id="6BD86744-E8ECBAA2C83C32BF4546-D8E9721C0E5E" lID="6BD86744-A16A-2AD3-325F-E8ECBAA2C83C" lT="3" rID="32BF4546-D875-CA38-F26B-D8E9721C0E5E" rT="8">
</CM>
<CM class="oracle.dbtools.crest.model.xtdmapping.ContainerMapping" id="C8064ACA-FDF8F3A7B934EFC30486-A18FBBAFC647" lID="C8064ACA-7957-425D-F66C-FDF8F3A7B934" lT="3" rID="EFC30486-002B-681B-D997-A18FBBAFC647" rT="8">
</CM>
<CM class="oracle.dbtools.crest.model.xtdmapping.ContainerMapping" id="F3B6F0C2-9EC78B2ACAF21090F40B-5F8D014E047E" lID="F3B6F0C2-91DB-5877-1EDB-9EC78B2ACAF2" lT="3" rID="1090F40B-CF71-BC3C-08D8-5F8D014E047E" rT="8">
</CM>
</mappings>
</RMExtendedMap>