<?xml version = '1.0' encoding = 'UTF-8'?>
<Diagram class="oracle.dbtools.crest.swingui.logical.DPVLogical" id="8C18F3CA-2F7A-92DA-FC92-AD6E69D83077">
<createdBy>alumno</createdBy>
<createdTime>2012-11-20 17:02:26 UTC</createdTime>
<autoRoute>false</autoRoute>
<boxInbox>true</boxInbox>
<showLegend>false</showLegend>
<showLabels>false</showLabels>
<showGrid>false</showGrid>
<diagramColor>-1</diagramColor>
<display>false</display>
<notation>1</notation>
<objectViews>
<OView class="oracle.dbtools.crest.swingui.logical.TVEntity" oid="080EE576-A95B-3767-5D93-5DD02E023AE8" otype="Entity" vid="B7D2DAAC-62F8-987E-BE7E-C796B26F9E1A">
<bounds x="250" y="450" width="170" height="110"/>
</OView>
<OView class="oracle.dbtools.crest.swingui.logical.TVEntity" oid="25BC63D1-F3FA-061C-11E9-F0EB32F86211" otype="Entity" vid="7374BD13-4E6F-6A35-5E1A-55CEEC3E55B1">
<bounds x="100" y="150" width="170" height="110"/>
</OView>
<OView class="oracle.dbtools.crest.swingui.logical.TVEntity" oid="34E70E76-47A8-8481-4408-1D51E3ACAD66" otype="Entity" vid="0E1F28FD-4476-00BC-4CE3-3CA7D4DBFC9B">
<bounds x="50" y="50" width="170" height="110"/>
</OView>
<OView class="oracle.dbtools.crest.swingui.logical.TVEntity" oid="46EE5355-DFF7-547D-6193-97F49E86EE7B" otype="Entity" vid="8EC2BD2A-2721-FA18-448E-8C2D241FBF41">
<bounds x="60" y="70" width="170" height="110"/>
</OView>
<OView class="oracle.dbtools.crest.swingui.logical.TVEntity" oid="78E57DE1-17C6-B093-6B4A-5A44A9614E7D" otype="Entity" vid="1FC11374-CC56-0335-2E94-E6AC96DAAEB2">
<bounds x="50" y="50" width="170" height="110"/>
</OView>
<OView class="oracle.dbtools.crest.swingui.logical.TVEntity" oid="8D61D5BD-7989-3A7E-86DF-8C5380204904" otype="Entity" vid="B6CFDFF0-2711-3B6C-BD6F-927C38F272EE">
<bounds x="280" y="510" width="170" height="110"/>
</OView>
<OView class="oracle.dbtools.crest.swingui.logical.TVEntity" oid="9D163479-E299-AEF7-9EC9-F2AF8F5BEB5F" otype="Entity" vid="1C1C14EF-730B-D4EB-3F1C-161F1100A597">
<bounds x="310" y="570" width="170" height="110"/>
</OView>
<OView class="oracle.dbtools.crest.swingui.logical.TVEntity" oid="9D285FDB-4BCE-8D4A-C2D1-7CC0017377FE" otype="Entity" vid="091B9060-3C35-3E8D-2FE8-5CCE9CFC4974">
<bounds x="130" y="210" width="170" height="110"/>
</OView>
<OView class="oracle.dbtools.crest.swingui.logical.TVEntity" oid="DA2311DE-0859-F78C-F25B-F0E4EBAC8F99" otype="Entity" vid="DEB0C2D7-A56F-0898-8175-282F162AF013">
<bounds x="170" y="290" width="170" height="110"/>
</OView>
<OView class="oracle.dbtools.crest.swingui.logical.TVEntity" oid="E53E2691-1FBE-C8B1-2AE4-66F98244D726" otype="Entity" vid="608AA648-C54F-5F11-F2F9-658AA05F07E2">
<bounds x="220" y="390" width="170" height="110"/>
</OView>
<OView class="oracle.dbtools.crest.swingui.logical.TVEntity" oid="F20F231D-76CC-C902-413E-38B7B1EF602F" otype="Entity" vid="F9947D2C-1E77-9C9F-ED62-6078C114C6F4">
<bounds x="50" y="50" width="170" height="110"/>
</OView>
</objectViews>
<connectors>
<Connector class="oracle.dbtools.crest.swingui.logical.TVRelation" oid="0532C0F5-B90A-8CA8-4CD9-015DD04B1156" otype="Relation" vid_source="1FC11374-CC56-0335-2E94-E6AC96DAAEB2" vid_target="8EC2BD2A-2721-FA18-448E-8C2D241FBF41">
<lineWidth>1</lineWidth>
<points>
<point x="220" y="115"/>
<point x="60" y="115"/>
</points>
</Connector>
<Connector class="oracle.dbtools.crest.swingui.logical.TVRelation" oid="2A16FE2A-6B39-D2B0-EB4A-0061064DFCCC" otype="Relation" vid_source="B6CFDFF0-2711-3B6C-BD6F-927C38F272EE" vid_target="0E1F28FD-4476-00BC-4CE3-3CA7D4DBFC9B">
<lineWidth>1</lineWidth>
</Connector>
<Connector class="oracle.dbtools.crest.swingui.logical.TVRelation" oid="2AA7AC27-3CE0-D6E6-8E44-CB7063107BEA" otype="Relation" vid_source="1FC11374-CC56-0335-2E94-E6AC96DAAEB2" vid_target="DEB0C2D7-A56F-0898-8175-282F162AF013">
<lineWidth>1</lineWidth>
<points>
<point x="195" y="160"/>
<point x="195" y="290"/>
</points>
</Connector>
<Connector class="oracle.dbtools.crest.swingui.logical.TVRelation" oid="3CA75240-50AD-A9E5-A1B1-B90E5D62378A" otype="Relation" vid_source="608AA648-C54F-5F11-F2F9-658AA05F07E2" vid_target="0E1F28FD-4476-00BC-4CE3-3CA7D4DBFC9B">
<lineWidth>1</lineWidth>
</Connector>
<Connector class="oracle.dbtools.crest.swingui.logical.TVRelation" oid="6267ABC0-061E-E158-7921-14B1852872A6" otype="Relation" vid_source="1C1C14EF-730B-D4EB-3F1C-161F1100A597" vid_target="F9947D2C-1E77-9C9F-ED62-6078C114C6F4">
<lineWidth>1</lineWidth>
</Connector>
<Connector class="oracle.dbtools.crest.swingui.logical.TVRelation" oid="6D818A27-9C14-A1E5-C8E9-4B070DCA07EA" otype="Relation" vid_source="608AA648-C54F-5F11-F2F9-658AA05F07E2" vid_target="DEB0C2D7-A56F-0898-8175-282F162AF013">
<lineWidth>1</lineWidth>
<points>
<point x="220" y="395"/>
<point x="340" y="395"/>
</points>
</Connector>
<Connector class="oracle.dbtools.crest.swingui.logical.TVRelation" oid="749BF20F-214A-AE29-DD9D-B5287BF9342F" otype="Relation" vid_source="1FC11374-CC56-0335-2E94-E6AC96DAAEB2" vid_target="7374BD13-4E6F-6A35-5E1A-55CEEC3E55B1">
<lineWidth>1</lineWidth>
<points>
<point x="220" y="155"/>
<point x="100" y="155"/>
</points>
</Connector>
<Connector class="oracle.dbtools.crest.swingui.logical.TVRelation" oid="75582D5C-ED3F-0959-F29B-95A4B24E5CEA" otype="Relation" vid_source="0E1F28FD-4476-00BC-4CE3-3CA7D4DBFC9B" vid_target="F9947D2C-1E77-9C9F-ED62-6078C114C6F4">
<lineWidth>1</lineWidth>
</Connector>
<Connector class="oracle.dbtools.crest.swingui.logical.TVRelation" oid="7F9FC57D-DA96-9F39-0556-4BE28AEF013C" otype="Relation" vid_source="1FC11374-CC56-0335-2E94-E6AC96DAAEB2" vid_target="0E1F28FD-4476-00BC-4CE3-3CA7D4DBFC9B">
<lineWidth>1</lineWidth>
</Connector>
<Connector class="oracle.dbtools.crest.swingui.logical.TVRelation" oid="9CBD86E9-33FA-6D64-3953-FBAE09C8CA45" otype="Relation" vid_source="DEB0C2D7-A56F-0898-8175-282F162AF013" vid_target="B6CFDFF0-2711-3B6C-BD6F-927C38F272EE">
<lineWidth>1</lineWidth>
<points>
<point x="310" y="400"/>
<point x="310" y="510"/>
</points>
</Connector>
<Connector class="oracle.dbtools.crest.swingui.logical.TVRelation" oid="A5B3A5A7-25A6-AFBD-4112-5B1B695B2276" otype="Relation" vid_source="1FC11374-CC56-0335-2E94-E6AC96DAAEB2" vid_target="091B9060-3C35-3E8D-2FE8-5CCE9CFC4974">
<lineWidth>1</lineWidth>
<points>
<point x="175" y="160"/>
<point x="175" y="210"/>
</points>
</Connector>
<Connector class="oracle.dbtools.crest.swingui.logical.TVRelation" oid="CB4B7F06-13FD-3DBA-FE73-A16D87E3F31B" otype="Relation" vid_source="DEB0C2D7-A56F-0898-8175-282F162AF013" vid_target="B7D2DAAC-62F8-987E-BE7E-C796B26F9E1A">
<lineWidth>1</lineWidth>
<points>
<point x="295" y="400"/>
<point x="295" y="450"/>
</points>
</Connector>
<Connector class="oracle.dbtools.crest.swingui.logical.TVRelation" oid="CCE40FFE-382E-E4A3-F447-9A3B1171E89A" otype="Relation" vid_source="B7D2DAAC-62F8-987E-BE7E-C796B26F9E1A" vid_target="0E1F28FD-4476-00BC-4CE3-3CA7D4DBFC9B">
<lineWidth>1</lineWidth>
</Connector>
</connectors>
</Diagram>