<?xml version = '1.0' encoding = 'UTF-8'?>
<Diagram class="oracle.dbtools.crest.swingui.logical.DPVLogicalSubView" name="Logical - SubView_1" id="A8529BEB-AD33-4514-3BF1-5FF9B291D499">
<createdBy>alumno</createdBy>
<createdTime>2012-11-20 17:02:30 UTC</createdTime>
<autoRoute>false</autoRoute>
<boxInbox>true</boxInbox>
<showLegend>false</showLegend>
<showLabels>false</showLabels>
<showGrid>false</showGrid>
<diagramColor>-1</diagramColor>
<display>false</display>
<notation>1</notation>
<objectViews>
<OView class="oracle.dbtools.crest.swingui.logical.TVEntity" oid="080EE576-A95B-3767-5D93-5DD02E023AE8" otype="Entity" vid="51E51E60-82D5-43B6-1A8E-C33E076C9572">
<bounds x="241" y="174" width="130" height="47"/>
</OView>
<OView class="oracle.dbtools.crest.swingui.logical.TVEntity" oid="25BC63D1-F3FA-061C-11E9-F0EB32F86211" otype="Entity" vid="3DD7BF31-D3BA-C106-5B62-FE57D15F449B">
<bounds x="15" y="8" width="106" height="73"/>
</OView>
<OView class="oracle.dbtools.crest.swingui.logical.TVEntity" oid="34E70E76-47A8-8481-4408-1D51E3ACAD66" otype="Entity" vid="7F6D28F5-DEBD-12C4-4514-1FF7FBEBB23B">
<bounds x="488" y="208" width="148" height="103"/>
</OView>
<OView class="oracle.dbtools.crest.swingui.logical.TVEntity" oid="46EE5355-DFF7-547D-6193-97F49E86EE7B" otype="Entity" vid="8C63A930-0CF0-23B8-6EC6-9486C3E60E08">
<bounds x="328" y="10" width="86" height="92"/>
</OView>
<OView class="oracle.dbtools.crest.swingui.logical.TVEntity" oid="78E57DE1-17C6-B093-6B4A-5A44A9614E7D" otype="Entity" vid="B28DE178-73BA-F4B3-95E4-EB5890B14E9D">
<bounds x="166" y="14" width="95" height="97"/>
</OView>
<OView class="oracle.dbtools.crest.swingui.logical.TVEntity" oid="8D61D5BD-7989-3A7E-86DF-8C5380204904" otype="Entity" vid="7B5B0B44-AB19-635D-E292-03EC489C7E17">
<bounds x="266" y="327" width="105" height="54"/>
</OView>
<OView class="oracle.dbtools.crest.swingui.logical.TVEntity" oid="9D163479-E299-AEF7-9EC9-F2AF8F5BEB5F" otype="Entity" vid="7FC1EC88-14AF-888A-1E09-5C9F520EF9B6">
<bounds x="489" y="24" width="132" height="77"/>
</OView>
<OView class="oracle.dbtools.crest.swingui.logical.TVEntity" oid="9D285FDB-4BCE-8D4A-C2D1-7CC0017377FE" otype="Entity" vid="ACAA414F-762C-B6F6-72E7-EE530060E61E">
<bounds x="20" y="94" width="91" height="37"/>
</OView>
<OView class="oracle.dbtools.crest.swingui.logical.TVEntity" oid="DA2311DE-0859-F78C-F25B-F0E4EBAC8F99" otype="Entity" vid="666CD38D-9A89-D8C3-5C35-C37B99FAE639">
<bounds x="23" y="239" width="138" height="52"/>
</OView>
<OView class="oracle.dbtools.crest.swingui.logical.TVEntity" oid="E53E2691-1FBE-C8B1-2AE4-66F98244D726" otype="Entity" vid="58332974-D441-0A2A-EB7C-EFF1DC000B24">
<bounds x="258" y="245" width="103" height="46"/>
</OView>
<OView class="oracle.dbtools.crest.swingui.logical.TVEntity" oid="F20F231D-76CC-C902-413E-38B7B1EF602F" otype="Entity" vid="95685F99-B296-9DA8-8CAF-D574E256F00B">
<bounds x="500" y="121" width="101" height="60"/>
</OView>
<OView class="oracle.dbtools.crest.swingui.TVNote" oid="F8D25852-1919-65F7-869E-D56DD2EC5A28" otype="Note" vid="2A8E5B07-4333-3797-CB3B-631FFD071193">
<bounds x="459" y="338" width="174" height="53"/>
</OView>
</objectViews>
<connectors>
<Connector class="oracle.dbtools.crest.swingui.logical.TVRelation" oid="0532C0F5-B90A-8CA8-4CD9-015DD04B1156" otype="Relation" vid_source="B28DE178-73BA-F4B3-95E4-EB5890B14E9D" vid_target="8C63A930-0CF0-23B8-6EC6-9486C3E60E08">
<lineWidth>1</lineWidth>
<points>
<point x="261" y="48"/>
<point x="328" y="48"/>
</points>
</Connector>
<Connector class="oracle.dbtools.crest.swingui.logical.TVRelation" oid="2A16FE2A-6B39-D2B0-EB4A-0061064DFCCC" otype="Relation" vid_source="7B5B0B44-AB19-635D-E292-03EC489C7E17" vid_target="7F6D28F5-DEBD-12C4-4514-1FF7FBEBB23B">
<lineWidth>1</lineWidth>
<points>
<point x="371" y="354"/>
<point x="488" y="300"/>
</points>
</Connector>
<Connector class="oracle.dbtools.crest.swingui.logical.TVRelation" oid="2AA7AC27-3CE0-D6E6-8E44-CB7063107BEA" otype="Relation" vid_source="B28DE178-73BA-F4B3-95E4-EB5890B14E9D" vid_target="666CD38D-9A89-D8C3-5C35-C37B99FAE639">
<lineWidth>1</lineWidth>
<points>
<point x="213" y="111"/>
<point x="92" y="239"/>
</points>
</Connector>
<Connector class="oracle.dbtools.crest.swingui.logical.TVRelation" oid="3CA75240-50AD-A9E5-A1B1-B90E5D62378A" otype="Relation" vid_source="58332974-D441-0A2A-EB7C-EFF1DC000B24" vid_target="7F6D28F5-DEBD-12C4-4514-1FF7FBEBB23B">
<lineWidth>1</lineWidth>
<points>
<point x="361" y="270"/>
<point x="488" y="270"/>
</points>
</Connector>
<Connector class="oracle.dbtools.crest.swingui.logical.TVRelation" oid="6267ABC0-061E-E158-7921-14B1852872A6" otype="Relation" vid_source="7FC1EC88-14AF-888A-1E09-5C9F520EF9B6" vid_target="95685F99-B296-9DA8-8CAF-D574E256F00B">
<lineWidth>1</lineWidth>
<points>
<point x="550" y="101"/>
<point x="550" y="181"/>
</points>
</Connector>
<Connector class="oracle.dbtools.crest.swingui.logical.TVRelation" oid="6D818A27-9C14-A1E5-C8E9-4B070DCA07EA" otype="Relation" vid_source="58332974-D441-0A2A-EB7C-EFF1DC000B24" vid_target="666CD38D-9A89-D8C3-5C35-C37B99FAE639">
<lineWidth>1</lineWidth>
<points>
<point x="258" y="268"/>
<point x="161" y="268"/>
</points>
</Connector>
<Connector class="oracle.dbtools.crest.swingui.logical.TVRelation" oid="749BF20F-214A-AE29-DD9D-B5287BF9342F" otype="Relation" vid_source="B28DE178-73BA-F4B3-95E4-EB5890B14E9D" vid_target="3DD7BF31-D3BA-C106-5B62-FE57D15F449B">
<lineWidth>1</lineWidth>
<points>
<point x="166" y="47"/>
<point x="121" y="47"/>
</points>
</Connector>
<Connector class="oracle.dbtools.crest.swingui.logical.TVRelation" oid="75582D5C-ED3F-0959-F29B-95A4B24E5CEA" otype="Relation" vid_source="7F6D28F5-DEBD-12C4-4514-1FF7FBEBB23B" vid_target="95685F99-B296-9DA8-8CAF-D574E256F00B">
<lineWidth>1</lineWidth>
<points>
<point x="560" y="208"/>
<point x="560" y="181"/>
</points>
</Connector>
<Connector class="oracle.dbtools.crest.swingui.logical.TVRelation" oid="7F9FC57D-DA96-9F39-0556-4BE28AEF013C" otype="Relation" vid_source="B28DE178-73BA-F4B3-95E4-EB5890B14E9D" vid_target="7F6D28F5-DEBD-12C4-4514-1FF7FBEBB23B">
<lineWidth>1</lineWidth>
<points>
<point x="261" y="100"/>
<point x="520" y="208"/>
</points>
</Connector>
<Connector class="oracle.dbtools.crest.swingui.logical.TVRelation" oid="9CBD86E9-33FA-6D64-3953-FBAE09C8CA45" otype="Relation" vid_source="666CD38D-9A89-D8C3-5C35-C37B99FAE639" vid_target="7B5B0B44-AB19-635D-E292-03EC489C7E17">
<lineWidth>1</lineWidth>
<points>
<point x="92" y="291"/>
<point x="266" y="354"/>
</points>
</Connector>
<Connector class="oracle.dbtools.crest.swingui.logical.TVRelation" oid="A5B3A5A7-25A6-AFBD-4112-5B1B695B2276" otype="Relation" vid_source="B28DE178-73BA-F4B3-95E4-EB5890B14E9D" vid_target="ACAA414F-762C-B6F6-72E7-EE530060E61E">
<lineWidth>1</lineWidth>
<points>
<point x="166" y="102"/>
<point x="111" y="102"/>
</points>
</Connector>
<Connector class="oracle.dbtools.crest.swingui.logical.TVRelation" oid="CB4B7F06-13FD-3DBA-FE73-A16D87E3F31B" otype="Relation" vid_source="666CD38D-9A89-D8C3-5C35-C37B99FAE639" vid_target="51E51E60-82D5-43B6-1A8E-C33E076C9572">
<lineWidth>1</lineWidth>
<points>
<point x="161" y="240"/>
<point x="241" y="197"/>
</points>
</Connector>
<Connector class="oracle.dbtools.crest.swingui.logical.TVRelation" oid="CCE40FFE-382E-E4A3-F447-9A3B1171E89A" otype="Relation" vid_source="51E51E60-82D5-43B6-1A8E-C33E076C9572" vid_target="7F6D28F5-DEBD-12C4-4514-1FF7FBEBB23B">
<lineWidth>1</lineWidth>
<points>
<point x="371" y="200"/>
<point x="488" y="230"/>
</points>
</Connector>
</connectors>
</Diagram>