<?xml version = '1.0' encoding = 'UTF-8'?>
<Entity class="oracle.dbtools.crest.model.design.logical.Entity" id="A8A2506A-D2C3-2E24-2DB1-1623E6E3FC02" directorySegmentName="seg_0" name="Cristales">
<createdBy>alumno</createdBy>
<createdTime>2012-11-20 18:18:06 UTC</createdTime>
<generatorID>Generado por el Usuario</generatorID>
<ownerDesignName>CatalogoMuebles</ownerDesignName>
<engineerTo>
<item key="2EEAB1E1-8790-8A23-4ED6-DD99FFA3FB98" value="true"/>
</engineerTo>
<pkName>Key_1</pkName>
<adequatelyNormalized>NO</adequatelyNormalized>
<expectedVolumes>0</expectedVolumes>
<fwdEngineeringStrategyName>Single Table</fwdEngineeringStrategyName>
<growthPercent>0</growthPercent>
<growthType>Year</growthType>
<maxVolumes>9999999</maxVolumes>
<minVolumes>0</minVolumes>
<normalForm>Third</normalForm>
<fonts>
<FontObject class="oracle.dbtools.crest.model.design.FontObjectWr">
<foType>Título</foType>
<fontStyle>1</fontStyle>
<colorRGB>-16776961</colorRGB>
</FontObject>
<FontObject class="oracle.dbtools.crest.model.design.FontObjectWr">
<foType>Atributo</foType>
<colorRGB>-16777216</colorRGB>
</FontObject>
<FontObject class="oracle.dbtools.crest.model.design.FontObjectWr">
<foType>Tipo de Dato</foType>
<colorRGB>-16744448</colorRGB>
</FontObject>
<FontObject class="oracle.dbtools.crest.model.design.FontObjectWr">
<foType>Elemento de Clave Primaria</foType>
<colorRGB>-16776961</colorRGB>
</FontObject>
<FontObject class="oracle.dbtools.crest.model.design.FontObjectWr">
<foType>Elemento de Clave Ajena</foType>
<colorRGB>-16777216</colorRGB>
</FontObject>
<FontObject class="oracle.dbtools.crest.model.design.FontObjectWr">
<foType>Elemento de Clave Única</foType>
<colorRGB>-16776961</colorRGB>
</FontObject>
<FontObject class="oracle.dbtools.crest.model.design.FontObjectWr">
<foType>No Nulo</foType>
<colorRGB>-65536</colorRGB>
</FontObject>
<FontObject class="oracle.dbtools.crest.model.design.FontObjectWr">
<foType>Clave</foType>
<colorRGB>-16777216</colorRGB>
</FontObject>
</fonts>
<attributes>
<Attribute class="oracle.dbtools.crest.model.design.logical.Attribute" name="id" id="12A98245-8827-923F-8B75-6EA9B007580C">
<createdBy>alumno</createdBy>
<createdTime>2012-11-20 18:18:13 UTC</createdTime>
<generatorID>Generado por el Usuario</generatorID>
<ownerDesignName>CatalogoMuebles</ownerDesignName>
<engineerTo>
<item key="2EEAB1E1-8790-8A23-4ED6-DD99FFA3FB98" value="true"/>
</engineerTo>
<useDomainConstraints>false</useDomainConstraints>
<use>1</use>
<logicalDatatype>LOGDT011</logicalDatatype>
</Attribute>
<Attribute class="oracle.dbtools.crest.model.design.logical.Attribute" name="nombre" id="B1912873-5747-6837-7E57-1132A37E0D62">
<createdBy>alumno</createdBy>
<createdTime>2012-11-20 18:18:21 UTC</createdTime>
<generatorID>Generado por el Usuario</generatorID>
<ownerDesignName>CatalogoMuebles</ownerDesignName>
<engineerTo>
<item key="2EEAB1E1-8790-8A23-4ED6-DD99FFA3FB98" value="true"/>
</engineerTo>
<nullsAllowed>true</nullsAllowed>
<useDomainConstraints>false</useDomainConstraints>
<use>1</use>
<logicalDatatype>LOGDT024</logicalDatatype>
<dataTypeSize>50</dataTypeSize>
</Attribute>
</attributes>
<identifiers>
<identifier class="oracle.dbtools.crest.model.design.logical.CandidateKey" id="A4C6CF5B-339B-6174-683F-8CAD0A646160" name="Key_1">
<createdBy>alumno</createdBy>
<createdTime>2012-11-20 18:18:35 UTC</createdTime>
<generatorID>Generado por el Usuario</generatorID>
<ownerDesignName>CatalogoMuebles</ownerDesignName>
<engineerTo>
<item key="2EEAB1E1-8790-8A23-4ED6-DD99FFA3FB98" value="true"/>
</engineerTo>
<pk>true</pk>
<usedAttributes>
<attributeRef>12A98245-8827-923F-8B75-6EA9B007580C</attributeRef>
</usedAttributes>
</identifier>
</identifiers>
</Entity>