<?xml version = '1.0' encoding = 'UTF-8'?>
<Entity class="oracle.dbtools.crest.model.design.logical.Entity" id="CF662795-9CAD-A318-931C-76DE03F7C9D7" directorySegmentName="seg_0" name="Ambientes">
<createdBy>alumno</createdBy>
<createdTime>2012-11-20 18:01:45 UTC</createdTime>
<generatorID>Generado por el Usuario</generatorID>
<ownerDesignName>CatalogoMuebles</ownerDesignName>
<engineerTo>
<item key="2EEAB1E1-8790-8A23-4ED6-DD99FFA3FB98" value="true"/>
</engineerTo>
<pkName>Key_1</pkName>
<adequatelyNormalized>NO</adequatelyNormalized>
<expectedVolumes>0</expectedVolumes>
<fwdEngineeringStrategyName>Single Table</fwdEngineeringStrategyName>
<growthPercent>0</growthPercent>
<growthType>Year</growthType>
<maxVolumes>9999999</maxVolumes>
<minVolumes>0</minVolumes>
<normalForm>Third</normalForm>
<fonts>
<FontObject class="oracle.dbtools.crest.model.design.FontObjectWr">
<foType>Título</foType>
<fontStyle>1</fontStyle>
<colorRGB>-16776961</colorRGB>
</FontObject>
<FontObject class="oracle.dbtools.crest.model.design.FontObjectWr">
<foType>Atributo</foType>
<colorRGB>-16777216</colorRGB>
</FontObject>
<FontObject class="oracle.dbtools.crest.model.design.FontObjectWr">
<foType>Tipo de Dato</foType>
<colorRGB>-16744448</colorRGB>
</FontObject>
<FontObject class="oracle.dbtools.crest.model.design.FontObjectWr">
<foType>Elemento de Clave Primaria</foType>
<colorRGB>-16776961</colorRGB>
</FontObject>
<FontObject class="oracle.dbtools.crest.model.design.FontObjectWr">
<foType>Elemento de Clave Ajena</foType>
<colorRGB>-16777216</colorRGB>
</FontObject>
<FontObject class="oracle.dbtools.crest.model.design.FontObjectWr">
<foType>Elemento de Clave Única</foType>
<colorRGB>-16776961</colorRGB>
</FontObject>
<FontObject class="oracle.dbtools.crest.model.design.FontObjectWr">
<foType>No Nulo</foType>
<colorRGB>-65536</colorRGB>
</FontObject>
<FontObject class="oracle.dbtools.crest.model.design.FontObjectWr">
<foType>Clave</foType>
<colorRGB>-16777216</colorRGB>
</FontObject>
</fonts>
<attributes>
<Attribute class="oracle.dbtools.crest.model.design.logical.Attribute" name="id" id="6D57BFC9-A0A5-2747-E259-E1E9D79BFCFF">
<createdBy>alumno</createdBy>
<createdTime>2012-11-20 18:01:54 UTC</createdTime>
<generatorID>Generado por el Usuario</generatorID>
<ownerDesignName>CatalogoMuebles</ownerDesignName>
<engineerTo>
<item key="2EEAB1E1-8790-8A23-4ED6-DD99FFA3FB98" value="true"/>
</engineerTo>
<useDomainConstraints>false</useDomainConstraints>
<use>1</use>
<logicalDatatype>LOGDT011</logicalDatatype>
</Attribute>
<Attribute class="oracle.dbtools.crest.model.design.logical.Attribute" name="nombre" id="2134AA3B-6799-CC79-1161-1E6B342A9D13">
<createdBy>alumno</createdBy>
<createdTime>2012-11-20 18:02:03 UTC</createdTime>
<generatorID>Generado por el Usuario</generatorID>
<ownerDesignName>CatalogoMuebles</ownerDesignName>
<engineerTo>
<item key="2EEAB1E1-8790-8A23-4ED6-DD99FFA3FB98" value="true"/>
</engineerTo>
<nullsAllowed>true</nullsAllowed>
<useDomainConstraints>false</useDomainConstraints>
<use>1</use>
<logicalDatatype>LOGDT024</logicalDatatype>
<dataTypeSize>50</dataTypeSize>
</Attribute>
</attributes>
<identifiers>
<identifier class="oracle.dbtools.crest.model.design.logical.CandidateKey" id="98800953-48CD-55E6-8B92-9F18601997A8" name="Key_1">
<createdBy>alumno</createdBy>
<createdTime>2012-11-20 18:02:37 UTC</createdTime>
<generatorID>Generado por el Usuario</generatorID>
<ownerDesignName>CatalogoMuebles</ownerDesignName>
<engineerTo>
<item key="2EEAB1E1-8790-8A23-4ED6-DD99FFA3FB98" value="true"/>
</engineerTo>
<pk>true</pk>
<usedAttributes>
<attributeRef>6D57BFC9-A0A5-2747-E259-E1E9D79BFCFF</attributeRef>
</usedAttributes>
</identifier>
</identifiers>
</Entity>