<?xml version = '1.0' encoding = 'UTF-8'?>
<relationalModel class="oracle.dbtools.crest.model.design.relational.RelationalDesign" name="Relational_1" id="404C2EB3-FB13-7199-E8B3-480C1E0B5D6F" mainViewID="B2604D9C-8BEF-C225-1B8D-9F30D6AD0EB0">
<createdBy>Administrator</createdBy>
<createdTime>2012-11-24 16:32:11 UTC</createdTime>
<ownerDesignName>Muebles</ownerDesignName>
<shouldBeOpen>true</shouldBeOpen>
<selectedRDBMSSite>32076570-2523-435C-2E92-BF29817DFF70</selectedRDBMSSite>
</relationalModel>