<?xml version = '1.0' encoding = 'UTF-8'?>
<relationalModel class="oracle.dbtools.crest.model.design.relational.RelationalDesign" name="Relational_2" id="B6BEFE3C-C6D1-386C-760F-EE96738094EE" mainViewID="1EF76FF5-9FC3-A268-244B-31AF918A4E8A">
<createdBy>Administrator</createdBy>
<createdTime>2012-11-24 18:02:14 UTC</createdTime>
<ownerDesignName>Muebles3</ownerDesignName>
<shouldBeOpen>true</shouldBeOpen>
<selectedRDBMSSite>32076570-2523-435C-2E92-BF29817DFF70</selectedRDBMSSite>
</relationalModel>