<?xml version = '1.0' encoding = 'UTF-8'?>
<Table class="oracle.dbtools.crest.model.design.relational.Table" id="19EE52DD-5EE2-BA95-E214-B780E3683BCE" directorySegmentName="seg_0" name="LINEAPEDIDO">
<createdBy>David</createdBy>
<createdTime>2012-11-24 12:39:49 UTC</createdTime>
<generatorID>3C18BCCD-DB58-0B4F-68B8-83454337317E</generatorID>
<ownerDesignName>ejerDataModeler_David_Morera</ownerDesignName>
<fonts>
<FontObject class="oracle.dbtools.crest.model.design.FontObjectWr">
<foType>Título</foType>
<fontStyle>1</fontStyle>
<colorRGB>-16776961</colorRGB>
</FontObject>
<FontObject class="oracle.dbtools.crest.model.design.FontObjectWr">
<foType>Columna</foType>
<colorRGB>-16777216</colorRGB>
</FontObject>
<FontObject class="oracle.dbtools.crest.model.design.FontObjectWr">
<foType>Tipo de Dato</foType>
<colorRGB>-16744448</colorRGB>
</FontObject>
<FontObject class="oracle.dbtools.crest.model.design.FontObjectWr">
<foType>Elemento de Clave Primaria</foType>
<colorRGB>-16776961</colorRGB>
</FontObject>
<FontObject class="oracle.dbtools.crest.model.design.FontObjectWr">
<foType>Elemento de Clave Ajena</foType>
<colorRGB>-16777216</colorRGB>
</FontObject>
<FontObject class="oracle.dbtools.crest.model.design.FontObjectWr">
<foType>Elemento de Clave Única</foType>
<colorRGB>-16776961</colorRGB>
</FontObject>
<FontObject class="oracle.dbtools.crest.model.design.FontObjectWr">
<foType>No Nulo</foType>
<colorRGB>-65536</colorRGB>
</FontObject>
<FontObject class="oracle.dbtools.crest.model.design.FontObjectWr">
<foType>Clave</foType>
<colorRGB>-16777216</colorRGB>
</FontObject>
</fonts>
<columns>
<Column class="oracle.dbtools.crest.model.design.relational.Column" name="id_color" id="D0A91553-94F6-6940-0738-F76336690E97">
<createdBy>David</createdBy>
<createdTime>2012-11-24 12:39:49 UTC</createdTime>
<generatorID>0CC434DA-F1EC-4D79-35A9-0AC5732B25BB</generatorID>
<ownerDesignName>ejerDataModeler_David_Morera</ownerDesignName>
<nullsAllowed>true</nullsAllowed>
<useDomainConstraints>false</useDomainConstraints>
<use>1</use>
<logicalDatatype>LOGDT024</logicalDatatype>
<dataTypeSize>50</dataTypeSize>
<delegate>958280A9-00ED-4216-907B-46E132525694</delegate>
<previousColumn>false</previousColumn>
<autoIncrementCycle>false</autoIncrementCycle>
<associations>
<colAssociation fkAssociation="5A0CF6B9-0545-CBD5-DECB-9C197341FEAA" referredColumn="958280A9-00ED-4216-907B-46E132525694"/>
</associations>
</Column>
<Column class="oracle.dbtools.crest.model.design.relational.Column" name="id_terminacon" id="649B035C-1FFE-CA78-F694-3945AE2D2CBE">
<createdBy>David</createdBy>
<createdTime>2012-11-24 12:39:49 UTC</createdTime>
<generatorID>9F86B97B-D4F6-B8B3-30AD-3B951E0AB7B4</generatorID>
<ownerDesignName>ejerDataModeler_David_Morera</ownerDesignName>
<nullsAllowed>true</nullsAllowed>
<useDomainConstraints>false</useDomainConstraints>
<use>1</use>
<logicalDatatype>LOGDT024</logicalDatatype>
<dataTypeSize>50</dataTypeSize>
<delegate>43C9A3F8-A770-75F0-B168-4927DEED8F2A</delegate>
<previousColumn>false</previousColumn>
<autoIncrementCycle>false</autoIncrementCycle>
<associations>
<colAssociation fkAssociation="06572B14-07FD-3677-1E67-97C402BDB077" referredColumn="43C9A3F8-A770-75F0-B168-4927DEED8F2A"/>
</associations>
</Column>
<Column class="oracle.dbtools.crest.model.design.relational.Column" name="cod_pedido" id="504EB3C2-CF65-A3FF-2D80-7FA883F27E93">
<createdBy>David</createdBy>
<createdTime>2012-11-24 12:39:49 UTC</createdTime>
<generatorID>1B5F326B-A5D7-AE36-E651-76296E1ED056</generatorID>
<ownerDesignName>ejerDataModeler_David_Morera</ownerDesignName>
<useDomainConstraints>false</useDomainConstraints>
<use>1</use>
<logicalDatatype>LOGDT024</logicalDatatype>
<dataTypeSize>50</dataTypeSize>
<delegate>EA7BC1CF-B1AE-67D7-1B94-E7FEE21D6DE3</delegate>
<previousColumn>false</previousColumn>
<autoIncrementCycle>false</autoIncrementCycle>
<associations>
<colAssociation fkAssociation="ABBC17BB-3A58-A1F0-82BF-5564A512F605" referredColumn="EA7BC1CF-B1AE-67D7-1B94-E7FEE21D6DE3"/>
</associations>
</Column>
<Column class="oracle.dbtools.crest.model.design.relational.Column" name="id_color1" id="AB34C6E2-B564-23E7-6F25-CF8D562CB410">
<createdBy>David</createdBy>
<createdTime>2012-11-24 12:39:49 UTC</createdTime>
<generatorID>DFC52A32-93E2-1395-905B-2D97D6681C00</generatorID>
<ownerDesignName>ejerDataModeler_David_Morera</ownerDesignName>
<nullsAllowed>true</nullsAllowed>
<useDomainConstraints>false</useDomainConstraints>
<use>1</use>
<logicalDatatype>LOGDT024</logicalDatatype>
<dataTypeSize>50</dataTypeSize>
<delegate>DE982F85-5F0F-46B0-5246-FD2990A859F5</delegate>
<previousColumn>false</previousColumn>
<autoIncrementCycle>false</autoIncrementCycle>
<associations>
<colAssociation fkAssociation="328D617D-2EFF-96A9-4E3E-869AD2B0B5BB" referredColumn="DE982F85-5F0F-46B0-5246-FD2990A859F5"/>
</associations>
</Column>
<Column class="oracle.dbtools.crest.model.design.relational.Column" name="id_tipoColeccion" id="F70350AC-C159-BF4E-0260-F078CB00010A">
<createdBy>David</createdBy>
<createdTime>2012-11-24 12:39:49 UTC</createdTime>
<generatorID>F9D01DB6-CF40-2079-75A3-0286B0EFF1B5</generatorID>
<ownerDesignName>ejerDataModeler_David_Morera</ownerDesignName>
<nullsAllowed>true</nullsAllowed>
<useDomainConstraints>false</useDomainConstraints>
<use>1</use>
<logicalDatatype>LOGDT024</logicalDatatype>
<dataTypeSize>50</dataTypeSize>
<delegate>0FDC57DC-6E2E-98D9-641C-127AF7AD22DD</delegate>
<previousColumn>false</previousColumn>
<autoIncrementCycle>false</autoIncrementCycle>
<associations>
<colAssociation fkAssociation="328D617D-2EFF-96A9-4E3E-869AD2B0B5BB" referredColumn="0FDC57DC-6E2E-98D9-641C-127AF7AD22DD"/>
</associations>
</Column>
<Column class="oracle.dbtools.crest.model.design.relational.Column" name="id_mueble" id="7412485F-02D1-B752-A301-ADAB7036D578">
<createdBy>David</createdBy>
<createdTime>2012-11-24 12:39:49 UTC</createdTime>
<generatorID>1BA3F69D-278A-804E-F2BD-602C9C736967</generatorID>
<ownerDesignName>ejerDataModeler_David_Morera</ownerDesignName>
<nullsAllowed>true</nullsAllowed>
<useDomainConstraints>false</useDomainConstraints>
<use>1</use>
<logicalDatatype>LOGDT024</logicalDatatype>
<dataTypeSize>50</dataTypeSize>
<delegate>50E6B728-C83E-50B3-8F8D-90330BA18042</delegate>
<previousColumn>false</previousColumn>
<autoIncrementCycle>false</autoIncrementCycle>
<associations>
<colAssociation fkAssociation="7D61EE1E-B770-B810-49E1-A6226F0D3AD7" referredColumn="50E6B728-C83E-50B3-8F8D-90330BA18042"/>
</associations>
</Column>
<Column class="oracle.dbtools.crest.model.design.relational.Column" name="id_temporada" id="AA6EAEEF-6D76-22C8-DD84-DCB92566528F">
<createdBy>David</createdBy>
<createdTime>2012-11-24 12:39:49 UTC</createdTime>
<generatorID>0D172E77-2DD0-D4B0-1D36-DC193F1416A8</generatorID>
<ownerDesignName>ejerDataModeler_David_Morera</ownerDesignName>
<nullsAllowed>true</nullsAllowed>
<useDomainConstraints>false</useDomainConstraints>
<use>1</use>
<logicalDatatype>LOGDT011</logicalDatatype>
<delegate>9867BC3D-F482-6E2B-4F77-904647A0A8A9</delegate>
<previousColumn>false</previousColumn>
<autoIncrementCycle>false</autoIncrementCycle>
<associations>
<colAssociation fkAssociation="7D61EE1E-B770-B810-49E1-A6226F0D3AD7" referredColumn="9867BC3D-F482-6E2B-4F77-904647A0A8A9"/>
</associations>
</Column>
</columns>
<indexes>
<ind_PK_UK class="oracle.dbtools.crest.model.design.relational.Index" id="54F3FAB1-79D1-E33D-C270-9CC7F01835DE" name="GENERA">
<createdBy>David</createdBy>
<createdTime>2012-11-24 12:39:49 UTC</createdTime>
<generatorID>363065F1-1F3E-1050-0CFF-3B71E7BB8EA8</generatorID>
<ownerDesignName>ejerDataModeler_David_Morera</ownerDesignName>
<indexState>Foreign Key</indexState>
<indexColumnUsage>
<colUsage columnID="504EB3C2-CF65-A3FF-2D80-7FA883F27E93"/>
</indexColumnUsage>
</ind_PK_UK>
<ind_PK_UK class="oracle.dbtools.crest.model.design.relational.Index" id="06B13F9B-556A-8FC9-60D2-234CEC8FF045" name="PERTENECE">
<createdBy>David</createdBy>
<createdTime>2012-11-24 12:39:49 UTC</createdTime>
<generatorID>C985EAD2-92E2-F0CC-A535-9FC389DCF9E4</generatorID>
<ownerDesignName>ejerDataModeler_David_Morera</ownerDesignName>
<indexState>Foreign Key</indexState>
<indexColumnUsage>
<colUsage columnID="7412485F-02D1-B752-A301-ADAB7036D578"/>
<colUsage columnID="AA6EAEEF-6D76-22C8-DD84-DCB92566528F"/>
</indexColumnUsage>
</ind_PK_UK>
<ind_PK_UK class="oracle.dbtools.crest.model.design.relational.Index" id="2BFE8639-5670-73B4-16BF-315BD9B9D312" name="TIENE">
<createdBy>David</createdBy>
<createdTime>2012-11-24 12:39:49 UTC</createdTime>
<generatorID>6DE5D2AB-749A-35C5-521F-E89F253934D2</generatorID>
<ownerDesignName>ejerDataModeler_David_Morera</ownerDesignName>
<indexState>Foreign Key</indexState>
<indexColumnUsage>
<colUsage columnID="AB34C6E2-B564-23E7-6F25-CF8D562CB410"/>
<colUsage columnID="F70350AC-C159-BF4E-0260-F078CB00010A"/>
</indexColumnUsage>
</ind_PK_UK>
<ind_PK_UK class="oracle.dbtools.crest.model.design.relational.Index" id="DCF8DED6-9566-D327-DDB0-3C071B49EA83" name="TIENEv3">
<createdBy>David</createdBy>
<createdTime>2012-11-24 12:39:49 UTC</createdTime>
<generatorID>76C8904B-C1A9-E8F2-EEB4-6A91B322334C</generatorID>
<ownerDesignName>ejerDataModeler_David_Morera</ownerDesignName>
<indexState>Foreign Key</indexState>
<indexColumnUsage>
<colUsage columnID="649B035C-1FFE-CA78-F694-3945AE2D2CBE"/>
</indexColumnUsage>
</ind_PK_UK>
<ind_PK_UK class="oracle.dbtools.crest.model.design.relational.Index" id="17B04289-BB95-AD63-F320-8C2D0469CE8C" name="TIENEv1">
<createdBy>David</createdBy>
<createdTime>2012-11-24 12:39:49 UTC</createdTime>
<generatorID>CB5E6D13-DD90-9C64-3D6C-39438164FE3D</generatorID>
<ownerDesignName>ejerDataModeler_David_Morera</ownerDesignName>
<indexState>Foreign Key</indexState>
<indexColumnUsage>
<colUsage columnID="D0A91553-94F6-6940-0738-F76336690E97"/>
</indexColumnUsage>
</ind_PK_UK>
</indexes>
</Table>