<?xml version = '1.0' encoding = 'UTF-8'?>
<Table class="oracle.dbtools.crest.model.design.relational.Table" id="45098968-DD3B-064F-A851-53FF5179BEC8" directorySegmentName="seg_0" name="PEDIDO">
<createdBy>David</createdBy>
<createdTime>2012-11-24 12:39:49 UTC</createdTime>
<generatorID>5DF2ACA6-ABAC-04AA-01F9-433B0B93E023</generatorID>
<ownerDesignName>ejerDataModeler_David_Morera</ownerDesignName>
<pkName>PEDIDO PK</pkName>
<fonts>
<FontObject class="oracle.dbtools.crest.model.design.FontObjectWr">
<foType>Título</foType>
<fontStyle>1</fontStyle>
<colorRGB>-16776961</colorRGB>
</FontObject>
<FontObject class="oracle.dbtools.crest.model.design.FontObjectWr">
<foType>Columna</foType>
<colorRGB>-16777216</colorRGB>
</FontObject>
<FontObject class="oracle.dbtools.crest.model.design.FontObjectWr">
<foType>Tipo de Dato</foType>
<colorRGB>-16744448</colorRGB>
</FontObject>
<FontObject class="oracle.dbtools.crest.model.design.FontObjectWr">
<foType>Elemento de Clave Primaria</foType>
<colorRGB>-16776961</colorRGB>
</FontObject>
<FontObject class="oracle.dbtools.crest.model.design.FontObjectWr">
<foType>Elemento de Clave Ajena</foType>
<colorRGB>-16777216</colorRGB>
</FontObject>
<FontObject class="oracle.dbtools.crest.model.design.FontObjectWr">
<foType>Elemento de Clave Única</foType>
<colorRGB>-16776961</colorRGB>
</FontObject>
<FontObject class="oracle.dbtools.crest.model.design.FontObjectWr">
<foType>No Nulo</foType>
<colorRGB>-65536</colorRGB>
</FontObject>
<FontObject class="oracle.dbtools.crest.model.design.FontObjectWr">
<foType>Clave</foType>
<colorRGB>-16777216</colorRGB>
</FontObject>
</fonts>
<columns>
<Column class="oracle.dbtools.crest.model.design.relational.Column" name="cod_pedido" id="EA7BC1CF-B1AE-67D7-1B94-E7FEE21D6DE3">
<createdBy>David</createdBy>
<createdTime>2012-11-24 12:39:49 UTC</createdTime>
<generatorID>22C8A034-0E8B-B31F-1B39-019A22AB67A7</generatorID>
<ownerDesignName>ejerDataModeler_David_Morera</ownerDesignName>
<useDomainConstraints>false</useDomainConstraints>
<use>1</use>
<logicalDatatype>LOGDT024</logicalDatatype>
<dataTypeSize>50</dataTypeSize>
<previousColumn>false</previousColumn>
<autoIncrementCycle>false</autoIncrementCycle>
</Column>
<Column class="oracle.dbtools.crest.model.design.relational.Column" name="fechaCompra" id="30DDF20C-192D-A678-7210-A0321BAA38B5">
<createdBy>David</createdBy>
<createdTime>2012-11-24 12:39:49 UTC</createdTime>
<generatorID>6B11313D-499C-A6CE-C00E-B6BEB28AA979</generatorID>
<ownerDesignName>ejerDataModeler_David_Morera</ownerDesignName>
<nullsAllowed>true</nullsAllowed>
<useDomainConstraints>false</useDomainConstraints>
<use>1</use>
<logicalDatatype>LOGDT007</logicalDatatype>
<previousColumn>false</previousColumn>
<autoIncrementCycle>false</autoIncrementCycle>
</Column>
<Column class="oracle.dbtools.crest.model.design.relational.Column" name="importeTotal" id="2D2FB62C-4800-39E0-46DA-2FC40D22ACE5">
<createdBy>David</createdBy>
<createdTime>2012-11-24 12:39:49 UTC</createdTime>
<generatorID>1461FF99-3934-7594-79C7-9B544556C057</generatorID>
<ownerDesignName>ejerDataModeler_David_Morera</ownerDesignName>
<nullsAllowed>true</nullsAllowed>
<useDomainConstraints>false</useDomainConstraints>
<use>1</use>
<logicalDatatype>LOGDT011</logicalDatatype>
<previousColumn>false</previousColumn>
<autoIncrementCycle>false</autoIncrementCycle>
</Column>
<Column class="oracle.dbtools.crest.model.design.relational.Column" name="dni" id="0CF25224-AAA5-6B09-51ED-B2B3DEE38E31">
<createdBy>David</createdBy>
<createdTime>2012-11-24 12:39:49 UTC</createdTime>
<generatorID>BCB83289-44C6-CD78-7C68-F763B149001A</generatorID>
<ownerDesignName>ejerDataModeler_David_Morera</ownerDesignName>
<useDomainConstraints>false</useDomainConstraints>
<use>1</use>
<logicalDatatype>LOGDT024</logicalDatatype>
<dataTypeSize>50</dataTypeSize>
<delegate>0AE4E258-1D41-7050-9EEE-660D693CB597</delegate>
<previousColumn>false</previousColumn>
<autoIncrementCycle>false</autoIncrementCycle>
<associations>
<colAssociation fkAssociation="FBB291EF-6930-FDE4-F365-3990E150FFE1" referredColumn="0AE4E258-1D41-7050-9EEE-660D693CB597"/>
</associations>
</Column>
</columns>
<indexes>
<ind_PK_UK class="oracle.dbtools.crest.model.design.relational.Index" id="0E1C5490-6AB8-4687-36BE-7322C8828B5A" name="PEDIDO PK">
<createdBy>David</createdBy>
<createdTime>2012-11-24 12:39:49 UTC</createdTime>
<generatorID>B5709B38-863D-E023-D9E3-5296A37A448E</generatorID>
<ownerDesignName>ejerDataModeler_David_Morera</ownerDesignName>
<pk>true</pk>
<indexState>Primary Constraint</indexState>
<indexColumnUsage>
<colUsage columnID="EA7BC1CF-B1AE-67D7-1B94-E7FEE21D6DE3"/>
</indexColumnUsage>
</ind_PK_UK>
<ind_PK_UK class="oracle.dbtools.crest.model.design.relational.Index" id="42709C4D-1DD9-DBB4-4E59-4C4CE14DCAA6" name="HACE">
<createdBy>David</createdBy>
<createdTime>2012-11-24 12:39:49 UTC</createdTime>
<generatorID>2227568A-7D3F-072A-E51C-3A308821C5E8</generatorID>
<ownerDesignName>ejerDataModeler_David_Morera</ownerDesignName>
<indexState>Foreign Key</indexState>
<indexColumnUsage>
<colUsage columnID="0CF25224-AAA5-6B09-51ED-B2B3DEE38E31"/>
</indexColumnUsage>
</ind_PK_UK>
</indexes>
</Table>