<?xml version = '1.0' encoding = 'UTF-8'?>
<Table class="oracle.dbtools.crest.model.design.relational.Table" id="50CB846E-922B-B8B6-B6E9-926E4CB0A10B" directorySegmentName="seg_0" name="AMBIEMTE">
<createdBy>David</createdBy>
<createdTime>2012-11-24 12:39:49 UTC</createdTime>
<generatorID>D4C79F1D-35DA-E771-2BBC-83EADFDC1AAB</generatorID>
<ownerDesignName>ejerDataModeler_David_Morera</ownerDesignName>
<pkName>AMBIEMTE PK</pkName>
<fonts>
<FontObject class="oracle.dbtools.crest.model.design.FontObjectWr">
<foType>Título</foType>
<fontStyle>1</fontStyle>
<colorRGB>-16776961</colorRGB>
</FontObject>
<FontObject class="oracle.dbtools.crest.model.design.FontObjectWr">
<foType>Columna</foType>
<colorRGB>-16777216</colorRGB>
</FontObject>
<FontObject class="oracle.dbtools.crest.model.design.FontObjectWr">
<foType>Tipo de Dato</foType>
<colorRGB>-16744448</colorRGB>
</FontObject>
<FontObject class="oracle.dbtools.crest.model.design.FontObjectWr">
<foType>Elemento de Clave Primaria</foType>
<colorRGB>-16776961</colorRGB>
</FontObject>
<FontObject class="oracle.dbtools.crest.model.design.FontObjectWr">
<foType>Elemento de Clave Ajena</foType>
<colorRGB>-16777216</colorRGB>
</FontObject>
<FontObject class="oracle.dbtools.crest.model.design.FontObjectWr">
<foType>Elemento de Clave Única</foType>
<colorRGB>-16776961</colorRGB>
</FontObject>
<FontObject class="oracle.dbtools.crest.model.design.FontObjectWr">
<foType>No Nulo</foType>
<colorRGB>-65536</colorRGB>
</FontObject>
<FontObject class="oracle.dbtools.crest.model.design.FontObjectWr">
<foType>Clave</foType>
<colorRGB>-16777216</colorRGB>
</FontObject>
</fonts>
<columns>
<Column class="oracle.dbtools.crest.model.design.relational.Column" name="id_ambiente" id="A847E82C-6987-7548-64DC-50EE1B54B3F8">
<createdBy>David</createdBy>
<createdTime>2012-11-24 12:39:49 UTC</createdTime>
<generatorID>9AD90544-1FCB-261E-E7DB-0FA168974BD8</generatorID>
<ownerDesignName>ejerDataModeler_David_Morera</ownerDesignName>
<useDomainConstraints>false</useDomainConstraints>
<use>1</use>
<logicalDatatype>LOGDT024</logicalDatatype>
<dataTypeSize>50</dataTypeSize>
<previousColumn>false</previousColumn>
<autoIncrementCycle>false</autoIncrementCycle>
</Column>
</columns>
<indexes>
<ind_PK_UK class="oracle.dbtools.crest.model.design.relational.Index" id="B59CFB20-DC60-9B5A-8814-5854686CBD3E" name="AMBIEMTE PK">
<createdBy>David</createdBy>
<createdTime>2012-11-24 12:39:49 UTC</createdTime>
<generatorID>44FCAA28-E2BA-762C-3579-C00FE5915A58</generatorID>
<ownerDesignName>ejerDataModeler_David_Morera</ownerDesignName>
<pk>true</pk>
<indexState>Primary Constraint</indexState>
<indexColumnUsage>
<colUsage columnID="A847E82C-6987-7548-64DC-50EE1B54B3F8"/>
</indexColumnUsage>
</ind_PK_UK>
</indexes>
</Table>