<?xml version = '1.0' encoding = 'UTF-8'?>
<Table class="oracle.dbtools.crest.model.design.relational.Table" id="9D82FFDD-CE3B-C41F-5F6C-628341871156" directorySegmentName="seg_0" name="COLOR">
<createdBy>David</createdBy>
<createdTime>2012-11-24 12:39:49 UTC</createdTime>
<generatorID>AFF197D1-FB40-C673-E91E-FCE8E5273949</generatorID>
<ownerDesignName>ejerDataModeler_David_Morera</ownerDesignName>
<pkName>COLOR PK</pkName>
<fonts>
<FontObject class="oracle.dbtools.crest.model.design.FontObjectWr">
<foType>Título</foType>
<fontStyle>1</fontStyle>
<colorRGB>-16776961</colorRGB>
</FontObject>
<FontObject class="oracle.dbtools.crest.model.design.FontObjectWr">
<foType>Columna</foType>
<colorRGB>-16777216</colorRGB>
</FontObject>
<FontObject class="oracle.dbtools.crest.model.design.FontObjectWr">
<foType>Tipo de Dato</foType>
<colorRGB>-16744448</colorRGB>
</FontObject>
<FontObject class="oracle.dbtools.crest.model.design.FontObjectWr">
<foType>Elemento de Clave Primaria</foType>
<colorRGB>-16776961</colorRGB>
</FontObject>
<FontObject class="oracle.dbtools.crest.model.design.FontObjectWr">
<foType>Elemento de Clave Ajena</foType>
<colorRGB>-16777216</colorRGB>
</FontObject>
<FontObject class="oracle.dbtools.crest.model.design.FontObjectWr">
<foType>Elemento de Clave Única</foType>
<colorRGB>-16776961</colorRGB>
</FontObject>
<FontObject class="oracle.dbtools.crest.model.design.FontObjectWr">
<foType>No Nulo</foType>
<colorRGB>-65536</colorRGB>
</FontObject>
<FontObject class="oracle.dbtools.crest.model.design.FontObjectWr">
<foType>Clave</foType>
<colorRGB>-16777216</colorRGB>
</FontObject>
</fonts>
<columns>
<Column class="oracle.dbtools.crest.model.design.relational.Column" name="id_color" id="DE982F85-5F0F-46B0-5246-FD2990A859F5">
<createdBy>David</createdBy>
<createdTime>2012-11-24 12:39:49 UTC</createdTime>
<generatorID>29B962BE-7EDA-AC64-A555-556332883DB8</generatorID>
<ownerDesignName>ejerDataModeler_David_Morera</ownerDesignName>
<useDomainConstraints>false</useDomainConstraints>
<use>1</use>
<logicalDatatype>LOGDT024</logicalDatatype>
<dataTypeSize>50</dataTypeSize>
<previousColumn>false</previousColumn>
<autoIncrementCycle>false</autoIncrementCycle>
</Column>
<Column class="oracle.dbtools.crest.model.design.relational.Column" name="id_tipoColeccion" id="0FDC57DC-6E2E-98D9-641C-127AF7AD22DD">
<createdBy>David</createdBy>
<createdTime>2012-11-24 12:39:49 UTC</createdTime>
<generatorID>6F41527C-630B-4E21-DFD4-A0B1E6EB18F2</generatorID>
<ownerDesignName>ejerDataModeler_David_Morera</ownerDesignName>
<useDomainConstraints>false</useDomainConstraints>
<use>1</use>
<logicalDatatype>LOGDT024</logicalDatatype>
<dataTypeSize>50</dataTypeSize>
<delegate>89B34662-B1B0-1C44-9B1E-DEFC7179DF58</delegate>
<previousColumn>false</previousColumn>
<autoIncrementCycle>false</autoIncrementCycle>
<associations>
<colAssociation fkAssociation="449B74D9-574B-DCE5-5FE4-A750D4913803" referredColumn="89B34662-B1B0-1C44-9B1E-DEFC7179DF58"/>
</associations>
</Column>
</columns>
<indexes>
<ind_PK_UK class="oracle.dbtools.crest.model.design.relational.Index" id="30AD8D29-4661-199E-4358-F19CF01791B9" name="COLOR PK">
<createdBy>David</createdBy>
<createdTime>2012-11-24 12:39:49 UTC</createdTime>
<generatorID>F0DB82B3-021B-8D0A-D235-B06CD0402DBB</generatorID>
<ownerDesignName>ejerDataModeler_David_Morera</ownerDesignName>
<pk>true</pk>
<indexState>Primary Constraint</indexState>
<indexColumnUsage>
<colUsage columnID="DE982F85-5F0F-46B0-5246-FD2990A859F5"/>
<colUsage columnID="0FDC57DC-6E2E-98D9-641C-127AF7AD22DD"/>
</indexColumnUsage>
</ind_PK_UK>
<ind_PK_UK class="oracle.dbtools.crest.model.design.relational.Index" id="1937FD4A-D5C6-10D1-D64D-8AAD719BB6DC" name="TIENE">
<createdBy>David</createdBy>
<createdTime>2012-11-24 12:39:49 UTC</createdTime>
<generatorID>D8C16D85-8595-D4DB-FCA9-E4757D525229</generatorID>
<ownerDesignName>ejerDataModeler_David_Morera</ownerDesignName>
<indexState>Foreign Key</indexState>
<indexColumnUsage>
<colUsage columnID="0FDC57DC-6E2E-98D9-641C-127AF7AD22DD"/>
</indexColumnUsage>
</ind_PK_UK>
</indexes>
</Table>