<?xml version = '1.0' encoding = 'UTF-8'?>
<Table class="oracle.dbtools.crest.model.design.relational.Table" id="E0CA1A58-7394-8CD1-BCA9-550C339392A5" directorySegmentName="seg_0" name="MUEBLE">
<createdBy>David</createdBy>
<createdTime>2012-11-24 12:39:49 UTC</createdTime>
<generatorID>A435F17D-E871-CCF2-FE8A-FE5F3F17BB09</generatorID>
<ownerDesignName>ejerDataModeler_David_Morera</ownerDesignName>
<pkName>MUEBLE PK</pkName>
<fonts>
<FontObject class="oracle.dbtools.crest.model.design.FontObjectWr">
<foType>Título</foType>
<fontStyle>1</fontStyle>
<colorRGB>-16776961</colorRGB>
</FontObject>
<FontObject class="oracle.dbtools.crest.model.design.FontObjectWr">
<foType>Columna</foType>
<colorRGB>-16777216</colorRGB>
</FontObject>
<FontObject class="oracle.dbtools.crest.model.design.FontObjectWr">
<foType>Tipo de Dato</foType>
<colorRGB>-16744448</colorRGB>
</FontObject>
<FontObject class="oracle.dbtools.crest.model.design.FontObjectWr">
<foType>Elemento de Clave Primaria</foType>
<colorRGB>-16776961</colorRGB>
</FontObject>
<FontObject class="oracle.dbtools.crest.model.design.FontObjectWr">
<foType>Elemento de Clave Ajena</foType>
<colorRGB>-16777216</colorRGB>
</FontObject>
<FontObject class="oracle.dbtools.crest.model.design.FontObjectWr">
<foType>Elemento de Clave Única</foType>
<colorRGB>-16776961</colorRGB>
</FontObject>
<FontObject class="oracle.dbtools.crest.model.design.FontObjectWr">
<foType>No Nulo</foType>
<colorRGB>-65536</colorRGB>
</FontObject>
<FontObject class="oracle.dbtools.crest.model.design.FontObjectWr">
<foType>Clave</foType>
<colorRGB>-16777216</colorRGB>
</FontObject>
</fonts>
<columns>
<Column class="oracle.dbtools.crest.model.design.relational.Column" name="id_mueble" id="50E6B728-C83E-50B3-8F8D-90330BA18042">
<createdBy>David</createdBy>
<createdTime>2012-11-24 12:39:49 UTC</createdTime>
<generatorID>8067224C-AA69-5052-5CE1-DF625E659B12</generatorID>
<ownerDesignName>ejerDataModeler_David_Morera</ownerDesignName>
<useDomainConstraints>false</useDomainConstraints>
<use>1</use>
<logicalDatatype>LOGDT024</logicalDatatype>
<dataTypeSize>50</dataTypeSize>
<previousColumn>false</previousColumn>
<autoIncrementCycle>false</autoIncrementCycle>
</Column>
<Column class="oracle.dbtools.crest.model.design.relational.Column" name="id_tipoColeccion" id="AEB8B605-9622-CDDA-D7CE-87AE476DCF1B">
<createdBy>David</createdBy>
<createdTime>2012-11-24 12:39:49 UTC</createdTime>
<generatorID>785491BA-D59C-B9D6-113F-235F30BD6C6D</generatorID>
<ownerDesignName>ejerDataModeler_David_Morera</ownerDesignName>
<useDomainConstraints>false</useDomainConstraints>
<use>1</use>
<logicalDatatype>LOGDT024</logicalDatatype>
<dataTypeSize>50</dataTypeSize>
<delegate>89B34662-B1B0-1C44-9B1E-DEFC7179DF58</delegate>
<previousColumn>false</previousColumn>
<autoIncrementCycle>false</autoIncrementCycle>
<associations>
<colAssociation fkAssociation="BD0318E8-C3B9-EEE1-6BF9-C16D3FC94D25" referredColumn="89B34662-B1B0-1C44-9B1E-DEFC7179DF58"/>
</associations>
</Column>
<Column class="oracle.dbtools.crest.model.design.relational.Column" name="id_temporada" id="9867BC3D-F482-6E2B-4F77-904647A0A8A9">
<createdBy>David</createdBy>
<createdTime>2012-11-24 12:39:49 UTC</createdTime>
<generatorID>01C6A8A8-E62D-F591-D472-19D107994963</generatorID>
<ownerDesignName>ejerDataModeler_David_Morera</ownerDesignName>
<useDomainConstraints>false</useDomainConstraints>
<use>1</use>
<logicalDatatype>LOGDT011</logicalDatatype>
<delegate>A02D9E7F-9DE5-13BB-A173-9CE358E40E58</delegate>
<previousColumn>false</previousColumn>
<autoIncrementCycle>false</autoIncrementCycle>
<associations>
<colAssociation fkAssociation="395ECC96-DE8C-F037-4452-474D9BE7BDEA" referredColumn="A02D9E7F-9DE5-13BB-A173-9CE358E40E58"/>
</associations>
</Column>
<Column class="oracle.dbtools.crest.model.design.relational.Column" name="id_ambiente" id="2C94EAAF-B313-335F-863F-89A97389C070">
<createdBy>David</createdBy>
<createdTime>2012-11-24 12:39:49 UTC</createdTime>
<generatorID>6B245CC9-B9F1-49BE-0C94-13BA61173EDF</generatorID>
<ownerDesignName>ejerDataModeler_David_Morera</ownerDesignName>
<nullsAllowed>true</nullsAllowed>
<useDomainConstraints>false</useDomainConstraints>
<use>1</use>
<logicalDatatype>LOGDT024</logicalDatatype>
<dataTypeSize>50</dataTypeSize>
<delegate>A847E82C-6987-7548-64DC-50EE1B54B3F8</delegate>
<previousColumn>false</previousColumn>
<autoIncrementCycle>false</autoIncrementCycle>
<associations>
<colAssociation fkAssociation="178413A0-0BFF-EDE5-4132-521D07E6BFBD" referredColumn="A847E82C-6987-7548-64DC-50EE1B54B3F8"/>
</associations>
</Column>
<Column class="oracle.dbtools.crest.model.design.relational.Column" name="id_tipo" id="8F4E82EC-995B-E055-8BED-74F0E9EFD9E9">
<createdBy>David</createdBy>
<createdTime>2012-11-24 12:39:49 UTC</createdTime>
<generatorID>6CE89E01-6666-88FA-A99D-ECC29464EC8E</generatorID>
<ownerDesignName>ejerDataModeler_David_Morera</ownerDesignName>
<nullsAllowed>true</nullsAllowed>
<useDomainConstraints>false</useDomainConstraints>
<use>1</use>
<logicalDatatype>LOGDT024</logicalDatatype>
<dataTypeSize>50</dataTypeSize>
<delegate>728956F1-C34D-2F5F-CAB8-28375D48C629</delegate>
<previousColumn>false</previousColumn>
<autoIncrementCycle>false</autoIncrementCycle>
<associations>
<colAssociation fkAssociation="10A0B66C-EB70-AB00-C9CE-61AAFE74F30F" referredColumn="728956F1-C34D-2F5F-CAB8-28375D48C629"/>
</associations>
</Column>
<Column class="oracle.dbtools.crest.model.design.relational.Column" name="dimensionAlto" id="75F1A22C-E206-751A-0208-7959618580E7">
<createdBy>David</createdBy>
<createdTime>2012-11-24 12:49:24 UTC</createdTime>
<generatorID>5494E181-71CE-3C2D-0B91-65CFB10A1379</generatorID>
<ownerDesignName>ejerDataModeler_David_Morera</ownerDesignName>
<nullsAllowed>true</nullsAllowed>
<useDomainConstraints>false</useDomainConstraints>
<use>1</use>
<logicalDatatype>LOGDT011</logicalDatatype>
<previousColumn>false</previousColumn>
<autoIncrementCycle>false</autoIncrementCycle>
</Column>
<Column class="oracle.dbtools.crest.model.design.relational.Column" name="dimensionAncho" id="F3DD95AA-1C9C-58E4-065E-CC4A2AA61740">
<createdBy>David</createdBy>
<createdTime>2012-11-24 12:49:24 UTC</createdTime>
<generatorID>6EDE28CB-9E54-B942-3C0F-AFA700431B27</generatorID>
<ownerDesignName>ejerDataModeler_David_Morera</ownerDesignName>
<nullsAllowed>true</nullsAllowed>
<useDomainConstraints>false</useDomainConstraints>
<use>1</use>
<logicalDatatype>LOGDT011</logicalDatatype>
<previousColumn>false</previousColumn>
<autoIncrementCycle>false</autoIncrementCycle>
</Column>
<Column class="oracle.dbtools.crest.model.design.relational.Column" name="profundidad" id="EF863714-F2C8-5353-9B5E-D663E1DF3E4E">
<createdBy>David</createdBy>
<createdTime>2012-11-24 12:49:24 UTC</createdTime>
<generatorID>C1F10B41-1553-3315-2B23-7C2FE7CCE001</generatorID>
<ownerDesignName>ejerDataModeler_David_Morera</ownerDesignName>
<nullsAllowed>true</nullsAllowed>
<useDomainConstraints>false</useDomainConstraints>
<use>1</use>
<logicalDatatype>LOGDT011</logicalDatatype>
<previousColumn>false</previousColumn>
<autoIncrementCycle>false</autoIncrementCycle>
</Column>
</columns>
<indexes>
<ind_PK_UK class="oracle.dbtools.crest.model.design.relational.Index" id="D1914F72-5A32-A3B4-D6C4-731620E052C0" name="MUEBLE PK">
<createdBy>David</createdBy>
<createdTime>2012-11-24 12:39:49 UTC</createdTime>
<generatorID>0526B01D-E716-3659-802E-D06C75AE99D0</generatorID>
<ownerDesignName>ejerDataModeler_David_Morera</ownerDesignName>
<pk>true</pk>
<indexState>Primary Constraint</indexState>
<indexColumnUsage>
<colUsage columnID="50E6B728-C83E-50B3-8F8D-90330BA18042"/>
<colUsage columnID="9867BC3D-F482-6E2B-4F77-904647A0A8A9"/>
</indexColumnUsage>
</ind_PK_UK>
<ind_PK_UK class="oracle.dbtools.crest.model.design.relational.Index" id="8EFA8265-7EEF-E77E-6FC6-94BB3E8E4A35" name="CONTIENE">
<createdBy>David</createdBy>
<createdTime>2012-11-24 12:39:49 UTC</createdTime>
<generatorID>A07CB5D3-C53B-8454-BEF2-372CD76AF65A</generatorID>
<ownerDesignName>ejerDataModeler_David_Morera</ownerDesignName>
<indexState>Foreign Key</indexState>
<indexColumnUsage>
<colUsage columnID="AEB8B605-9622-CDDA-D7CE-87AE476DCF1B"/>
</indexColumnUsage>
</ind_PK_UK>
<ind_PK_UK class="oracle.dbtools.crest.model.design.relational.Index" id="E35F2691-23F5-E9E2-61D6-D9E243DE38B9" name="ES DE">
<createdBy>David</createdBy>
<createdTime>2012-11-24 12:39:49 UTC</createdTime>
<generatorID>78EBF253-90CE-62AF-8A8C-C3FF301BE806</generatorID>
<ownerDesignName>ejerDataModeler_David_Morera</ownerDesignName>
<indexState>Foreign Key</indexState>
<indexColumnUsage>
<colUsage columnID="9867BC3D-F482-6E2B-4F77-904647A0A8A9"/>
</indexColumnUsage>
</ind_PK_UK>
<ind_PK_UK class="oracle.dbtools.crest.model.design.relational.Index" id="3E3D7D36-18E5-C79E-583B-9F024E869364" name="ES DEv2">
<createdBy>David</createdBy>
<createdTime>2012-11-24 12:39:49 UTC</createdTime>
<generatorID>6475E819-9734-2C5E-B791-9E5B2E9D52B4</generatorID>
<ownerDesignName>ejerDataModeler_David_Morera</ownerDesignName>
<indexState>Foreign Key</indexState>
<indexColumnUsage>
<colUsage columnID="8F4E82EC-995B-E055-8BED-74F0E9EFD9E9"/>
</indexColumnUsage>
</ind_PK_UK>
<ind_PK_UK class="oracle.dbtools.crest.model.design.relational.Index" id="81E09D81-9BFA-1537-9044-0279A8BC5054" name="PERTENECE A">
<createdBy>David</createdBy>
<createdTime>2012-11-24 12:39:49 UTC</createdTime>
<generatorID>2A97E568-3B4E-9518-BFE9-D81D4917B4C2</generatorID>
<ownerDesignName>ejerDataModeler_David_Morera</ownerDesignName>
<indexState>Foreign Key</indexState>
<indexColumnUsage>
<colUsage columnID="2C94EAAF-B313-335F-863F-89A97389C070"/>
</indexColumnUsage>
</ind_PK_UK>
</indexes>
</Table>