<?xml version = '1.0' encoding = 'UTF-8'?>
<Diagram class="oracle.dbtools.crest.swingui.logical.DPVLogicalSubView" name="Logical - SubView_1" id="5F5B779C-660F-3EAB-2CE1-FCBFC52B9CDB">
<createdBy>David</createdBy>
<createdTime>2012-11-24 10:45:51 UTC</createdTime>
<autoRoute>false</autoRoute>
<boxInbox>true</boxInbox>
<showLegend>false</showLegend>
<showLabels>false</showLabels>
<showGrid>false</showGrid>
<diagramColor>-1</diagramColor>
<display>false</display>
<notation>1</notation>
<objectViews>
<OView class="oracle.dbtools.crest.swingui.logical.TVEntity" oid="35B42F75-2AD4-9322-BB0E-5BB5DF3A5FFB" otype="Entity" vid="46E17A8E-F5D9-4ECD-ED77-F3386FD1ECF1">
<bounds x="430" y="170" width="121" height="131"/>
</OView>
<OView class="oracle.dbtools.crest.swingui.logical.TVEntity" oid="3B5E2609-7EC2-00B7-8E6B-FF55D599CE59" otype="Entity" vid="4737E509-499A-D700-C1A1-654EDE892E43">
<bounds x="463" y="8" width="101" height="124"/>
</OView>
<OView class="oracle.dbtools.crest.swingui.logical.TVEntity" oid="3C18BCCD-DB58-0B4F-68B8-83454337317E" otype="Entity" vid="740C8AAD-FBE0-B960-49E7-C179362EC9DE">
<bounds x="108" y="425" width="100" height="117"/>
</OView>
<OView class="oracle.dbtools.crest.swingui.logical.TVEntity" oid="4CF0CDAC-8952-ACDA-2CDE-1FDA69AE0B80" otype="Entity" vid="5AF67CAE-1A85-ABCF-B29F-E4BB81DDB0DC">
<bounds x="210" y="191" width="105" height="129"/>
</OView>
<OView class="oracle.dbtools.crest.swingui.logical.TVEntity" oid="5DF2ACA6-ABAC-04AA-01F9-433B0B93E023" otype="Entity" vid="E0D95AB9-5CF0-9948-31ED-3D371790F11A">
<bounds x="25" y="211" width="110" height="147"/>
</OView>
<OView class="oracle.dbtools.crest.swingui.logical.TVEntity" oid="70CE51A3-A012-5DC3-C5BD-E7DB790E71AA" otype="Entity" vid="BB93762B-16C1-9977-2874-5A82ECBDEAB5">
<bounds x="40" y="10" width="116" height="139"/>
</OView>
<OView class="oracle.dbtools.crest.swingui.TVNote" oid="8A21911E-E774-6FCA-D546-52877AD2876F" otype="Note" vid="751566B9-97EB-F819-83F9-F50479B2BCD1">
<bounds x="900" y="519" width="151" height="25"/>
</OView>
<OView class="oracle.dbtools.crest.swingui.logical.TVEntity" oid="A435F17D-E871-CCF2-FE8A-FE5F3F17BB09" otype="Entity" vid="CB4D8FD8-D21C-75D0-0FEE-19B43BE51C3C">
<bounds x="685" y="209" width="100" height="133"/>
</OView>
<OView class="oracle.dbtools.crest.swingui.logical.TVEntity" oid="ACF87928-AA2F-C086-246A-394235F9F3D2" otype="Entity" vid="59DFC681-A068-22CC-053A-5CE68A9013B5">
<bounds x="931" y="311" width="100" height="120"/>
</OView>
<OView class="oracle.dbtools.crest.swingui.logical.TVEntity" oid="AFF197D1-FB40-C673-E91E-FCE8E5273949" otype="Entity" vid="1B81E086-DE52-693F-30D5-A1090440039B">
<bounds x="735" y="424" width="106" height="127"/>
</OView>
<OView class="oracle.dbtools.crest.swingui.logical.TVEntity" oid="C44236E9-5330-B6ED-1647-07EDBC758338" otype="Entity" vid="9B435655-E245-2F1F-279C-A5A3F08BFA4C">
<bounds x="475" y="372" width="117" height="103"/>
</OView>
<OView class="oracle.dbtools.crest.swingui.logical.TVEntity" oid="D4C79F1D-35DA-E771-2BBC-83EADFDC1AAB" otype="Entity" vid="32200748-16FB-91FE-FF20-FB3AE294DB84">
<bounds x="876" y="3" width="115" height="148"/>
</OView>
</objectViews>
<connectors>
<Connector class="oracle.dbtools.crest.swingui.logical.TVRelation" oid="2227568A-7D3F-072A-E51C-3A308821C5E8" otype="Relation" vid_source="BB93762B-16C1-9977-2874-5A82ECBDEAB5" vid_target="E0D95AB9-5CF0-9948-31ED-3D371790F11A">
<lineWidth>1</lineWidth>
<points>
<point x="87" y="149"/>
<point x="87" y="211"/>
</points>
</Connector>
<Connector class="oracle.dbtools.crest.swingui.logical.TVRelation" oid="2A97E568-3B4E-9518-BFE9-D81D4917B4C2" otype="Relation" vid_source="32200748-16FB-91FE-FF20-FB3AE294DB84" vid_target="CB4D8FD8-D21C-75D0-0FEE-19B43BE51C3C">
<lineWidth>1</lineWidth>
<points>
<point x="876" y="77"/>
<point x="785" y="275"/>
</points>
</Connector>
<Connector class="oracle.dbtools.crest.swingui.logical.TVRelation" oid="363065F1-1F3E-1050-0CFF-3B71E7BB8EA8" otype="Relation" vid_source="740C8AAD-FBE0-B960-49E7-C179362EC9DE" vid_target="E0D95AB9-5CF0-9948-31ED-3D371790F11A">
<lineWidth>1</lineWidth>
<points>
<point x="121" y="425"/>
<point x="121" y="358"/>
</points>
</Connector>
<Connector class="oracle.dbtools.crest.swingui.logical.TVRelation" oid="54E3E688-7CEA-32E3-8002-71FA60981773" otype="Relation" vid_source="5AF67CAE-1A85-ABCF-B29F-E4BB81DDB0DC" vid_target="46E17A8E-F5D9-4ECD-ED77-F3386FD1ECF1">
<lineWidth>1</lineWidth>
<points>
<point x="315" y="246"/>
<point x="430" y="246"/>
</points>
</Connector>
<Connector class="oracle.dbtools.crest.swingui.logical.TVRelation" oid="6475E819-9734-2C5E-B791-9E5B2E9D52B4" otype="Relation" vid_source="59DFC681-A068-22CC-053A-5CE68A9013B5" vid_target="CB4D8FD8-D21C-75D0-0FEE-19B43BE51C3C">
<lineWidth>1</lineWidth>
<points>
<point x="931" y="326"/>
<point x="785" y="326"/>
</points>
</Connector>
<Connector class="oracle.dbtools.crest.swingui.logical.TVRelation" oid="6DE5D2AB-749A-35C5-521F-E89F253934D2" otype="Relation" vid_source="740C8AAD-FBE0-B960-49E7-C179362EC9DE" vid_target="1B81E086-DE52-693F-30D5-A1090440039B">
<lineWidth>1</lineWidth>
<points>
<point x="208" y="503"/>
<point x="735" y="503"/>
</points>
</Connector>
<Connector class="oracle.dbtools.crest.swingui.logical.TVRelation" oid="76C8904B-C1A9-E8F2-EEB4-6A91B322334C" otype="Relation" vid_source="9B435655-E245-2F1F-279C-A5A3F08BFA4C" vid_target="740C8AAD-FBE0-B960-49E7-C179362EC9DE">
<lineWidth>1</lineWidth>
<points>
<point x="475" y="450"/>
<point x="208" y="450"/>
</points>
</Connector>
<Connector class="oracle.dbtools.crest.swingui.logical.TVRelation" oid="78EBF253-90CE-62AF-8A8C-C3FF301BE806" otype="Relation" vid_source="4737E509-499A-D700-C1A1-654EDE892E43" vid_target="CB4D8FD8-D21C-75D0-0FEE-19B43BE51C3C">
<lineWidth>1</lineWidth>
<points>
<point x="564" y="70"/>
<point x="730" y="209"/>
</points>
</Connector>
<Connector class="oracle.dbtools.crest.swingui.logical.TVRelation" oid="A07CB5D3-C53B-8454-BEF2-372CD76AF65A" otype="Relation" vid_source="46E17A8E-F5D9-4ECD-ED77-F3386FD1ECF1" vid_target="CB4D8FD8-D21C-75D0-0FEE-19B43BE51C3C">
<lineWidth>1</lineWidth>
<points>
<point x="551" y="255"/>
<point x="685" y="255"/>
</points>
</Connector>
<Connector class="oracle.dbtools.crest.swingui.logical.TVRelation" oid="C985EAD2-92E2-F0CC-A535-9FC389DCF9E4" otype="Relation" vid_source="CB4D8FD8-D21C-75D0-0FEE-19B43BE51C3C" vid_target="740C8AAD-FBE0-B960-49E7-C179362EC9DE">
<lineWidth>1</lineWidth>
<points>
<point x="685" y="275"/>
<point x="208" y="483"/>
</points>
</Connector>
<Connector class="oracle.dbtools.crest.swingui.logical.TVRelation" oid="CB5E6D13-DD90-9C64-3D6C-39438164FE3D" otype="Relation" vid_source="5AF67CAE-1A85-ABCF-B29F-E4BB81DDB0DC" vid_target="740C8AAD-FBE0-B960-49E7-C179362EC9DE">
<lineWidth>1</lineWidth>
<points>
<point x="262" y="320"/>
<point x="158" y="425"/>
</points>
</Connector>
<Connector class="oracle.dbtools.crest.swingui.logical.TVRelation" oid="D8C16D85-8595-D4DB-FCA9-E4757D525229" otype="Relation" vid_source="46E17A8E-F5D9-4ECD-ED77-F3386FD1ECF1" vid_target="1B81E086-DE52-693F-30D5-A1090440039B">
<lineWidth>1</lineWidth>
<points>
<point x="540" y="301"/>
<point x="735" y="487"/>
</points>
</Connector>
<Connector class="oracle.dbtools.crest.swingui.logical.TVRelation" oid="E7440B67-FF2C-9789-01D2-4EE233C1F165" otype="Relation" vid_source="46E17A8E-F5D9-4ECD-ED77-F3386FD1ECF1" vid_target="9B435655-E245-2F1F-279C-A5A3F08BFA4C">
<lineWidth>1</lineWidth>
<points>
<point x="513" y="301"/>
<point x="513" y="372"/>
</points>
</Connector>
</connectors>
</Diagram>