<?xml version = '1.0' encoding = 'UTF-8'?>
<Diagram class="oracle.dbtools.crest.swingui.logical.DPVLogical" id="AFF40695-A991-51C4-6F0C-B9737747B1AF">
<createdBy>David</createdBy>
<createdTime>2012-11-24 10:45:51 UTC</createdTime>
<autoRoute>false</autoRoute>
<boxInbox>true</boxInbox>
<showLegend>false</showLegend>
<showLabels>false</showLabels>
<showGrid>false</showGrid>
<diagramColor>-1</diagramColor>
<display>false</display>
<notation>1</notation>
<objectViews>
<OView class="oracle.dbtools.crest.swingui.logical.TVEntity" oid="35B42F75-2AD4-9322-BB0E-5BB5DF3A5FFB" otype="Entity" vid="95912C4F-96A8-4760-7A6C-A26FE5B94A47">
<bounds x="120" y="190" width="170" height="110"/>
</OView>
<OView class="oracle.dbtools.crest.swingui.logical.TVEntity" oid="3B5E2609-7EC2-00B7-8E6B-FF55D599CE59" otype="Entity" vid="45E96A8A-F707-114B-B2B1-1FB17FE9F9E8">
<bounds x="70" y="90" width="170" height="110"/>
</OView>
<OView class="oracle.dbtools.crest.swingui.logical.TVEntity" oid="3C18BCCD-DB58-0B4F-68B8-83454337317E" otype="Entity" vid="1AB88EBC-87FD-529C-AD2F-371521401560">
<bounds x="150" y="250" width="170" height="110"/>
</OView>
<OView class="oracle.dbtools.crest.swingui.logical.TVEntity" oid="4CF0CDAC-8952-ACDA-2CDE-1FDA69AE0B80" otype="Entity" vid="240C41B0-B7B5-CF85-B98E-BEB4886367F3">
<bounds x="110" y="170" width="170" height="110"/>
</OView>
<OView class="oracle.dbtools.crest.swingui.logical.TVEntity" oid="5DF2ACA6-ABAC-04AA-01F9-433B0B93E023" otype="Entity" vid="3DE887D5-FB68-E41B-5BC9-2B04B8E43298">
<bounds x="60" y="70" width="170" height="110"/>
</OView>
<OView class="oracle.dbtools.crest.swingui.logical.TVEntity" oid="70CE51A3-A012-5DC3-C5BD-E7DB790E71AA" otype="Entity" vid="A720D06D-5A55-00EB-981A-BCF520F53756">
<bounds x="50" y="50" width="170" height="110"/>
</OView>
<OView class="oracle.dbtools.crest.swingui.logical.TVEntity" oid="A435F17D-E871-CCF2-FE8A-FE5F3F17BB09" otype="Entity" vid="65B6510F-6398-F811-36A5-51AF28C6C44B">
<bounds x="100" y="150" width="170" height="110"/>
</OView>
<OView class="oracle.dbtools.crest.swingui.logical.TVEntity" oid="ACF87928-AA2F-C086-246A-394235F9F3D2" otype="Entity" vid="0B4475DA-5B46-2EAB-7DD5-21BE3FD28EA2">
<bounds x="100" y="150" width="170" height="110"/>
</OView>
<OView class="oracle.dbtools.crest.swingui.logical.TVEntity" oid="AFF197D1-FB40-C673-E91E-FCE8E5273949" otype="Entity" vid="B2DE4FD3-6CE3-FD36-C683-A5919EE0F1AB">
<bounds x="130" y="210" width="170" height="110"/>
</OView>
<OView class="oracle.dbtools.crest.swingui.logical.TVEntity" oid="C44236E9-5330-B6ED-1647-07EDBC758338" otype="Entity" vid="5D84A4DC-A318-1296-383B-D078F690B90C">
<bounds x="140" y="230" width="170" height="110"/>
</OView>
<OView class="oracle.dbtools.crest.swingui.logical.TVEntity" oid="D4C79F1D-35DA-E771-2BBC-83EADFDC1AAB" otype="Entity" vid="BE7E0C77-D2A1-2260-2373-BA05F9712AC5">
<bounds x="80" y="110" width="170" height="110"/>
</OView>
</objectViews>
<connectors>
<Connector class="oracle.dbtools.crest.swingui.logical.TVRelation" oid="2227568A-7D3F-072A-E51C-3A308821C5E8" otype="Relation" vid_source="A720D06D-5A55-00EB-981A-BCF520F53756" vid_target="3DE887D5-FB68-E41B-5BC9-2B04B8E43298">
<lineWidth>1</lineWidth>
<points>
<point x="220" y="115"/>
<point x="60" y="115"/>
</points>
</Connector>
<Connector class="oracle.dbtools.crest.swingui.logical.TVRelation" oid="2A97E568-3B4E-9518-BFE9-D81D4917B4C2" otype="Relation" vid_source="BE7E0C77-D2A1-2260-2373-BA05F9712AC5" vid_target="65B6510F-6398-F811-36A5-51AF28C6C44B">
<lineWidth>1</lineWidth>
</Connector>
<Connector class="oracle.dbtools.crest.swingui.logical.TVRelation" oid="363065F1-1F3E-1050-0CFF-3B71E7BB8EA8" otype="Relation" vid_source="1AB88EBC-87FD-529C-AD2F-371521401560" vid_target="3DE887D5-FB68-E41B-5BC9-2B04B8E43298">
<lineWidth>1</lineWidth>
<points>
<point x="190" y="250"/>
<point x="190" y="180"/>
</points>
</Connector>
<Connector class="oracle.dbtools.crest.swingui.logical.TVRelation" oid="54E3E688-7CEA-32E3-8002-71FA60981773" otype="Relation" vid_source="240C41B0-B7B5-CF85-B98E-BEB4886367F3" vid_target="95912C4F-96A8-4760-7A6C-A26FE5B94A47">
<lineWidth>1</lineWidth>
</Connector>
<Connector class="oracle.dbtools.crest.swingui.logical.TVRelation" oid="6475E819-9734-2C5E-B791-9E5B2E9D52B4" otype="Relation" vid_source="0B4475DA-5B46-2EAB-7DD5-21BE3FD28EA2" vid_target="65B6510F-6398-F811-36A5-51AF28C6C44B">
<lineWidth>1</lineWidth>
</Connector>
<Connector class="oracle.dbtools.crest.swingui.logical.TVRelation" oid="6DE5D2AB-749A-35C5-521F-E89F253934D2" otype="Relation" vid_source="1AB88EBC-87FD-529C-AD2F-371521401560" vid_target="B2DE4FD3-6CE3-FD36-C683-A5919EE0F1AB">
<lineWidth>1</lineWidth>
</Connector>
<Connector class="oracle.dbtools.crest.swingui.logical.TVRelation" oid="76C8904B-C1A9-E8F2-EEB4-6A91B322334C" otype="Relation" vid_source="5D84A4DC-A318-1296-383B-D078F690B90C" vid_target="1AB88EBC-87FD-529C-AD2F-371521401560">
<lineWidth>1</lineWidth>
</Connector>
<Connector class="oracle.dbtools.crest.swingui.logical.TVRelation" oid="78EBF253-90CE-62AF-8A8C-C3FF301BE806" otype="Relation" vid_source="45E96A8A-F707-114B-B2B1-1FB17FE9F9E8" vid_target="65B6510F-6398-F811-36A5-51AF28C6C44B">
<lineWidth>1</lineWidth>
</Connector>
<Connector class="oracle.dbtools.crest.swingui.logical.TVRelation" oid="A07CB5D3-C53B-8454-BEF2-372CD76AF65A" otype="Relation" vid_source="95912C4F-96A8-4760-7A6C-A26FE5B94A47" vid_target="65B6510F-6398-F811-36A5-51AF28C6C44B">
<lineWidth>1</lineWidth>
</Connector>
<Connector class="oracle.dbtools.crest.swingui.logical.TVRelation" oid="C985EAD2-92E2-F0CC-A535-9FC389DCF9E4" otype="Relation" vid_source="65B6510F-6398-F811-36A5-51AF28C6C44B" vid_target="1AB88EBC-87FD-529C-AD2F-371521401560">
<lineWidth>1</lineWidth>
</Connector>
<Connector class="oracle.dbtools.crest.swingui.logical.TVRelation" oid="CB5E6D13-DD90-9C64-3D6C-39438164FE3D" otype="Relation" vid_source="240C41B0-B7B5-CF85-B98E-BEB4886367F3" vid_target="1AB88EBC-87FD-529C-AD2F-371521401560">
<lineWidth>1</lineWidth>
</Connector>
<Connector class="oracle.dbtools.crest.swingui.logical.TVRelation" oid="D8C16D85-8595-D4DB-FCA9-E4757D525229" otype="Relation" vid_source="95912C4F-96A8-4760-7A6C-A26FE5B94A47" vid_target="B2DE4FD3-6CE3-FD36-C683-A5919EE0F1AB">
<lineWidth>1</lineWidth>
</Connector>
<Connector class="oracle.dbtools.crest.swingui.logical.TVRelation" oid="E7440B67-FF2C-9789-01D2-4EE233C1F165" otype="Relation" vid_source="95912C4F-96A8-4760-7A6C-A26FE5B94A47" vid_target="5D84A4DC-A318-1296-383B-D078F690B90C">
<lineWidth>1</lineWidth>
</Connector>
</connectors>
</Diagram>