<?xml version = '1.0' encoding = 'UTF-8'?>
<FKIndexAssociation class="oracle.dbtools.crest.model.design.relational.FKIndexAssociation" id="0AF89CFA-4198-6890-585D-D8665CF0CC13" directorySegmentName="seg_0" name="Usuario_Pedido">
<createdBy>alumno</createdBy>
<createdTime>2012-10-17 21:34:21 UTC</createdTime>
<generatorID>51DD1054-81AE-C288-D70D-A5C628F3008B</generatorID>
<ownerDesignName>ejercicio_datamodeler</ownerDesignName>
<containerWithKeyObject>4C36D322-CF34-AA3D-9797-7006860DD4E3</containerWithKeyObject>
<deleteRule>RESTRICT</deleteRule>
<localFKIndex>13762E15-8DB7-B42B-2CFB-4443D8DA8DCD</localFKIndex>
<keyObject>513DB192-EA6A-3E11-2504-8FED975568E0</keyObject>
<mandatory>true</mandatory>
<transferable>true</transferable>
</FKIndexAssociation>