<?xml version = '1.0' encoding = 'UTF-8'?>
<FKIndexAssociation class="oracle.dbtools.crest.model.design.relational.FKIndexAssociation" id="2EE6F692-F697-34BC-0FFD-86D2840ED254" directorySegmentName="seg_0" name="FK_ASS_2">
<createdBy>alumno</createdBy>
<createdTime>2012-10-17 21:34:21 UTC</createdTime>
<generatorID>33FD68F0-A87A-1B23-00D4-A3D2C1D70762</generatorID>
<ownerDesignName>ejercicio_datamodeler</ownerDesignName>
<containerWithKeyObject>F6CA4A4B-D2ED-0B17-4332-4DBDF54DA494</containerWithKeyObject>
<deleteRule>CASCADE</deleteRule>
<localFKIndex>6868EAA7-459D-74C2-7736-8013B16B5817</localFKIndex>
<keyObject>8819E59A-20FE-FB4C-00F6-127976B142E3</keyObject>
<mandatory>true</mandatory>
<transferable>true</transferable>
</FKIndexAssociation>