<?xml version = '1.0' encoding = 'UTF-8'?>
<FKIndexAssociation class="oracle.dbtools.crest.model.design.relational.FKIndexAssociation" id="38D4198D-9DA8-7627-E03C-E45CC8C2F1F1" directorySegmentName="seg_0" name="LineaPedido_Terminacion">
<createdBy>alumno</createdBy>
<createdTime>2012-10-17 21:34:21 UTC</createdTime>
<generatorID>96A149EE-140B-23A1-A230-5091D4EA72DC</generatorID>
<ownerDesignName>ejercicio_datamodeler</ownerDesignName>
<containerWithKeyObject>885EBFE8-6E1E-E0A8-4441-E4FFA0637D44</containerWithKeyObject>
<deleteRule>RESTRICT</deleteRule>
<localFKIndex>F5971ED2-F27B-3E8B-9CE6-98188F1112DF</localFKIndex>
<keyObject>D8BD49DB-7847-A711-84D6-A7076B3A3B0B</keyObject>
<mandatory>true</mandatory>
<transferable>true</transferable>
</FKIndexAssociation>