<?xml version = '1.0' encoding = 'UTF-8'?>
<FKIndexAssociation class="oracle.dbtools.crest.model.design.relational.FKIndexAssociation" id="65A74970-249F-4A10-AA53-F87540DF38A5" directorySegmentName="seg_0" name="FK_ASS_1">
<createdBy>alumno</createdBy>
<createdTime>2012-10-17 21:34:21 UTC</createdTime>
<generatorID>33FD68F0-A87A-1B23-00D4-A3D2C1D70762</generatorID>
<ownerDesignName>ejercicio_datamodeler</ownerDesignName>
<containerWithKeyObject>F6CA4A4B-D2ED-0B17-4332-4DBDF54DA494</containerWithKeyObject>
<deleteRule>CASCADE</deleteRule>
<localFKIndex>5822CF3F-8676-F242-8882-07F75E81E4D4</localFKIndex>
<keyObject>71F86522-9F0C-08C9-4D9B-CDFADBF17D54</keyObject>
<mandatory>true</mandatory>
<transferable>true</transferable>
</FKIndexAssociation>