<?xml version = '1.0' encoding = 'UTF-8'?>
<FKIndexAssociation class="oracle.dbtools.crest.model.design.relational.FKIndexAssociation" id="BAD6FC21-D9B5-CEE0-D067-78748E36DD15" directorySegmentName="seg_0" name="FK_ASS_12">
<createdBy>alumno</createdBy>
<createdTime>2012-10-17 21:34:21 UTC</createdTime>
<generatorID>549B22CF-4898-B0EE-2CAD-AD209D5136BF</generatorID>
<ownerDesignName>ejercicio_datamodeler</ownerDesignName>
<containerWithKeyObject>5576AD64-AAB7-A0D4-03E9-576B094FD67D</containerWithKeyObject>
<deleteRule>CASCADE</deleteRule>
<localFKIndex>5A1A8C01-89E1-86EE-3165-CC69E9B60945</localFKIndex>
<keyObject>46AFC7C4-311B-1241-1864-3D1F40193556</keyObject>
<mandatory>true</mandatory>
<transferable>true</transferable>
</FKIndexAssociation>