<?xml version = '1.0' encoding = 'UTF-8'?>
<Diagram class="oracle.dbtools.crest.swingui.relational.DPVRelational" name="Relational_1" id="E77A296D-9E5D-3045-A16B-F4A249FA43FA">
<createdBy>alumno</createdBy>
<createdTime>2012-10-17 18:53:52 UTC</createdTime>
<autoRoute>false</autoRoute>
<boxInbox>true</boxInbox>
<showLegend>false</showLegend>
<showLabels>false</showLabels>
<showGrid>false</showGrid>
<diagramColor>-1</diagramColor>
<display>false</display>
<notation>1</notation>
<objectViews>
<OView class="oracle.dbtools.crest.swingui.relational.TVTable" oid="0E026026-5D08-6A6A-34BE-A6D2ECA752DC" otype="Table" vid="655093E1-E9C7-0EB5-96EF-DD17F389B9CE">
<bounds x="348" y="0" width="103" height="61"/>
<generatorID>A0FB47DA-6121-1D75-2C29-C8B2D52E407A</generatorID>
</OView>
<OView class="oracle.dbtools.crest.swingui.relational.TVTable" oid="160B2580-B7F6-3D31-FB09-3029BD1C0792" otype="Table" vid="39F2CB08-72EC-6FA5-2F36-0F1561B376C3">
<bounds x="130" y="210" width="170" height="110"/>
</OView>
<OView class="oracle.dbtools.crest.swingui.relational.TVTable" oid="226EA3AD-FD42-93D3-C855-E914079A529B" otype="Table" vid="B8649C69-4E1B-1433-4837-873347F750CF">
<bounds x="547" y="51" width="74" height="40"/>
<generatorID>2ED995F8-326F-F42C-7FF5-93ABFE5320DC</generatorID>
</OView>
<OView class="oracle.dbtools.crest.swingui.relational.TVTable" oid="3C97D881-0097-90B2-68F1-B5F34510446A" otype="Table" vid="58A47DDD-BB63-ECD1-1E3F-ADB4186ACD33">
<bounds x="33" y="138" width="108" height="83"/>
<generatorID>D023E543-AADD-6F7F-37EC-017FC4AB063A</generatorID>
</OView>
<OView class="oracle.dbtools.crest.swingui.relational.TVTable" oid="4CCE661F-E765-B87D-7560-D517AC550563" otype="Table" vid="2B46A112-5421-20C5-D7AE-A3F23EF5C4DC">
<bounds x="544" y="216" width="107" height="46"/>
<generatorID>A8D0A0AF-6060-8ABA-F363-04200E5CC9A2</generatorID>
</OView>
<OView class="oracle.dbtools.crest.swingui.relational.TVTable" oid="5CEC0F3E-02AE-0B14-876B-7E0B82B57A76" otype="Table" vid="9707689B-C63E-095D-D642-CB81D3A4E488">
<bounds x="250" y="149" width="170" height="110"/>
</OView>
<OView class="oracle.dbtools.crest.swingui.relational.TVTable" oid="740C7A25-91F2-0EA2-5FA7-1493A675A870" otype="Table" vid="377EC883-85D2-8D2D-4F7F-9E9E570C4B0B">
<bounds x="252" y="233" width="89" height="38"/>
<generatorID>C76EB81B-A662-3C0A-64AF-53454117B0CE</generatorID>
</OView>
<OView class="oracle.dbtools.crest.swingui.relational.TVTable" oid="7A64D7A1-58A1-E392-6D44-37F28DB631ED" otype="Table" vid="91CC4E23-2E09-2189-2516-749C38C19388">
<bounds x="458" y="103" width="103" height="38"/>
<generatorID>644159DA-7C08-F321-A0C4-1BBE6114F6CC</generatorID>
</OView>
<OView class="oracle.dbtools.crest.swingui.relational.TVTable" oid="B4ECFC4E-840E-D817-4EEF-628626184798" otype="Table" vid="8D446847-75C7-2AB8-4798-F19D94A62034">
<bounds x="646" y="0" width="75" height="39"/>
<generatorID>FCF02FB7-06B6-357C-D435-E863B7C07467</generatorID>
</OView>
<OView class="oracle.dbtools.crest.swingui.relational.TVTable" oid="C6645B71-1F39-7BCE-3168-56F302D532C3" otype="Table" vid="8BCABD1F-F7FD-5F5C-F29F-75068FC35118">
<bounds x="177" y="0" width="94" height="101"/>
<generatorID>8051EDFA-18A7-EED9-540C-C3AED254EF76</generatorID>
</OView>
<OView class="oracle.dbtools.crest.swingui.relational.TVTable" oid="C75281CD-23FB-7A09-B16F-0A2AB5921B14" otype="Table" vid="43327647-828B-518D-62EF-2CFB4384D632">
<bounds x="10" y="48" width="111" height="53"/>
<generatorID>E870B152-3C63-A416-99D4-D1CEC6FE7199</generatorID>
</OView>
<OView class="oracle.dbtools.crest.swingui.relational.TVTable" oid="FBEE27D0-338B-3210-5FCB-F764D893BAD2" otype="Table" vid="97D31EB2-298A-1ED1-8305-154AA9043E53">
<bounds x="190" y="330" width="170" height="110"/>
</OView>
<OView class="oracle.dbtools.crest.swingui.relational.TVTable" oid="FD7D9F24-78D4-6F98-2F4C-084EE3C875F5" otype="Table" vid="76ADD170-3150-3090-2D80-05CD60516DE1">
<bounds x="220" y="89" width="170" height="110"/>
</OView>
</objectViews>
<connectors>
<Connector class="oracle.dbtools.crest.swingui.relational.TVFKRelation" oid="1090F40B-CF71-BC3C-08D8-5F8D014E047E" otype="FKIndexAssociation" vid_source="655093E1-E9C7-0EB5-96EF-DD17F389B9CE" vid_target="8BCABD1F-F7FD-5F5C-F29F-75068FC35118">
<lineWidth>1</lineWidth>
<points>
<point x="348" y="61"/>
<point x="177" y="101"/>
</points>
</Connector>
<Connector class="oracle.dbtools.crest.swingui.relational.TVFKRelation" oid="1250FD0F-5F44-6640-5177-CD9E23661079" otype="FKIndexAssociation" vid_source="B8649C69-4E1B-1433-4837-873347F750CF" vid_target="2B46A112-5421-20C5-D7AE-A3F23EF5C4DC">
<lineWidth>1</lineWidth>
<points>
<point x="584" y="91"/>
<point x="584" y="216"/>
</points>
</Connector>
<Connector class="oracle.dbtools.crest.swingui.relational.TVFKRelation" oid="1B5350A6-8E09-FC60-521E-D3C703DA6BB8" otype="FKIndexAssociation" vid_source="8D446847-75C7-2AB8-4798-F19D94A62034" vid_target="9707689B-C63E-095D-D642-CB81D3A4E488">
<lineWidth>1</lineWidth>
<points>
<point x="646" y="39"/>
<point x="250" y="214"/>
</points>
</Connector>
<Connector class="oracle.dbtools.crest.swingui.relational.TVFKRelation" oid="32BF4546-D875-CA38-F26B-D8E9721C0E5E" otype="FKIndexAssociation" vid_source="58A47DDD-BB63-ECD1-1E3F-ADB4186ACD33" vid_target="377EC883-85D2-8D2D-4F7F-9E9E570C4B0B">
<lineWidth>1</lineWidth>
<points>
<point x="141" y="179"/>
<point x="252" y="252"/>
</points>
</Connector>
<Connector class="oracle.dbtools.crest.swingui.relational.TVFKRelation" oid="377DCCBE-E770-59A7-04C5-299A9FF3712D" otype="FKIndexAssociation" vid_source="91CC4E23-2E09-2189-2516-749C38C19388" vid_target="2B46A112-5421-20C5-D7AE-A3F23EF5C4DC">
<lineWidth>1</lineWidth>
<points>
<point x="458" y="141"/>
<point x="544" y="216"/>
</points>
</Connector>
<Connector class="oracle.dbtools.crest.swingui.relational.TVFKRelation" oid="52373E99-23CC-964D-50ED-EB8919CBFCA8" otype="FKIndexAssociation" vid_source="655093E1-E9C7-0EB5-96EF-DD17F389B9CE" vid_target="97D31EB2-298A-1ED1-8305-154AA9043E53">
<lineWidth>1</lineWidth>
<points>
<point x="348" y="61"/>
<point x="220" y="330"/>
</points>
</Connector>
<Connector class="oracle.dbtools.crest.swingui.relational.TVFKRelation" oid="5A745C15-171C-149A-B973-9BE95ABE2005" otype="FKIndexAssociation" vid_source="8BCABD1F-F7FD-5F5C-F29F-75068FC35118" vid_target="39F2CB08-72EC-6FA5-2F36-0F1561B376C3">
<lineWidth>1</lineWidth>
<points>
<point x="177" y="101"/>
<point x="175" y="210"/>
</points>
</Connector>
<Connector class="oracle.dbtools.crest.swingui.relational.TVFKRelation" oid="654ADAED-1A9C-73F1-E726-3DDB30392D4D" otype="FKIndexAssociation" vid_source="655093E1-E9C7-0EB5-96EF-DD17F389B9CE" vid_target="9707689B-C63E-095D-D642-CB81D3A4E488">
<lineWidth>1</lineWidth>
<points>
<point x="348" y="61"/>
<point x="250" y="194"/>
</points>
</Connector>
<Connector class="oracle.dbtools.crest.swingui.relational.TVFKRelation" oid="6B41573C-036A-9CD3-8273-AE9566C1489D" otype="FKIndexAssociation" vid_source="655093E1-E9C7-0EB5-96EF-DD17F389B9CE" vid_target="76ADD170-3150-3090-2D80-05CD60516DE1">
<lineWidth>1</lineWidth>
<points>
<point x="348" y="61"/>
<point x="220" y="154"/>
</points>
</Connector>
<Connector class="oracle.dbtools.crest.swingui.relational.TVFKRelation" oid="8F17C040-6D02-8282-411E-9AC73B6A50E8" otype="FKIndexAssociation" vid_source="B8649C69-4E1B-1433-4837-873347F750CF" vid_target="76ADD170-3150-3090-2D80-05CD60516DE1">
<lineWidth>1</lineWidth>
<points>
<point x="547" y="91"/>
<point x="260" y="199"/>
</points>
</Connector>
<Connector class="oracle.dbtools.crest.swingui.relational.TVFKRelation" oid="9BB5832B-829D-7A1F-6E86-CCAD5D75267D" otype="FKIndexAssociation" vid_source="377EC883-85D2-8D2D-4F7F-9E9E570C4B0B" vid_target="2B46A112-5421-20C5-D7AE-A3F23EF5C4DC">
<lineWidth>1</lineWidth>
<points>
<point x="280" y="271"/>
<point x="544" y="262"/>
</points>
</Connector>
<Connector class="oracle.dbtools.crest.swingui.relational.TVFKRelation" oid="AC57BC7E-9543-B781-4F6D-7F87C5DFADC3" otype="FKIndexAssociation" vid_source="91CC4E23-2E09-2189-2516-749C38C19388" vid_target="97D31EB2-298A-1ED1-8305-154AA9043E53">
<lineWidth>1</lineWidth>
<points>
<point x="458" y="141"/>
<point x="205" y="330"/>
</points>
</Connector>
<Connector class="oracle.dbtools.crest.swingui.relational.TVFKRelation" oid="D16C2480-D6E2-3E71-E443-A887FC4033F3" otype="FKIndexAssociation" vid_source="43327647-828B-518D-62EF-2CFB4384D632" vid_target="39F2CB08-72EC-6FA5-2F36-0F1561B376C3">
<lineWidth>1</lineWidth>
<points>
<point x="121" y="101"/>
<point x="130" y="245"/>
</points>
</Connector>
<Connector class="oracle.dbtools.crest.swingui.relational.TVFKRelation" oid="E42F8AED-655F-3D79-8DEC-F1BC36F6F2BE" otype="FKIndexAssociation" vid_source="8BCABD1F-F7FD-5F5C-F29F-75068FC35118" vid_target="2B46A112-5421-20C5-D7AE-A3F23EF5C4DC">
<lineWidth>1</lineWidth>
<points>
<point x="271" y="50"/>
<point x="597" y="216"/>
</points>
</Connector>
<Connector class="oracle.dbtools.crest.swingui.relational.TVFKRelation" oid="EFC30486-002B-681B-D997-A18FBBAFC647" otype="FKIndexAssociation" vid_source="8D446847-75C7-2AB8-4798-F19D94A62034" vid_target="2B46A112-5421-20C5-D7AE-A3F23EF5C4DC">
<lineWidth>1</lineWidth>
<points>
<point x="648" y="39"/>
<point x="648" y="216"/>
</points>
</Connector>
</connectors>
</Diagram>