<?xml version = '1.0' encoding = 'UTF-8'?>
<FKIndexAssociation class="oracle.dbtools.crest.model.design.relational.FKIndexAssociation" id="1090F40B-CF71-BC3C-08D8-5F8D014E047E" directorySegmentName="seg_0" name="es_de">
<createdBy>alumno</createdBy>
<createdTime>2012-10-17 20:33:03 UTC</createdTime>
<generatorID>F3B6F0C2-91DB-5877-1EDB-9EC78B2ACAF2</generatorID>
<ownerDesignName>Muebles</ownerDesignName>
<containerWithKeyObject>C6645B71-1F39-7BCE-3168-56F302D532C3</containerWithKeyObject>
<deleteRule>CASCADE</deleteRule>
<localFKIndex>F8FB45AA-0D1D-BE0E-BA9E-D7D53943CC43</localFKIndex>
<keyObject>9D0FCF1A-508E-C9FE-691D-C2277BEA6AC6</keyObject>
<mandatory>true</mandatory>
<transferable>true</transferable>
</FKIndexAssociation>