<?xml version = '1.0' encoding = 'UTF-8'?>
<FKIndexAssociation class="oracle.dbtools.crest.model.design.relational.FKIndexAssociation" id="1250FD0F-5F44-6640-5177-CD9E23661079" directorySegmentName="seg_0" name="eligev1">
<createdBy>alumno</createdBy>
<createdTime>2012-10-17 22:48:58 UTC</createdTime>
<generatorID>5C9D8E0F-7517-8801-B894-7C9C33B70347</generatorID>
<ownerDesignName>Muebles</ownerDesignName>
<containerWithKeyObject>4CCE661F-E765-B87D-7560-D517AC550563</containerWithKeyObject>
<deleteRule>RESTRICT</deleteRule>
<localFKIndex>789BE78C-4D52-3125-0214-12A66586934F</localFKIndex>
<keyObject>A9B5CA54-3C30-0912-7CE4-9562FBBA8A2C</keyObject>
<mandatory>false</mandatory>
<transferable>true</transferable>
</FKIndexAssociation>