<?xml version = '1.0' encoding = 'UTF-8'?>
<FKIndexAssociation class="oracle.dbtools.crest.model.design.relational.FKIndexAssociation" id="1B5350A6-8E09-FC60-521E-D3C703DA6BB8" directorySegmentName="seg_0" name="FK_ASS_14">
<createdBy>alumno</createdBy>
<createdTime>2012-10-17 22:48:58 UTC</createdTime>
<generatorID>B9077B96-1EDA-D592-A421-0C4ACCF009D3</generatorID>
<ownerDesignName>Muebles</ownerDesignName>
<containerWithKeyObject>5CEC0F3E-02AE-0B14-876B-7E0B82B57A76</containerWithKeyObject>
<deleteRule>CASCADE</deleteRule>
<localFKIndex>8E630CE5-1724-191C-BB1E-08911A577073</localFKIndex>
<keyObject>512544BE-015A-3F8A-F96A-C2351379D4CD</keyObject>
<mandatory>true</mandatory>
<transferable>true</transferable>
</FKIndexAssociation>