<?xml version = '1.0' encoding = 'UTF-8'?>
<FKIndexAssociation class="oracle.dbtools.crest.model.design.relational.FKIndexAssociation" id="32BF4546-D875-CA38-F26B-D8E9721C0E5E" directorySegmentName="seg_0" name="realiza">
<createdBy>alumno</createdBy>
<createdTime>2012-10-17 22:48:58 UTC</createdTime>
<generatorID>6BD86744-A16A-2AD3-325F-E8ECBAA2C83C</generatorID>
<ownerDesignName>Muebles</ownerDesignName>
<containerWithKeyObject>740C7A25-91F2-0EA2-5FA7-1493A675A870</containerWithKeyObject>
<deleteRule>RESTRICT</deleteRule>
<localFKIndex>B207FA56-7B00-E457-EBBE-D5A70CB15617</localFKIndex>
<keyObject>63DAAC1C-1BA6-1251-DC6F-10C92B0DB804</keyObject>
<mandatory>false</mandatory>
<transferable>true</transferable>
</FKIndexAssociation>