<?xml version = '1.0' encoding = 'UTF-8'?>
<FKIndexAssociation class="oracle.dbtools.crest.model.design.relational.FKIndexAssociation" id="377DCCBE-E770-59A7-04C5-299A9FF3712D" directorySegmentName="seg_0" name="eligev2">
<createdBy>alumno</createdBy>
<createdTime>2012-10-17 22:48:58 UTC</createdTime>
<generatorID>36666181-C076-77AB-F281-A375870333A6</generatorID>
<ownerDesignName>Muebles</ownerDesignName>
<containerWithKeyObject>4CCE661F-E765-B87D-7560-D517AC550563</containerWithKeyObject>
<deleteRule>RESTRICT</deleteRule>
<localFKIndex>E572D94D-30CF-6D6C-BC5E-960999935984</localFKIndex>
<keyObject>67439D7B-420E-47C9-3D80-BAD7245A7AE8</keyObject>
<mandatory>false</mandatory>
<transferable>true</transferable>
</FKIndexAssociation>