<?xml version = '1.0' encoding = 'UTF-8'?>
<FKIndexAssociation class="oracle.dbtools.crest.model.design.relational.FKIndexAssociation" id="52373E99-23CC-964D-50ED-EB8919CBFCA8" directorySegmentName="seg_0" name="FK_ASS_9">
<createdBy>alumno</createdBy>
<createdTime>2012-10-17 22:48:58 UTC</createdTime>
<generatorID>C251F7E5-1E90-95DE-C786-E1ABCB66F02A</generatorID>
<ownerDesignName>Muebles</ownerDesignName>
<containerWithKeyObject>FBEE27D0-338B-3210-5FCB-F764D893BAD2</containerWithKeyObject>
<deleteRule>CASCADE</deleteRule>
<localFKIndex>C9CBAC1A-79D9-5020-09B7-E0A870E6195F</localFKIndex>
<keyObject>9D0FCF1A-508E-C9FE-691D-C2277BEA6AC6</keyObject>
<mandatory>true</mandatory>
<transferable>true</transferable>
</FKIndexAssociation>