<?xml version = '1.0' encoding = 'UTF-8'?>
<FKIndexAssociation class="oracle.dbtools.crest.model.design.relational.FKIndexAssociation" id="5A745C15-171C-149A-B973-9BE95ABE2005" directorySegmentName="seg_0" name="FK_ASS_4">
<createdBy>alumno</createdBy>
<createdTime>2012-10-17 22:48:58 UTC</createdTime>
<generatorID>02BFFBC4-7EE6-44E7-615D-C3AEAFE7A275</generatorID>
<ownerDesignName>Muebles</ownerDesignName>
<containerWithKeyObject>160B2580-B7F6-3D31-FB09-3029BD1C0792</containerWithKeyObject>
<deleteRule>CASCADE</deleteRule>
<localFKIndex>D8F5A51E-3DED-A677-9172-5C30D1B6774F</localFKIndex>
<keyObject>78B6095C-3E35-570F-6B75-EC0A7A72CFC5</keyObject>
<mandatory>true</mandatory>
<transferable>true</transferable>
</FKIndexAssociation>