<?xml version = '1.0' encoding = 'UTF-8'?>
<FKIndexAssociation class="oracle.dbtools.crest.model.design.relational.FKIndexAssociation" id="654ADAED-1A9C-73F1-E726-3DDB30392D4D" directorySegmentName="seg_0" name="FK_ASS_13">
<createdBy>alumno</createdBy>
<createdTime>2012-10-17 22:48:58 UTC</createdTime>
<generatorID>B9077B96-1EDA-D592-A421-0C4ACCF009D3</generatorID>
<ownerDesignName>Muebles</ownerDesignName>
<containerWithKeyObject>5CEC0F3E-02AE-0B14-876B-7E0B82B57A76</containerWithKeyObject>
<deleteRule>CASCADE</deleteRule>
<localFKIndex>AF7EBD58-F1C8-ADC9-A649-E4812BAEC7DC</localFKIndex>
<keyObject>9D0FCF1A-508E-C9FE-691D-C2277BEA6AC6</keyObject>
<mandatory>true</mandatory>
<transferable>true</transferable>
</FKIndexAssociation>