<?xml version = '1.0' encoding = 'UTF-8'?>
<FKIndexAssociation class="oracle.dbtools.crest.model.design.relational.FKIndexAssociation" id="6B41573C-036A-9CD3-8273-AE9566C1489D" directorySegmentName="seg_0" name="FK_ASS_11">
<createdBy>alumno</createdBy>
<createdTime>2012-10-17 22:48:58 UTC</createdTime>
<generatorID>94E470BB-3A09-47D1-3E60-C24459C33611</generatorID>
<ownerDesignName>Muebles</ownerDesignName>
<containerWithKeyObject>FD7D9F24-78D4-6F98-2F4C-084EE3C875F5</containerWithKeyObject>
<deleteRule>CASCADE</deleteRule>
<localFKIndex>7FDC0043-A737-845E-516F-101210CFAD55</localFKIndex>
<keyObject>9D0FCF1A-508E-C9FE-691D-C2277BEA6AC6</keyObject>
<mandatory>true</mandatory>
<transferable>true</transferable>
</FKIndexAssociation>