<?xml version = '1.0' encoding = 'UTF-8'?>
<FKIndexAssociation class="oracle.dbtools.crest.model.design.relational.FKIndexAssociation" id="8F17C040-6D02-8282-411E-9AC73B6A50E8" directorySegmentName="seg_0" name="FK_ASS_12">
<createdBy>alumno</createdBy>
<createdTime>2012-10-17 22:48:58 UTC</createdTime>
<generatorID>94E470BB-3A09-47D1-3E60-C24459C33611</generatorID>
<ownerDesignName>Muebles</ownerDesignName>
<containerWithKeyObject>FD7D9F24-78D4-6F98-2F4C-084EE3C875F5</containerWithKeyObject>
<deleteRule>CASCADE</deleteRule>
<localFKIndex>D53ED680-6929-3EBD-EE99-C9107426C8D7</localFKIndex>
<keyObject>A9B5CA54-3C30-0912-7CE4-9562FBBA8A2C</keyObject>
<mandatory>true</mandatory>
<transferable>true</transferable>
</FKIndexAssociation>