<?xml version = '1.0' encoding = 'UTF-8'?>
<FKIndexAssociation class="oracle.dbtools.crest.model.design.relational.FKIndexAssociation" id="9BB5832B-829D-7A1F-6E86-CCAD5D75267D" directorySegmentName="seg_0" name="tiene">
<createdBy>alumno</createdBy>
<createdTime>2012-10-17 22:48:58 UTC</createdTime>
<generatorID>29815943-898B-7C97-3FBF-D31F8B859A95</generatorID>
<ownerDesignName>Muebles</ownerDesignName>
<containerWithKeyObject>4CCE661F-E765-B87D-7560-D517AC550563</containerWithKeyObject>
<deleteRule>RESTRICT</deleteRule>
<localFKIndex>07F5C395-BD3D-66CC-CA82-34C56B588195</localFKIndex>
<keyObject>0D103434-AE66-8D8C-21D0-38E2657AF42C</keyObject>
<mandatory>false</mandatory>
<transferable>true</transferable>
</FKIndexAssociation>