<?xml version = '1.0' encoding = 'UTF-8'?>
<FKIndexAssociation class="oracle.dbtools.crest.model.design.relational.FKIndexAssociation" id="AC57BC7E-9543-B781-4F6D-7F87C5DFADC3" directorySegmentName="seg_0" name="FK_ASS_10">
<createdBy>alumno</createdBy>
<createdTime>2012-10-17 22:48:58 UTC</createdTime>
<generatorID>C251F7E5-1E90-95DE-C786-E1ABCB66F02A</generatorID>
<ownerDesignName>Muebles</ownerDesignName>
<containerWithKeyObject>FBEE27D0-338B-3210-5FCB-F764D893BAD2</containerWithKeyObject>
<deleteRule>CASCADE</deleteRule>
<localFKIndex>9BD39769-0FBC-4D0B-FB23-3C4A58396C25</localFKIndex>
<keyObject>67439D7B-420E-47C9-3D80-BAD7245A7AE8</keyObject>
<mandatory>true</mandatory>
<transferable>true</transferable>
</FKIndexAssociation>