<?xml version = '1.0' encoding = 'UTF-8'?>
<FKIndexAssociation class="oracle.dbtools.crest.model.design.relational.FKIndexAssociation" id="D16C2480-D6E2-3E71-E443-A887FC4033F3" directorySegmentName="seg_0" name="FK_ASS_5">
<createdBy>alumno</createdBy>
<createdTime>2012-10-17 22:48:58 UTC</createdTime>
<generatorID>02BFFBC4-7EE6-44E7-615D-C3AEAFE7A275</generatorID>
<ownerDesignName>Muebles</ownerDesignName>
<containerWithKeyObject>160B2580-B7F6-3D31-FB09-3029BD1C0792</containerWithKeyObject>
<deleteRule>CASCADE</deleteRule>
<localFKIndex>7B385AF3-6769-A9E5-838F-27DC1B4A9BCA</localFKIndex>
<keyObject>656B1F64-A0E0-DEE8-C2F7-AE3A2F34B37E</keyObject>
<mandatory>true</mandatory>
<transferable>true</transferable>
</FKIndexAssociation>