<?xml version = '1.0' encoding = 'UTF-8'?>
<FKIndexAssociation class="oracle.dbtools.crest.model.design.relational.FKIndexAssociation" id="E42F8AED-655F-3D79-8DEC-F1BC36F6F2BE" directorySegmentName="seg_0" name="solicita">
<createdBy>alumno</createdBy>
<createdTime>2012-10-17 22:48:58 UTC</createdTime>
<generatorID>10B788CC-1E44-D7D4-6F5C-F513D481334C</generatorID>
<ownerDesignName>Muebles</ownerDesignName>
<containerWithKeyObject>4CCE661F-E765-B87D-7560-D517AC550563</containerWithKeyObject>
<deleteRule>RESTRICT</deleteRule>
<localFKIndex>EE562783-3D77-2644-ECBD-713F48257114</localFKIndex>
<keyObject>78B6095C-3E35-570F-6B75-EC0A7A72CFC5</keyObject>
<mandatory>false</mandatory>
<transferable>true</transferable>
</FKIndexAssociation>