<?xml version = '1.0' encoding = 'UTF-8'?>
<FKIndexAssociation class="oracle.dbtools.crest.model.design.relational.FKIndexAssociation" id="EFC30486-002B-681B-D997-A18FBBAFC647" directorySegmentName="seg_0" name="elige">
<createdBy>alumno</createdBy>
<createdTime>2012-10-17 22:48:58 UTC</createdTime>
<generatorID>C8064ACA-7957-425D-F66C-FDF8F3A7B934</generatorID>
<ownerDesignName>Muebles</ownerDesignName>
<containerWithKeyObject>4CCE661F-E765-B87D-7560-D517AC550563</containerWithKeyObject>
<deleteRule>RESTRICT</deleteRule>
<localFKIndex>9D26D105-0E3A-F751-B206-521D5B6DEF37</localFKIndex>
<keyObject>512544BE-015A-3F8A-F96A-C2351379D4CD</keyObject>
<mandatory>false</mandatory>
<transferable>true</transferable>
</FKIndexAssociation>