<?xml version = '1.0' encoding = 'UTF-8'?>
<Relation class="oracle.dbtools.crest.model.design.logical.Relation" name="lineas_pedidos_terminacion" id="318CFED6-3C11-7545-93F4-7A27DD239AD0" directorySegmentName="seg_0">
<createdBy>alumno</createdBy>
<createdTime>2012-11-20 19:04:02 UTC</createdTime>
<generatorID>Generado por el Usuario</generatorID>
<ownerDesignName>muebles</ownerDesignName>
<engineerTo>
<item key="E285BA65-A133-975A-16B7-05674F499368" value="true"/>
</engineerTo>
<identifying>false</identifying>
<optionalSource>true</optionalSource>
<optionalTarget>true</optionalTarget>
<sourceCardinality>1</sourceCardinality>
<sourceEntity>53CFBA8A-8204-D35D-3C0F-F7BF38E7D14C</sourceEntity>
<targetCardinalityString>*</targetCardinalityString>
<targetEntity>AFD3E280-6B11-0CC0-79A4-88117827E852</targetEntity>
<transferable>true</transferable>
</Relation>