<?xml version = '1.0' encoding = 'UTF-8'?>
<Relation class="oracle.dbtools.crest.model.design.logical.Relation" name="lineas_pedidos_mueble" id="6EF80AB7-916F-387E-27CF-42B18E752B82" directorySegmentName="seg_0">
<createdBy>alumno</createdBy>
<createdTime>2012-11-20 18:56:50 UTC</createdTime>
<generatorID>Generado por el Usuario</generatorID>
<ownerDesignName>muebles</ownerDesignName>
<engineerTo>
<item key="E285BA65-A133-975A-16B7-05674F499368" value="true"/>
</engineerTo>
<identifying>false</identifying>
<optionalSource>true</optionalSource>
<optionalTarget>true</optionalTarget>
<sourceCardinality>1</sourceCardinality>
<sourceEntity>A92B4E50-BAC8-545F-EA8F-1B346AFF342C</sourceEntity>
<targetCardinalityString>*</targetCardinalityString>
<targetEntity>AFD3E280-6B11-0CC0-79A4-88117827E852</targetEntity>
<transferable>true</transferable>
</Relation>