<?xml version = '1.0' encoding = 'UTF-8'?>
<Relation class="oracle.dbtools.crest.model.design.logical.Relation" name="coleccion_color" id="71F2457D-6DAA-FCB0-3BA2-61AE1FD521A3" directorySegmentName="seg_0">
<createdBy>alumno</createdBy>
<createdTime>2012-11-20 18:00:50 UTC</createdTime>
<generatorID>Generado por el Usuario</generatorID>
<ownerDesignName>muebles</ownerDesignName>
<engineerTo>
<item key="E285BA65-A133-975A-16B7-05674F499368" value="true"/>
</engineerTo>
<identifying>false</identifying>
<optionalSource>true</optionalSource>
<optionalTarget>true</optionalTarget>
<sourceCardinality>*</sourceCardinality>
<sourceEntity>C5A462C3-2FC0-66CB-2240-1AE170FDCAA4</sourceEntity>
<targetCardinalityString>1</targetCardinalityString>
<targetEntity>B7A70637-F9AC-43FD-204A-9AE67939A3C8</targetEntity>
<transferable>true</transferable>
</Relation>