<?xml version = '1.0' encoding = 'UTF-8'?>
<Relation class="oracle.dbtools.crest.model.design.logical.Relation" name="cliente_cabecera_pedidos" id="78E00641-036E-41AB-4D6D-EFF32D670447" directorySegmentName="seg_0">
<createdBy>alumno</createdBy>
<createdTime>2012-11-20 18:52:09 UTC</createdTime>
<generatorID>Generado por el Usuario</generatorID>
<ownerDesignName>muebles</ownerDesignName>
<engineerTo>
<item key="E285BA65-A133-975A-16B7-05674F499368" value="true"/>
</engineerTo>
<identifying>false</identifying>
<optionalSource>true</optionalSource>
<optionalTarget>true</optionalTarget>
<sourceCardinality>1</sourceCardinality>
<sourceEntity>95E41147-0302-7CB8-9B65-312EEE87FE75</sourceEntity>
<targetCardinalityString>*</targetCardinalityString>
<targetEntity>9F56375E-7CA6-EDB7-98C4-6151A0142E67</targetEntity>
<transferable>true</transferable>
</Relation>