<?xml version = '1.0' encoding = 'UTF-8'?>
<Relation class="oracle.dbtools.crest.model.design.logical.Relation" name="coleccion_terminacion" id="7EC028C8-6FF6-24A3-4531-9BC0FB23721A" directorySegmentName="seg_0">
<createdBy>alumno</createdBy>
<createdTime>2012-11-20 18:14:48 UTC</createdTime>
<generatorID>Generado por el Usuario</generatorID>
<ownerDesignName>muebles</ownerDesignName>
<engineerTo>
<item key="E285BA65-A133-975A-16B7-05674F499368" value="true"/>
</engineerTo>
<identifying>false</identifying>
<optionalSource>true</optionalSource>
<optionalTarget>true</optionalTarget>
<sourceCardinality>*</sourceCardinality>
<sourceEntity>C5A462C3-2FC0-66CB-2240-1AE170FDCAA4</sourceEntity>
<targetCardinalityString>1</targetCardinalityString>
<targetEntity>53CFBA8A-8204-D35D-3C0F-F7BF38E7D14C</targetEntity>
<transferable>true</transferable>
</Relation>