<?xml version = '1.0' encoding = 'UTF-8'?>
<Relation class="oracle.dbtools.crest.model.design.logical.Relation" name="mueble_coleccion" id="82146703-D965-40CA-6A14-AAACA1E3D640" directorySegmentName="seg_0">
<createdBy>alumno</createdBy>
<createdTime>2012-11-20 17:29:55 UTC</createdTime>
<generatorID>Generado por el Usuario</generatorID>
<ownerDesignName>muebles</ownerDesignName>
<engineerTo>
<item key="E285BA65-A133-975A-16B7-05674F499368" value="true"/>
</engineerTo>
<identifying>false</identifying>
<optionalSource>true</optionalSource>
<optionalTarget>false</optionalTarget>
<sourceCardinality>*</sourceCardinality>
<sourceEntity>A92B4E50-BAC8-545F-EA8F-1B346AFF342C</sourceEntity>
<targetCardinalityString>1</targetCardinalityString>
<targetEntity>C5A462C3-2FC0-66CB-2240-1AE170FDCAA4</targetEntity>
<transferable>true</transferable>
</Relation>