<?xml version = '1.0' encoding = 'UTF-8'?>
<Relation class="oracle.dbtools.crest.model.design.logical.Relation" name="lineas_pedidos_cristal" id="8CC8CFD5-F6D6-9B35-CD03-0D58D4AD54CA" directorySegmentName="seg_0">
<createdBy>alumno</createdBy>
<createdTime>2012-11-20 19:03:14 UTC</createdTime>
<generatorID>Generado por el Usuario</generatorID>
<ownerDesignName>muebles</ownerDesignName>
<engineerTo>
<item key="E285BA65-A133-975A-16B7-05674F499368" value="true"/>
</engineerTo>
<identifying>false</identifying>
<optionalSource>true</optionalSource>
<optionalTarget>true</optionalTarget>
<sourceCardinality>1</sourceCardinality>
<sourceEntity>39D6FCEF-148C-D067-C6F7-D0B3A813E3A6</sourceEntity>
<targetCardinalityString>*</targetCardinalityString>
<targetEntity>AFD3E280-6B11-0CC0-79A4-88117827E852</targetEntity>
<transferable>true</transferable>
</Relation>