<?xml version = '1.0' encoding = 'UTF-8'?>
<FKIndexAssociation class="oracle.dbtools.crest.model.design.relational.FKIndexAssociation" id="06572B14-07FD-3677-1E67-97C402BDB077" directorySegmentName="seg_0" name="TIENEv3">
<createdBy>David</createdBy>
<createdTime>2012-11-24 12:39:49 UTC</createdTime>
<generatorID>76C8904B-C1A9-E8F2-EEB4-6A91B322334C</generatorID>
<ownerDesignName>ejerDataModeler_David_Morera</ownerDesignName>
<containerWithKeyObject>19EE52DD-5EE2-BA95-E214-B780E3683BCE</containerWithKeyObject>
<deleteRule>RESTRICT</deleteRule>
<localFKIndex>DCF8DED6-9566-D327-DDB0-3C071B49EA83</localFKIndex>
<keyObject>C14CC1E3-B9A5-E749-1DCB-6863B15D74DD</keyObject>
<mandatory>false</mandatory>
<transferable>true</transferable>
</FKIndexAssociation>