<?xml version = '1.0' encoding = 'UTF-8'?>
<FKIndexAssociation class="oracle.dbtools.crest.model.design.relational.FKIndexAssociation" id="10A0B66C-EB70-AB00-C9CE-61AAFE74F30F" directorySegmentName="seg_0" name="ES DEv2">
<createdBy>David</createdBy>
<createdTime>2012-11-24 12:39:49 UTC</createdTime>
<generatorID>6475E819-9734-2C5E-B791-9E5B2E9D52B4</generatorID>
<ownerDesignName>ejerDataModeler_David_Morera</ownerDesignName>
<containerWithKeyObject>E0CA1A58-7394-8CD1-BCA9-550C339392A5</containerWithKeyObject>
<deleteRule>RESTRICT</deleteRule>
<localFKIndex>3E3D7D36-18E5-C79E-583B-9F024E869364</localFKIndex>
<keyObject>CB1E82B5-D709-D624-A1EB-BDF0BD937E0E</keyObject>
<mandatory>false</mandatory>
<transferable>true</transferable>
</FKIndexAssociation>