<?xml version = '1.0' encoding = 'UTF-8'?>
<FKIndexAssociation class="oracle.dbtools.crest.model.design.relational.FKIndexAssociation" id="178413A0-0BFF-EDE5-4132-521D07E6BFBD" directorySegmentName="seg_0" name="PERTENECE A">
<createdBy>David</createdBy>
<createdTime>2012-11-24 12:39:49 UTC</createdTime>
<generatorID>2A97E568-3B4E-9518-BFE9-D81D4917B4C2</generatorID>
<ownerDesignName>ejerDataModeler_David_Morera</ownerDesignName>
<containerWithKeyObject>E0CA1A58-7394-8CD1-BCA9-550C339392A5</containerWithKeyObject>
<deleteRule>RESTRICT</deleteRule>
<localFKIndex>81E09D81-9BFA-1537-9044-0279A8BC5054</localFKIndex>
<keyObject>B59CFB20-DC60-9B5A-8814-5854686CBD3E</keyObject>
<mandatory>false</mandatory>
<transferable>true</transferable>
</FKIndexAssociation>