<?xml version = '1.0' encoding = 'UTF-8'?>
<FKIndexAssociation class="oracle.dbtools.crest.model.design.relational.FKIndexAssociation" id="328D617D-2EFF-96A9-4E3E-869AD2B0B5BB" directorySegmentName="seg_0" name="TIENE">
<createdBy>David</createdBy>
<createdTime>2012-11-24 12:39:49 UTC</createdTime>
<generatorID>6DE5D2AB-749A-35C5-521F-E89F253934D2</generatorID>
<ownerDesignName>ejerDataModeler_David_Morera</ownerDesignName>
<containerWithKeyObject>19EE52DD-5EE2-BA95-E214-B780E3683BCE</containerWithKeyObject>
<deleteRule>RESTRICT</deleteRule>
<localFKIndex>2BFE8639-5670-73B4-16BF-315BD9B9D312</localFKIndex>
<keyObject>30AD8D29-4661-199E-4358-F19CF01791B9</keyObject>
<mandatory>false</mandatory>
<transferable>true</transferable>
</FKIndexAssociation>