<?xml version = '1.0' encoding = 'UTF-8'?>
<FKIndexAssociation class="oracle.dbtools.crest.model.design.relational.FKIndexAssociation" id="395ECC96-DE8C-F037-4452-474D9BE7BDEA" directorySegmentName="seg_0" name="ES DE">
<createdBy>David</createdBy>
<createdTime>2012-11-24 12:39:49 UTC</createdTime>
<generatorID>78EBF253-90CE-62AF-8A8C-C3FF301BE806</generatorID>
<ownerDesignName>ejerDataModeler_David_Morera</ownerDesignName>
<containerWithKeyObject>E0CA1A58-7394-8CD1-BCA9-550C339392A5</containerWithKeyObject>
<deleteRule>CASCADE</deleteRule>
<localFKIndex>E35F2691-23F5-E9E2-61D6-D9E243DE38B9</localFKIndex>
<keyObject>9ABB27DC-3667-F3AB-6E18-251E14AC2095</keyObject>
<mandatory>true</mandatory>
<transferable>true</transferable>
</FKIndexAssociation>