<?xml version = '1.0' encoding = 'UTF-8'?>
<FKIndexAssociation class="oracle.dbtools.crest.model.design.relational.FKIndexAssociation" id="449B74D9-574B-DCE5-5FE4-A750D4913803" directorySegmentName="seg_0" name="TIENE">
<createdBy>David</createdBy>
<createdTime>2012-11-24 12:39:49 UTC</createdTime>
<generatorID>D8C16D85-8595-D4DB-FCA9-E4757D525229</generatorID>
<ownerDesignName>ejerDataModeler_David_Morera</ownerDesignName>
<containerWithKeyObject>9D82FFDD-CE3B-C41F-5F6C-628341871156</containerWithKeyObject>
<deleteRule>CASCADE</deleteRule>
<localFKIndex>1937FD4A-D5C6-10D1-D64D-8AAD719BB6DC</localFKIndex>
<keyObject>11F9982A-6213-D995-67A7-60B2FF02A991</keyObject>
<mandatory>true</mandatory>
<transferable>true</transferable>
</FKIndexAssociation>