<?xml version = '1.0' encoding = 'UTF-8'?>
<FKIndexAssociation class="oracle.dbtools.crest.model.design.relational.FKIndexAssociation" id="556497EB-BB80-122D-BA40-F10FD5F86883" directorySegmentName="seg_0" name="FK_ASS_2">
<createdBy>David</createdBy>
<createdTime>2012-11-24 12:39:49 UTC</createdTime>
<generatorID>54E3E688-7CEA-32E3-8002-71FA60981773</generatorID>
<ownerDesignName>ejerDataModeler_David_Morera</ownerDesignName>
<containerWithKeyObject>0EAA4D85-BA63-B0E0-2720-DCCF4FED21FA</containerWithKeyObject>
<deleteRule>CASCADE</deleteRule>
<localFKIndex>FA84E6E8-39BE-57F4-0D14-FBC78CB37DFD</localFKIndex>
<keyObject>11F9982A-6213-D995-67A7-60B2FF02A991</keyObject>
<mandatory>true</mandatory>
<transferable>true</transferable>
</FKIndexAssociation>