<?xml version = '1.0' encoding = 'UTF-8'?>
<FKIndexAssociation class="oracle.dbtools.crest.model.design.relational.FKIndexAssociation" id="5A0CF6B9-0545-CBD5-DECB-9C197341FEAA" directorySegmentName="seg_0" name="TIENEv1">
<createdBy>David</createdBy>
<createdTime>2012-11-24 12:39:49 UTC</createdTime>
<generatorID>CB5E6D13-DD90-9C64-3D6C-39438164FE3D</generatorID>
<ownerDesignName>ejerDataModeler_David_Morera</ownerDesignName>
<containerWithKeyObject>19EE52DD-5EE2-BA95-E214-B780E3683BCE</containerWithKeyObject>
<deleteRule>RESTRICT</deleteRule>
<localFKIndex>17B04289-BB95-AD63-F320-8C2D0469CE8C</localFKIndex>
<keyObject>3788AD25-7DD3-9573-785E-047D319E528E</keyObject>
<mandatory>false</mandatory>
<transferable>true</transferable>
</FKIndexAssociation>