<?xml version = '1.0' encoding = 'UTF-8'?>
<FKIndexAssociation class="oracle.dbtools.crest.model.design.relational.FKIndexAssociation" id="7C477830-7A45-D604-2C69-B922C9E47B2E" directorySegmentName="seg_0" name="FK_ASS_1">
<createdBy>David</createdBy>
<createdTime>2012-11-24 12:39:49 UTC</createdTime>
<generatorID>54E3E688-7CEA-32E3-8002-71FA60981773</generatorID>
<ownerDesignName>ejerDataModeler_David_Morera</ownerDesignName>
<containerWithKeyObject>0EAA4D85-BA63-B0E0-2720-DCCF4FED21FA</containerWithKeyObject>
<deleteRule>CASCADE</deleteRule>
<localFKIndex>18714110-1A9C-2D1C-89F1-EFBA94D8F339</localFKIndex>
<keyObject>3788AD25-7DD3-9573-785E-047D319E528E</keyObject>
<mandatory>true</mandatory>
<transferable>true</transferable>
</FKIndexAssociation>