<?xml version = '1.0' encoding = 'UTF-8'?>
<FKIndexAssociation class="oracle.dbtools.crest.model.design.relational.FKIndexAssociation" id="7D61EE1E-B770-B810-49E1-A6226F0D3AD7" directorySegmentName="seg_0" name="PERTENECE">
<createdBy>David</createdBy>
<createdTime>2012-11-24 12:39:49 UTC</createdTime>
<generatorID>C985EAD2-92E2-F0CC-A535-9FC389DCF9E4</generatorID>
<ownerDesignName>ejerDataModeler_David_Morera</ownerDesignName>
<containerWithKeyObject>19EE52DD-5EE2-BA95-E214-B780E3683BCE</containerWithKeyObject>
<deleteRule>RESTRICT</deleteRule>
<localFKIndex>06B13F9B-556A-8FC9-60D2-234CEC8FF045</localFKIndex>
<keyObject>D1914F72-5A32-A3B4-D6C4-731620E052C0</keyObject>
<mandatory>false</mandatory>
<transferable>true</transferable>
</FKIndexAssociation>