<?xml version = '1.0' encoding = 'UTF-8'?>
<FKIndexAssociation class="oracle.dbtools.crest.model.design.relational.FKIndexAssociation" id="905344C2-6EA1-EE59-0CE2-18A5BE2D1F03" directorySegmentName="seg_0" name="FK_ASS_9">
<createdBy>David</createdBy>
<createdTime>2012-11-24 12:39:49 UTC</createdTime>
<generatorID>E7440B67-FF2C-9789-01D2-4EE233C1F165</generatorID>
<ownerDesignName>ejerDataModeler_David_Morera</ownerDesignName>
<containerWithKeyObject>A2A0E8C9-DAC5-0DFF-3FCB-3F28F2B05B34</containerWithKeyObject>
<deleteRule>CASCADE</deleteRule>
<localFKIndex>2535412D-F7FD-246D-9E61-67FA442EF81F</localFKIndex>
<keyObject>C14CC1E3-B9A5-E749-1DCB-6863B15D74DD</keyObject>
<mandatory>true</mandatory>
<transferable>true</transferable>
</FKIndexAssociation>