<?xml version = '1.0' encoding = 'UTF-8'?>
<FKIndexAssociation class="oracle.dbtools.crest.model.design.relational.FKIndexAssociation" id="ABBC17BB-3A58-A1F0-82BF-5564A512F605" directorySegmentName="seg_0" name="GENERA">
<createdBy>David</createdBy>
<createdTime>2012-11-24 12:39:49 UTC</createdTime>
<generatorID>363065F1-1F3E-1050-0CFF-3B71E7BB8EA8</generatorID>
<ownerDesignName>ejerDataModeler_David_Morera</ownerDesignName>
<containerWithKeyObject>19EE52DD-5EE2-BA95-E214-B780E3683BCE</containerWithKeyObject>
<deleteRule>CASCADE</deleteRule>
<localFKIndex>54F3FAB1-79D1-E33D-C270-9CC7F01835DE</localFKIndex>
<keyObject>0E1C5490-6AB8-4687-36BE-7322C8828B5A</keyObject>
<mandatory>true</mandatory>
<transferable>true</transferable>
</FKIndexAssociation>