<?xml version = '1.0' encoding = 'UTF-8'?>
<FKIndexAssociation class="oracle.dbtools.crest.model.design.relational.FKIndexAssociation" id="B308FAC8-2C7F-D661-9B51-F65375F75E0C" directorySegmentName="seg_0" name="FK_ASS_8">
<createdBy>David</createdBy>
<createdTime>2012-11-24 12:39:49 UTC</createdTime>
<generatorID>E7440B67-FF2C-9789-01D2-4EE233C1F165</generatorID>
<ownerDesignName>ejerDataModeler_David_Morera</ownerDesignName>
<containerWithKeyObject>A2A0E8C9-DAC5-0DFF-3FCB-3F28F2B05B34</containerWithKeyObject>
<deleteRule>CASCADE</deleteRule>
<localFKIndex>4E8DEB1C-2BAA-2C68-157F-04F7C1DEBC93</localFKIndex>
<keyObject>11F9982A-6213-D995-67A7-60B2FF02A991</keyObject>
<mandatory>true</mandatory>
<transferable>true</transferable>
</FKIndexAssociation>