<?xml version = '1.0' encoding = 'UTF-8'?>
<FKIndexAssociation class="oracle.dbtools.crest.model.design.relational.FKIndexAssociation" id="BD0318E8-C3B9-EEE1-6BF9-C16D3FC94D25" directorySegmentName="seg_0" name="CONTIENE">
<createdBy>David</createdBy>
<createdTime>2012-11-24 12:39:49 UTC</createdTime>
<generatorID>A07CB5D3-C53B-8454-BEF2-372CD76AF65A</generatorID>
<ownerDesignName>ejerDataModeler_David_Morera</ownerDesignName>
<containerWithKeyObject>E0CA1A58-7394-8CD1-BCA9-550C339392A5</containerWithKeyObject>
<deleteRule>CASCADE</deleteRule>
<localFKIndex>8EFA8265-7EEF-E77E-6FC6-94BB3E8E4A35</localFKIndex>
<keyObject>11F9982A-6213-D995-67A7-60B2FF02A991</keyObject>
<mandatory>true</mandatory>
<transferable>true</transferable>
</FKIndexAssociation>