<?xml version = '1.0' encoding = 'UTF-8'?>
<FKIndexAssociation class="oracle.dbtools.crest.model.design.relational.FKIndexAssociation" id="FBB291EF-6930-FDE4-F365-3990E150FFE1" directorySegmentName="seg_0" name="HACE">
<createdBy>David</createdBy>
<createdTime>2012-11-24 12:39:49 UTC</createdTime>
<generatorID>2227568A-7D3F-072A-E51C-3A308821C5E8</generatorID>
<ownerDesignName>ejerDataModeler_David_Morera</ownerDesignName>
<containerWithKeyObject>45098968-DD3B-064F-A851-53FF5179BEC8</containerWithKeyObject>
<deleteRule>CASCADE</deleteRule>
<localFKIndex>42709C4D-1DD9-DBB4-4E59-4C4CE14DCAA6</localFKIndex>
<keyObject>C22DFE19-6FD8-05B6-EBE6-852DD987376E</keyObject>
<mandatory>true</mandatory>
<transferable>true</transferable>
</FKIndexAssociation>