<?xml version = '1.0' encoding = 'UTF-8'?>
<Relation class="oracle.dbtools.crest.model.design.logical.Relation" name="pertenece" id="02BFFBC4-7EE6-44E7-615D-C3AEAFE7A275" directorySegmentName="seg_0">
<createdBy>alumno</createdBy>
<createdTime>2012-10-17 20:40:08 UTC</createdTime>
<generatorID>Generado por el Usuario</generatorID>
<ownerDesignName>Muebles</ownerDesignName>
<engineerTo>
<item key="1B7894CA-33C8-47D7-243F-0E9653CEA5D3" value="true"/>
</engineerTo>
<identifying>false</identifying>
<optionalSource>false</optionalSource>
<optionalTarget>false</optionalTarget>
<sourceCardinality>*</sourceCardinality>
<sourceEntity>87BA8ED4-6A52-185B-ED23-671D277EED9B</sourceEntity>
<targetCardinalityString>*</targetCardinalityString>
<targetEntity>1C45FAAC-746D-D172-B8A6-CD9BA4251B94</targetEntity>
<transferable>true</transferable>
</Relation>