<?xml version = '1.0' encoding = 'UTF-8'?>
<Relation class="oracle.dbtools.crest.model.design.logical.Relation" name="solicita" id="10B788CC-1E44-D7D4-6F5C-F513D481334C" directorySegmentName="seg_0">
<createdBy>alumno</createdBy>
<createdTime>2012-10-17 20:42:56 UTC</createdTime>
<generatorID>Generado por el Usuario</generatorID>
<ownerDesignName>Muebles</ownerDesignName>
<engineerTo>
<item key="1B7894CA-33C8-47D7-243F-0E9653CEA5D3" value="true"/>
</engineerTo>
<identifying>false</identifying>
<optionalSource>true</optionalSource>
<optionalTarget>false</optionalTarget>
<sourceCardinality>*</sourceCardinality>
<sourceEntity>F35C90D1-199E-7319-0708-B58E17D83D78</sourceEntity>
<targetCardinalityString>1</targetCardinalityString>
<targetEntity>87BA8ED4-6A52-185B-ED23-671D277EED9B</targetEntity>
<transferable>true</transferable>
</Relation>