<?xml version = '1.0' encoding = 'UTF-8'?>
<Relation class="oracle.dbtools.crest.model.design.logical.Relation" name="tiene" id="29815943-898B-7C97-3FBF-D31F8B859A95" directorySegmentName="seg_0">
<createdBy>alumno</createdBy>
<createdTime>2012-10-17 20:47:50 UTC</createdTime>
<generatorID>Generado por el Usuario</generatorID>
<ownerDesignName>Muebles</ownerDesignName>
<engineerTo>
<item key="1B7894CA-33C8-47D7-243F-0E9653CEA5D3" value="true"/>
</engineerTo>
<identifying>false</identifying>
<optionalSource>true</optionalSource>
<optionalTarget>true</optionalTarget>
<sourceCardinality>1</sourceCardinality>
<sourceEntity>4540D840-50F8-AFFA-7162-F13E1F64FCB2</sourceEntity>
<targetCardinalityString>*</targetCardinalityString>
<targetEntity>F35C90D1-199E-7319-0708-B58E17D83D78</targetEntity>
<transferable>true</transferable>
</Relation>