<?xml version = '1.0' encoding = 'UTF-8'?>
<Relation class="oracle.dbtools.crest.model.design.logical.Relation" name="elige" id="5C9D8E0F-7517-8801-B894-7C9C33B70347" directorySegmentName="seg_0">
<createdBy>alumno</createdBy>
<createdTime>2012-10-17 20:45:08 UTC</createdTime>
<generatorID>Generado por el Usuario</generatorID>
<ownerDesignName>Muebles</ownerDesignName>
<engineerTo>
<item key="1B7894CA-33C8-47D7-243F-0E9653CEA5D3" value="true"/>
</engineerTo>
<identifying>false</identifying>
<optionalSource>true</optionalSource>
<optionalTarget>false</optionalTarget>
<sourceCardinality>*</sourceCardinality>
<sourceEntity>F35C90D1-199E-7319-0708-B58E17D83D78</sourceEntity>
<targetCardinalityString>1</targetCardinalityString>
<targetEntity>5B06961F-1051-967A-4239-42367AB27EC9</targetEntity>
<transferable>true</transferable>
</Relation>