<?xml version = '1.0' encoding = 'UTF-8'?>
<Relation class="oracle.dbtools.crest.model.design.logical.Relation" name="realiza" id="6BD86744-A16A-2AD3-325F-E8ECBAA2C83C" directorySegmentName="seg_0">
<createdBy>alumno</createdBy>
<createdTime>2012-10-17 22:00:32 UTC</createdTime>
<generatorID>Generado por el Usuario</generatorID>
<ownerDesignName>Muebles</ownerDesignName>
<engineerTo>
<item key="1B7894CA-33C8-47D7-243F-0E9653CEA5D3" value="true"/>
</engineerTo>
<identifying>false</identifying>
<optionalSource>false</optionalSource>
<optionalTarget>true</optionalTarget>
<sourceCardinality>1</sourceCardinality>
<sourceEntity>64C243DA-3A13-6B2F-41E7-98BBA321B963</sourceEntity>
<targetCardinalityString>*</targetCardinalityString>
<targetEntity>4540D840-50F8-AFFA-7162-F13E1F64FCB2</targetEntity>
<transferable>true</transferable>
</Relation>