<?xml version = '1.0' encoding = 'UTF-8'?>
<Relation class="oracle.dbtools.crest.model.design.logical.Relation" name="tiene" id="94E470BB-3A09-47D1-3E60-C24459C33611" directorySegmentName="seg_0">
<createdBy>alumno</createdBy>
<createdTime>2012-10-17 20:36:45 UTC</createdTime>
<generatorID>Generado por el Usuario</generatorID>
<ownerDesignName>Muebles</ownerDesignName>
<engineerTo>
<item key="1B7894CA-33C8-47D7-243F-0E9653CEA5D3" value="true"/>
</engineerTo>
<identifying>false</identifying>
<optionalSource>false</optionalSource>
<optionalTarget>false</optionalTarget>
<sourceCardinality>*</sourceCardinality>
<sourceEntity>127A0400-1E15-2E80-9B5D-5252883F5C02</sourceEntity>
<targetCardinalityString>*</targetCardinalityString>
<targetEntity>5B06961F-1051-967A-4239-42367AB27EC9</targetEntity>
<transferable>true</transferable>
</Relation>