<?xml version = '1.0' encoding = 'UTF-8'?>
<Relation class="oracle.dbtools.crest.model.design.logical.Relation" name="tiene" id="B9077B96-1EDA-D592-A421-0C4ACCF009D3" directorySegmentName="seg_0">
<createdBy>alumno</createdBy>
<createdTime>2012-10-17 20:36:21 UTC</createdTime>
<generatorID>Generado por el Usuario</generatorID>
<ownerDesignName>Muebles</ownerDesignName>
<engineerTo>
<item key="1B7894CA-33C8-47D7-243F-0E9653CEA5D3" value="true"/>
</engineerTo>
<identifying>false</identifying>
<optionalSource>false</optionalSource>
<optionalTarget>false</optionalTarget>
<sourceCardinality>*</sourceCardinality>
<sourceEntity>127A0400-1E15-2E80-9B5D-5252883F5C02</sourceEntity>
<targetCardinalityString>*</targetCardinalityString>
<targetEntity>55FC093F-9BE0-1382-C504-EFC06FFE201E</targetEntity>
<transferable>true</transferable>
</Relation>