<?xml version = '1.0' encoding = 'UTF-8'?>
<Relation class="oracle.dbtools.crest.model.design.logical.Relation" name="tiene" id="C251F7E5-1E90-95DE-C786-E1ABCB66F02A" directorySegmentName="seg_0">
<createdBy>alumno</createdBy>
<createdTime>2012-10-17 20:37:03 UTC</createdTime>
<generatorID>Generado por el Usuario</generatorID>
<ownerDesignName>Muebles</ownerDesignName>
<engineerTo>
<item key="1B7894CA-33C8-47D7-243F-0E9653CEA5D3" value="true"/>
</engineerTo>
<identifying>false</identifying>
<optionalSource>false</optionalSource>
<optionalTarget>false</optionalTarget>
<sourceCardinality>*</sourceCardinality>
<sourceEntity>127A0400-1E15-2E80-9B5D-5252883F5C02</sourceEntity>
<targetCardinalityString>*</targetCardinalityString>
<targetEntity>339C7980-28AF-7F26-BFAB-47B2EF178F65</targetEntity>
<transferable>true</transferable>
</Relation>