<?xml version = '1.0' encoding = 'UTF-8'?>
<Relation class="oracle.dbtools.crest.model.design.logical.Relation" name="elige" id="C8064ACA-7957-425D-F66C-FDF8F3A7B934" directorySegmentName="seg_0">
<createdBy>alumno</createdBy>
<createdTime>2012-10-17 20:46:23 UTC</createdTime>
<generatorID>Generado por el Usuario</generatorID>
<ownerDesignName>Muebles</ownerDesignName>
<engineerTo>
<item key="1B7894CA-33C8-47D7-243F-0E9653CEA5D3" value="true"/>
</engineerTo>
<identifying>false</identifying>
<optionalSource>true</optionalSource>
<optionalTarget>false</optionalTarget>
<sourceCardinality>*</sourceCardinality>
<sourceEntity>F35C90D1-199E-7319-0708-B58E17D83D78</sourceEntity>
<targetCardinalityString>1</targetCardinalityString>
<targetEntity>55FC093F-9BE0-1382-C504-EFC06FFE201E</targetEntity>
<transferable>true</transferable>
</Relation>