<?xml version = '1.0' encoding = 'UTF-8'?>
<Relation class="oracle.dbtools.crest.model.design.logical.Relation" name="es_de" id="F3B6F0C2-91DB-5877-1EDB-9EC78B2ACAF2" directorySegmentName="seg_0">
<createdBy>alumno</createdBy>
<createdTime>2012-10-17 20:22:49 UTC</createdTime>
<generatorID>Generado por el Usuario</generatorID>
<ownerDesignName>Muebles</ownerDesignName>
<engineerTo>
<item key="1B7894CA-33C8-47D7-243F-0E9653CEA5D3" value="true"/>
</engineerTo>
<identifying>false</identifying>
<optionalSource>false</optionalSource>
<optionalTarget>false</optionalTarget>
<sourceCardinality>*</sourceCardinality>
<sourceEntity>87BA8ED4-6A52-185B-ED23-671D277EED9B</sourceEntity>
<targetCardinalityString>1</targetCardinalityString>
<targetEntity>127A0400-1E15-2E80-9B5D-5252883F5C02</targetEntity>
<transferable>true</transferable>
</Relation>