<?xml version = '1.0' encoding = 'UTF-8'?>
<Table class="oracle.dbtools.crest.model.design.relational.Table" id="1224FD7D-8562-026B-89E0-0E1ED607DCD8" directorySegmentName="seg_0" name="con un">
<createdBy>Administrator</createdBy>
<createdTime>2012-11-24 18:02:18 UTC</createdTime>
<ownerDesignName>Muebles3</ownerDesignName>
<pkName>con un__IDX</pkName>
<fonts>
<FontObject class="oracle.dbtools.crest.model.design.FontObjectWr">
<foType>Title</foType>
<fontStyle>1</fontStyle>
<colorRGB>-16776961</colorRGB>
</FontObject>
<FontObject class="oracle.dbtools.crest.model.design.FontObjectWr">
<foType>Column</foType>
<colorRGB>-16777216</colorRGB>
</FontObject>
<FontObject class="oracle.dbtools.crest.model.design.FontObjectWr">
<foType>Datatype</foType>
<colorRGB>-16744448</colorRGB>
</FontObject>
<FontObject class="oracle.dbtools.crest.model.design.FontObjectWr">
<foType>PK Element</foType>
<colorRGB>-16776961</colorRGB>
</FontObject>
<FontObject class="oracle.dbtools.crest.model.design.FontObjectWr">
<foType>FK Element</foType>
<colorRGB>-16777216</colorRGB>
</FontObject>
<FontObject class="oracle.dbtools.crest.model.design.FontObjectWr">
<foType>UK Element</foType>
<colorRGB>-16776961</colorRGB>
</FontObject>
<FontObject class="oracle.dbtools.crest.model.design.FontObjectWr">
<foType>Not Null</foType>
<colorRGB>-65536</colorRGB>
</FontObject>
<FontObject class="oracle.dbtools.crest.model.design.FontObjectWr">
<foType>Key</foType>
<colorRGB>-16777216</colorRGB>
</FontObject>
</fonts>
<columns>
<Column class="oracle.dbtools.crest.model.design.relational.Column" name="Mueble_id_mueble" id="E09AA9F8-5D1A-DA1C-B2A6-4C0968107273">
<createdBy>Administrator</createdBy>
<createdTime>2012-11-24 18:02:18 UTC</createdTime>
<ownerDesignName>Muebles3</ownerDesignName>
<useDomainConstraints>false</useDomainConstraints>
<use>1</use>
<logicalDatatype>LOGDT024</logicalDatatype>
<delegate>FA8DCF74-3FE7-9A66-97B5-1A3339CEF270</delegate>
<previousColumn>false</previousColumn>
<autoIncrementCycle>false</autoIncrementCycle>
<associations>
<colAssociation fkAssociation="93D206A9-85A8-BBB8-6DF5-77F91D33B6C9" referredColumn="FA8DCF74-3FE7-9A66-97B5-1A3339CEF270"/>
</associations>
</Column>
<Column class="oracle.dbtools.crest.model.design.relational.Column" name="Linea pedido_id_linea_pedido" id="960FE0C4-A330-1554-90AF-144AEC6E9E54">
<createdBy>Administrator</createdBy>
<createdTime>2012-11-24 18:34:57 UTC</createdTime>
<ownerDesignName>Muebles3</ownerDesignName>
<useDomainConstraints>false</useDomainConstraints>
<use>1</use>
<logicalDatatype>LOGDT011</logicalDatatype>
<delegate>B9ECB699-AE9B-132C-6B66-293C26BE8541</delegate>
<previousColumn>false</previousColumn>
<autoIncrementCycle>false</autoIncrementCycle>
<associations>
<colAssociation fkAssociation="54AE5B23-510A-C8C6-77C1-111D6D493BCA" referredColumn="B9ECB699-AE9B-132C-6B66-293C26BE8541"/>
</associations>
</Column>
</columns>
<indexes>
<ind_PK_UK class="oracle.dbtools.crest.model.design.relational.Index" id="52C446D8-B331-CB77-7039-7AACBE816B25" name="con un__IDX">
<createdBy>Administrator</createdBy>
<createdTime>2012-11-24 18:02:18 UTC</createdTime>
<ownerDesignName>Muebles3</ownerDesignName>
<pk>true</pk>
<indexState>Primary Constraint</indexState>
<indexColumnUsage>
<colUsage columnID="E09AA9F8-5D1A-DA1C-B2A6-4C0968107273"/>
</indexColumnUsage>
</ind_PK_UK>
<ind_PK_UK class="oracle.dbtools.crest.model.design.relational.Index" id="B46CDA6C-C5A1-A4EB-4C4F-67C74F017F9E" name="FK_ASS_10">
<createdBy>Administrator</createdBy>
<createdTime>2012-11-24 18:02:18 UTC</createdTime>
<generatorID>3EA07DAE-4C7E-9AD3-947E-8D1809E02CDC</generatorID>
<ownerDesignName>Muebles3</ownerDesignName>
<indexState>Foreign Key</indexState>
<indexColumnUsage>
<colUsage columnID="960FE0C4-A330-1554-90AF-144AEC6E9E54"/>
</indexColumnUsage>
</ind_PK_UK>
<ind_PK_UK class="oracle.dbtools.crest.model.design.relational.Index" id="D44001C8-5F17-2013-E4E4-918B384E9E50" name="FK_ASS_11">
<createdBy>Administrator</createdBy>
<createdTime>2012-11-24 18:02:18 UTC</createdTime>
<generatorID>3EA07DAE-4C7E-9AD3-947E-8D1809E02CDC</generatorID>
<ownerDesignName>Muebles3</ownerDesignName>
<indexState>Foreign Key</indexState>
<indexColumnUsage>
<colUsage columnID="E09AA9F8-5D1A-DA1C-B2A6-4C0968107273"/>
</indexColumnUsage>
</ind_PK_UK>
</indexes>
</Table>