<?xml version = '1.0' encoding = 'UTF-8'?>
<Table class="oracle.dbtools.crest.model.design.relational.Table" id="2227AAE6-66E3-EDA8-CC1E-4E2A7E3C1638" directorySegmentName="seg_0" name="Pedido">
<createdBy>Administrator</createdBy>
<createdTime>2012-11-24 18:02:18 UTC</createdTime>
<generatorID>02742C80-820C-C8D2-AEAE-3A87245EFE8B</generatorID>
<ownerDesignName>Muebles3</ownerDesignName>
<pkName>Pedido PK</pkName>
<fonts>
<FontObject class="oracle.dbtools.crest.model.design.FontObjectWr">
<foType>Title</foType>
<fontStyle>1</fontStyle>
<colorRGB>-16776961</colorRGB>
</FontObject>
<FontObject class="oracle.dbtools.crest.model.design.FontObjectWr">
<foType>Column</foType>
<colorRGB>-16777216</colorRGB>
</FontObject>
<FontObject class="oracle.dbtools.crest.model.design.FontObjectWr">
<foType>Datatype</foType>
<colorRGB>-16744448</colorRGB>
</FontObject>
<FontObject class="oracle.dbtools.crest.model.design.FontObjectWr">
<foType>PK Element</foType>
<colorRGB>-16776961</colorRGB>
</FontObject>
<FontObject class="oracle.dbtools.crest.model.design.FontObjectWr">
<foType>FK Element</foType>
<colorRGB>-16777216</colorRGB>
</FontObject>
<FontObject class="oracle.dbtools.crest.model.design.FontObjectWr">
<foType>UK Element</foType>
<colorRGB>-16776961</colorRGB>
</FontObject>
<FontObject class="oracle.dbtools.crest.model.design.FontObjectWr">
<foType>Not Null</foType>
<colorRGB>-65536</colorRGB>
</FontObject>
<FontObject class="oracle.dbtools.crest.model.design.FontObjectWr">
<foType>Key</foType>
<colorRGB>-16777216</colorRGB>
</FontObject>
</fonts>
<columns>
<Column class="oracle.dbtools.crest.model.design.relational.Column" name="id_pedido" id="177B5E77-F648-5526-B05C-985E37B5455C">
<createdBy>Administrator</createdBy>
<createdTime>2012-11-24 18:02:18 UTC</createdTime>
<generatorID>EEF6D33A-C809-AF4E-E9BC-E4CAA56C3182</generatorID>
<ownerDesignName>Muebles3</ownerDesignName>
<useDomainConstraints>false</useDomainConstraints>
<use>1</use>
<logicalDatatype>LOGDT011</logicalDatatype>
<previousColumn>false</previousColumn>
<autoIncrementCycle>false</autoIncrementCycle>
</Column>
<Column class="oracle.dbtools.crest.model.design.relational.Column" name="id_usuario" id="8AADC9AD-0757-CBC4-2D2B-84B10071F11B">
<createdBy>Administrator</createdBy>
<createdTime>2012-11-24 18:02:18 UTC</createdTime>
<generatorID>0153295E-7ECF-3A2E-C7C9-D3032EEB85AA</generatorID>
<ownerDesignName>Muebles3</ownerDesignName>
<nullsAllowed>true</nullsAllowed>
<useDomainConstraints>false</useDomainConstraints>
<use>1</use>
<logicalDatatype>LOGDT011</logicalDatatype>
<delegate>1B1E4A4F-CFB9-9E4D-9C35-00ADCA8D4560</delegate>
<previousColumn>false</previousColumn>
<autoIncrementCycle>false</autoIncrementCycle>
<associations>
<colAssociation fkAssociation="2AF97545-AF85-9426-B0B0-DE3796B7DFAE" referredColumn="1B1E4A4F-CFB9-9E4D-9C35-00ADCA8D4560"/>
</associations>
</Column>
</columns>
<indexes>
<ind_PK_UK class="oracle.dbtools.crest.model.design.relational.Index" id="F5873AE2-FD8C-F63C-0194-BE5D5C5896D8" name="Pedido PK">
<createdBy>Administrator</createdBy>
<createdTime>2012-11-24 18:02:18 UTC</createdTime>
<generatorID>466C1CF0-6945-7F53-A610-E9B11E57453C</generatorID>
<ownerDesignName>Muebles3</ownerDesignName>
<pk>true</pk>
<indexState>Primary Constraint</indexState>
<indexColumnUsage>
<colUsage columnID="177B5E77-F648-5526-B05C-985E37B5455C"/>
</indexColumnUsage>
</ind_PK_UK>
<ind_PK_UK class="oracle.dbtools.crest.model.design.relational.Index" id="40716923-4663-D95B-9863-08E9BBE9414E" name="Puede">
<createdBy>Administrator</createdBy>
<createdTime>2012-11-24 18:02:18 UTC</createdTime>
<generatorID>371EAE17-6066-3F2E-5C05-4B069C48F132</generatorID>
<ownerDesignName>Muebles3</ownerDesignName>
<indexState>Foreign Key</indexState>
<indexColumnUsage>
<colUsage columnID="8AADC9AD-0757-CBC4-2D2B-84B10071F11B"/>
</indexColumnUsage>
</ind_PK_UK>
</indexes>
</Table>