<?xml version = '1.0' encoding = 'UTF-8'?>
<Table class="oracle.dbtools.crest.model.design.relational.Table" id="4595D4C2-D958-FD6C-F1E2-8CA1B816FC6B" directorySegmentName="seg_0" name="Linea pedido">
<createdBy>Administrator</createdBy>
<createdTime>2012-11-24 18:02:18 UTC</createdTime>
<generatorID>E079E988-10B2-EF91-D23A-55CDB339F4F0</generatorID>
<ownerDesignName>Muebles3</ownerDesignName>
<pkName>Linea pedido PK</pkName>
<fonts>
<FontObject class="oracle.dbtools.crest.model.design.FontObjectWr">
<foType>Title</foType>
<fontStyle>1</fontStyle>
<colorRGB>-16776961</colorRGB>
</FontObject>
<FontObject class="oracle.dbtools.crest.model.design.FontObjectWr">
<foType>Column</foType>
<colorRGB>-16777216</colorRGB>
</FontObject>
<FontObject class="oracle.dbtools.crest.model.design.FontObjectWr">
<foType>Datatype</foType>
<colorRGB>-16744448</colorRGB>
</FontObject>
<FontObject class="oracle.dbtools.crest.model.design.FontObjectWr">
<foType>PK Element</foType>
<colorRGB>-16776961</colorRGB>
</FontObject>
<FontObject class="oracle.dbtools.crest.model.design.FontObjectWr">
<foType>FK Element</foType>
<colorRGB>-16777216</colorRGB>
</FontObject>
<FontObject class="oracle.dbtools.crest.model.design.FontObjectWr">
<foType>UK Element</foType>
<colorRGB>-16776961</colorRGB>
</FontObject>
<FontObject class="oracle.dbtools.crest.model.design.FontObjectWr">
<foType>Not Null</foType>
<colorRGB>-65536</colorRGB>
</FontObject>
<FontObject class="oracle.dbtools.crest.model.design.FontObjectWr">
<foType>Key</foType>
<colorRGB>-16777216</colorRGB>
</FontObject>
</fonts>
<columns>
<Column class="oracle.dbtools.crest.model.design.relational.Column" name="cant_pedido" id="7A3E1E8C-8CD4-67E8-C6E4-9C890514F7BB">
<createdBy>Administrator</createdBy>
<createdTime>2012-11-24 18:02:18 UTC</createdTime>
<generatorID>B5E72183-F3AA-F829-2967-936BE97BF6AD</generatorID>
<ownerDesignName>Muebles3</ownerDesignName>
<nullsAllowed>true</nullsAllowed>
<useDomainConstraints>false</useDomainConstraints>
<use>1</use>
<logicalDatatype>LOGDT011</logicalDatatype>
<previousColumn>false</previousColumn>
<autoIncrementCycle>false</autoIncrementCycle>
</Column>
<Column class="oracle.dbtools.crest.model.design.relational.Column" name="id_pedido" id="EED102FC-2957-90E0-7A06-9597D2128E29">
<createdBy>Administrator</createdBy>
<createdTime>2012-11-24 18:02:18 UTC</createdTime>
<generatorID>468A2EF6-AB17-8340-30DB-6B2AEDF8F2F7</generatorID>
<ownerDesignName>Muebles3</ownerDesignName>
<nullsAllowed>true</nullsAllowed>
<useDomainConstraints>false</useDomainConstraints>
<use>1</use>
<logicalDatatype>LOGDT011</logicalDatatype>
<delegate>177B5E77-F648-5526-B05C-985E37B5455C</delegate>
<previousColumn>false</previousColumn>
<autoIncrementCycle>false</autoIncrementCycle>
<associations>
<colAssociation fkAssociation="DA5CF787-3568-EE75-983F-0680922B04CC" referredColumn="177B5E77-F648-5526-B05C-985E37B5455C"/>
</associations>
</Column>
<Column class="oracle.dbtools.crest.model.design.relational.Column" name="id_linea_pedido" id="B9ECB699-AE9B-132C-6B66-293C26BE8541">
<createdBy>Administrator</createdBy>
<createdTime>2012-11-24 18:34:57 UTC</createdTime>
<ownerDesignName>Muebles3</ownerDesignName>
<useDomainConstraints>false</useDomainConstraints>
<use>1</use>
<logicalDatatype>LOGDT011</logicalDatatype>
<autoIncrementCycle>false</autoIncrementCycle>
</Column>
</columns>
<indexes>
<ind_PK_UK class="oracle.dbtools.crest.model.design.relational.Index" id="136537F3-A5EA-D2DE-C36D-5BAF515743D3" name="Linea pedido PK">
<createdBy>Administrator</createdBy>
<createdTime>2012-11-24 18:02:18 UTC</createdTime>
<generatorID>0747BBFF-AF11-6256-F892-9604C06A7D4B</generatorID>
<ownerDesignName>Muebles3</ownerDesignName>
<pk>true</pk>
<indexState>Primary Constraint</indexState>
<indexColumnUsage>
<colUsage columnID="B9ECB699-AE9B-132C-6B66-293C26BE8541"/>
</indexColumnUsage>
</ind_PK_UK>
<ind_PK_UK class="oracle.dbtools.crest.model.design.relational.Index" id="994599B5-FB5A-B813-6995-D0F8FDC1C2C4" name="Pasa a">
<createdBy>Administrator</createdBy>
<createdTime>2012-11-24 18:02:18 UTC</createdTime>
<generatorID>78DB8F05-1F10-6D9E-C6C8-1902C79F82F5</generatorID>
<ownerDesignName>Muebles3</ownerDesignName>
<indexState>Foreign Key</indexState>
<indexColumnUsage>
<colUsage columnID="EED102FC-2957-90E0-7A06-9597D2128E29"/>
</indexColumnUsage>
</ind_PK_UK>
</indexes>
</Table>