<?xml version = '1.0' encoding = 'UTF-8'?>
<Table class="oracle.dbtools.crest.model.design.relational.Table" id="46EA7406-4C6E-8998-3CC0-FF972B457B3A" directorySegmentName="seg_0" name="Contiene">
<createdBy>Administrator</createdBy>
<createdTime>2012-11-24 18:02:18 UTC</createdTime>
<ownerDesignName>Muebles3</ownerDesignName>
<pkName>Contiene__IDX</pkName>
<fonts>
<FontObject class="oracle.dbtools.crest.model.design.FontObjectWr">
<foType>Title</foType>
<fontStyle>1</fontStyle>
<colorRGB>-16776961</colorRGB>
</FontObject>
<FontObject class="oracle.dbtools.crest.model.design.FontObjectWr">
<foType>Column</foType>
<colorRGB>-16777216</colorRGB>
</FontObject>
<FontObject class="oracle.dbtools.crest.model.design.FontObjectWr">
<foType>Datatype</foType>
<colorRGB>-16744448</colorRGB>
</FontObject>
<FontObject class="oracle.dbtools.crest.model.design.FontObjectWr">
<foType>PK Element</foType>
<colorRGB>-16776961</colorRGB>
</FontObject>
<FontObject class="oracle.dbtools.crest.model.design.FontObjectWr">
<foType>FK Element</foType>
<colorRGB>-16777216</colorRGB>
</FontObject>
<FontObject class="oracle.dbtools.crest.model.design.FontObjectWr">
<foType>UK Element</foType>
<colorRGB>-16776961</colorRGB>
</FontObject>
<FontObject class="oracle.dbtools.crest.model.design.FontObjectWr">
<foType>Not Null</foType>
<colorRGB>-65536</colorRGB>
</FontObject>
<FontObject class="oracle.dbtools.crest.model.design.FontObjectWr">
<foType>Key</foType>
<colorRGB>-16777216</colorRGB>
</FontObject>
</fonts>
<columns>
<Column class="oracle.dbtools.crest.model.design.relational.Column" name="Colección_Nombre" id="6EA29BBE-4549-59C4-1DE3-DE1936B95FD2">
<createdBy>Administrator</createdBy>
<createdTime>2012-11-24 18:02:18 UTC</createdTime>
<ownerDesignName>Muebles3</ownerDesignName>
<useDomainConstraints>false</useDomainConstraints>
<use>1</use>
<logicalDatatype>LOGDT024</logicalDatatype>
<delegate>B2B39713-32D9-FA08-C464-B824D2059670</delegate>
<previousColumn>false</previousColumn>
<autoIncrementCycle>false</autoIncrementCycle>
<associations>
<colAssociation fkAssociation="16AE4C4B-6DF6-8BD2-7FC4-7C4FC7B5886E" referredColumn="B2B39713-32D9-FA08-C464-B824D2059670"/>
</associations>
</Column>
<Column class="oracle.dbtools.crest.model.design.relational.Column" name="Terminacion_tipo_tirador" id="072CA003-BCC3-0362-B9F1-F1C2324E8083">
<createdBy>Administrator</createdBy>
<createdTime>2012-11-24 18:02:18 UTC</createdTime>
<ownerDesignName>Muebles3</ownerDesignName>
<useDomainConstraints>false</useDomainConstraints>
<use>1</use>
<logicalDatatype>LOGDT024</logicalDatatype>
<delegate>74970E59-8C4F-0734-A085-20B151AA8C7D</delegate>
<previousColumn>false</previousColumn>
<autoIncrementCycle>false</autoIncrementCycle>
<associations>
<colAssociation fkAssociation="F1347112-1C43-2F37-49F1-73092257FB0B" referredColumn="74970E59-8C4F-0734-A085-20B151AA8C7D"/>
</associations>
</Column>
<Column class="oracle.dbtools.crest.model.design.relational.Column" name="Terminacion_color_tirador" id="1C34C4F0-46FC-7BB0-CD8C-9C1B531FA1BD">
<createdBy>Administrator</createdBy>
<createdTime>2012-11-24 18:02:18 UTC</createdTime>
<ownerDesignName>Muebles3</ownerDesignName>
<useDomainConstraints>false</useDomainConstraints>
<use>1</use>
<logicalDatatype>LOGDT024</logicalDatatype>
<delegate>66196D64-EA11-224A-8183-44594B25A50C</delegate>
<previousColumn>false</previousColumn>
<autoIncrementCycle>false</autoIncrementCycle>
<associations>
<colAssociation fkAssociation="F1347112-1C43-2F37-49F1-73092257FB0B" referredColumn="66196D64-EA11-224A-8183-44594B25A50C"/>
</associations>
</Column>
</columns>
<indexes>
<ind_PK_UK class="oracle.dbtools.crest.model.design.relational.Index" id="E5217FCE-9E1E-A5E7-65EB-B6DC957872CA" name="Contiene__IDX">
<createdBy>Administrator</createdBy>
<createdTime>2012-11-24 18:02:18 UTC</createdTime>
<ownerDesignName>Muebles3</ownerDesignName>
<pk>true</pk>
<indexState>Primary Constraint</indexState>
<indexColumnUsage>
<colUsage columnID="6EA29BBE-4549-59C4-1DE3-DE1936B95FD2"/>
<colUsage columnID="072CA003-BCC3-0362-B9F1-F1C2324E8083"/>
<colUsage columnID="1C34C4F0-46FC-7BB0-CD8C-9C1B531FA1BD"/>
</indexColumnUsage>
</ind_PK_UK>
<ind_PK_UK class="oracle.dbtools.crest.model.design.relational.Index" id="AE82752A-B063-2E47-BA46-8E8180E03ECF" name="FK_ASS_1">
<createdBy>Administrator</createdBy>
<createdTime>2012-11-24 18:02:18 UTC</createdTime>
<generatorID>4F640B84-0CDD-6345-7946-44C4A9D194E4</generatorID>
<ownerDesignName>Muebles3</ownerDesignName>
<indexState>Foreign Key</indexState>
<indexColumnUsage>
<colUsage columnID="6EA29BBE-4549-59C4-1DE3-DE1936B95FD2"/>
</indexColumnUsage>
</ind_PK_UK>
<ind_PK_UK class="oracle.dbtools.crest.model.design.relational.Index" id="85447E43-4082-1BBC-24FA-6FC195C4BC6B" name="FK_ASS_2">
<createdBy>Administrator</createdBy>
<createdTime>2012-11-24 18:02:18 UTC</createdTime>
<generatorID>4F640B84-0CDD-6345-7946-44C4A9D194E4</generatorID>
<ownerDesignName>Muebles3</ownerDesignName>
<indexState>Foreign Key</indexState>
<indexColumnUsage>
<colUsage columnID="072CA003-BCC3-0362-B9F1-F1C2324E8083"/>
<colUsage columnID="1C34C4F0-46FC-7BB0-CD8C-9C1B531FA1BD"/>
</indexColumnUsage>
</ind_PK_UK>
</indexes>
</Table>