<?xml version = '1.0' encoding = 'UTF-8'?>
<Table class="oracle.dbtools.crest.model.design.relational.Table" id="5214FB78-778E-58AD-E17E-7C033DDD9876" directorySegmentName="seg_0" name="Mueble">
<createdBy>Administrator</createdBy>
<createdTime>2012-11-24 18:02:18 UTC</createdTime>
<generatorID>01D81FFA-B32C-A7BC-DA18-2056B83DC533</generatorID>
<ownerDesignName>Muebles3</ownerDesignName>
<pkName>Mueble PK</pkName>
<fonts>
<FontObject class="oracle.dbtools.crest.model.design.FontObjectWr">
<foType>Title</foType>
<fontStyle>1</fontStyle>
<colorRGB>-16776961</colorRGB>
</FontObject>
<FontObject class="oracle.dbtools.crest.model.design.FontObjectWr">
<foType>Column</foType>
<colorRGB>-16777216</colorRGB>
</FontObject>
<FontObject class="oracle.dbtools.crest.model.design.FontObjectWr">
<foType>Datatype</foType>
<colorRGB>-16744448</colorRGB>
</FontObject>
<FontObject class="oracle.dbtools.crest.model.design.FontObjectWr">
<foType>PK Element</foType>
<colorRGB>-16776961</colorRGB>
</FontObject>
<FontObject class="oracle.dbtools.crest.model.design.FontObjectWr">
<foType>FK Element</foType>
<colorRGB>-16777216</colorRGB>
</FontObject>
<FontObject class="oracle.dbtools.crest.model.design.FontObjectWr">
<foType>UK Element</foType>
<colorRGB>-16776961</colorRGB>
</FontObject>
<FontObject class="oracle.dbtools.crest.model.design.FontObjectWr">
<foType>Not Null</foType>
<colorRGB>-65536</colorRGB>
</FontObject>
<FontObject class="oracle.dbtools.crest.model.design.FontObjectWr">
<foType>Key</foType>
<colorRGB>-16777216</colorRGB>
</FontObject>
</fonts>
<columns>
<Column class="oracle.dbtools.crest.model.design.relational.Column" name="Tipo" id="C5B84146-4FE1-1BA7-82D3-CF5847D94B2B">
<createdBy>Administrator</createdBy>
<createdTime>2012-11-24 18:02:18 UTC</createdTime>
<generatorID>36F070F2-1C5F-3A28-8EC8-58DBADC35AA5</generatorID>
<ownerDesignName>Muebles3</ownerDesignName>
<nullsAllowed>true</nullsAllowed>
<useDomainConstraints>false</useDomainConstraints>
<use>1</use>
<logicalDatatype>LOGDT024</logicalDatatype>
<previousColumn>false</previousColumn>
<autoIncrementCycle>false</autoIncrementCycle>
</Column>
<Column class="oracle.dbtools.crest.model.design.relational.Column" name="Tamaño" id="5077523B-4398-9F2F-8B9E-E60051038D91">
<createdBy>Administrator</createdBy>
<createdTime>2012-11-24 18:02:18 UTC</createdTime>
<generatorID>22EA4BC4-056A-62BB-F44E-C7DAA909120F</generatorID>
<ownerDesignName>Muebles3</ownerDesignName>
<nullsAllowed>true</nullsAllowed>
<useDomainConstraints>false</useDomainConstraints>
<use>1</use>
<logicalDatatype>LOGDT011</logicalDatatype>
<previousColumn>false</previousColumn>
<autoIncrementCycle>false</autoIncrementCycle>
</Column>
<Column class="oracle.dbtools.crest.model.design.relational.Column" name="id_mueble" id="FA8DCF74-3FE7-9A66-97B5-1A3339CEF270">
<createdBy>Administrator</createdBy>
<createdTime>2012-11-24 18:02:18 UTC</createdTime>
<generatorID>115D5F9A-41DB-88F0-F6C1-2A35B8A83B9D</generatorID>
<ownerDesignName>Muebles3</ownerDesignName>
<useDomainConstraints>false</useDomainConstraints>
<use>1</use>
<logicalDatatype>LOGDT024</logicalDatatype>
<previousColumn>false</previousColumn>
<autoIncrementCycle>false</autoIncrementCycle>
</Column>
<Column class="oracle.dbtools.crest.model.design.relational.Column" name="id_ambiente" id="A3FE62C7-94BF-E7F2-412D-4A0B1EA925D0">
<createdBy>Administrator</createdBy>
<createdTime>2012-11-24 18:02:18 UTC</createdTime>
<generatorID>DFF759B2-35EB-60E5-A60B-11A67F9DC44E</generatorID>
<ownerDesignName>Muebles3</ownerDesignName>
<useDomainConstraints>false</useDomainConstraints>
<use>1</use>
<logicalDatatype>LOGDT011</logicalDatatype>
<delegate>5D79C62B-8C75-20DD-A103-E101A55E63E2</delegate>
<previousColumn>false</previousColumn>
<autoIncrementCycle>false</autoIncrementCycle>
<associations>
<colAssociation fkAssociation="CAA9D536-9BF7-3038-C8D2-27C898FBF999" referredColumn="5D79C62B-8C75-20DD-A103-E101A55E63E2"/>
</associations>
</Column>
<Column class="oracle.dbtools.crest.model.design.relational.Column" name="año" id="5F6038BA-2EE1-8228-DCE0-04F211D2DD39">
<createdBy>Administrator</createdBy>
<createdTime>2012-11-24 18:02:18 UTC</createdTime>
<generatorID>9D76B3DC-92D3-3416-325D-9C0EE0325733</generatorID>
<ownerDesignName>Muebles3</ownerDesignName>
<useDomainConstraints>false</useDomainConstraints>
<use>1</use>
<logicalDatatype>LOGDT011</logicalDatatype>
<delegate>6ED8E30D-C7E8-72F2-08DA-99803E599988</delegate>
<previousColumn>false</previousColumn>
<autoIncrementCycle>false</autoIncrementCycle>
<associations>
<colAssociation fkAssociation="C224666A-A8A6-3300-A15B-E62C8B679D33" referredColumn="6ED8E30D-C7E8-72F2-08DA-99803E599988"/>
</associations>
</Column>
<Column class="oracle.dbtools.crest.model.design.relational.Column" name="Nombre" id="0B154604-F204-E0B5-0F05-38FE6E564003">
<createdBy>Administrator</createdBy>
<createdTime>2012-11-24 18:02:18 UTC</createdTime>
<generatorID>7403DECD-7E9C-95C9-376D-56E7CA33372A</generatorID>
<ownerDesignName>Muebles3</ownerDesignName>
<useDomainConstraints>false</useDomainConstraints>
<use>1</use>
<logicalDatatype>LOGDT024</logicalDatatype>
<delegate>B2B39713-32D9-FA08-C464-B824D2059670</delegate>
<previousColumn>false</previousColumn>
<autoIncrementCycle>false</autoIncrementCycle>
<associations>
<colAssociation fkAssociation="44233FE4-B275-1C22-4F51-52217C0B3811" referredColumn="B2B39713-32D9-FA08-C464-B824D2059670"/>
</associations>
</Column>
</columns>
<indexes>
<ind_PK_UK class="oracle.dbtools.crest.model.design.relational.Index" id="BDA8C79B-E550-7633-774D-8487277C6AAC" name="Mueble PK">
<createdBy>Administrator</createdBy>
<createdTime>2012-11-24 18:02:18 UTC</createdTime>
<generatorID>39BD666E-B534-2C83-095D-CDDE6EE5F9E8</generatorID>
<ownerDesignName>Muebles3</ownerDesignName>
<pk>true</pk>
<indexState>Primary Constraint</indexState>
<indexColumnUsage>
<colUsage columnID="FA8DCF74-3FE7-9A66-97B5-1A3339CEF270"/>
</indexColumnUsage>
</ind_PK_UK>
<ind_PK_UK class="oracle.dbtools.crest.model.design.relational.Index" id="1C525C36-CCA0-C2F5-4C0E-C807419E5578" name="Diseñado en">
<createdBy>Administrator</createdBy>
<createdTime>2012-11-24 18:02:18 UTC</createdTime>
<generatorID>C02BF4E9-22AD-C011-72C9-E61909868BF8</generatorID>
<ownerDesignName>Muebles3</ownerDesignName>
<indexState>Foreign Key</indexState>
<indexColumnUsage>
<colUsage columnID="0B154604-F204-E0B5-0F05-38FE6E564003"/>
</indexColumnUsage>
</ind_PK_UK>
<ind_PK_UK class="oracle.dbtools.crest.model.design.relational.Index" id="A5D0B4A6-012F-1F94-14C9-6A0BB113C7AA" name="Es de">
<createdBy>Administrator</createdBy>
<createdTime>2012-11-24 18:02:18 UTC</createdTime>
<generatorID>860947A7-66BC-DC28-138F-059CCA3E8F33</generatorID>
<ownerDesignName>Muebles3</ownerDesignName>
<indexState>Foreign Key</indexState>
<indexColumnUsage>
<colUsage columnID="A3FE62C7-94BF-E7F2-412D-4A0B1EA925D0"/>
</indexColumnUsage>
</ind_PK_UK>
<ind_PK_UK class="oracle.dbtools.crest.model.design.relational.Index" id="86EB0552-9D10-80E5-F3CF-B391CE2235D7" name="Pertenece">
<createdBy>Administrator</createdBy>
<createdTime>2012-11-24 18:02:18 UTC</createdTime>
<generatorID>ED7D25C3-5A1B-5C07-DC6F-08FD912AEDC1</generatorID>
<ownerDesignName>Muebles3</ownerDesignName>
<indexState>Foreign Key</indexState>
<indexColumnUsage>
<colUsage columnID="5F6038BA-2EE1-8228-DCE0-04F211D2DD39"/>
</indexColumnUsage>
</ind_PK_UK>
</indexes>
</Table>