<?xml version = '1.0' encoding = 'UTF-8'?>
<Table class="oracle.dbtools.crest.model.design.relational.Table" id="7F97BCC4-9CE9-8AED-69B3-FFDFE3F87B60" directorySegmentName="seg_0" name="pide 1">
<createdBy>Administrator</createdBy>
<createdTime>2012-11-24 18:02:18 UTC</createdTime>
<ownerDesignName>Muebles3</ownerDesignName>
<pkName>pide 1__IDX</pkName>
<fonts>
<FontObject class="oracle.dbtools.crest.model.design.FontObjectWr">
<foType>Title</foType>
<fontStyle>1</fontStyle>
<colorRGB>-16776961</colorRGB>
</FontObject>
<FontObject class="oracle.dbtools.crest.model.design.FontObjectWr">
<foType>Column</foType>
<colorRGB>-16777216</colorRGB>
</FontObject>
<FontObject class="oracle.dbtools.crest.model.design.FontObjectWr">
<foType>Datatype</foType>
<colorRGB>-16744448</colorRGB>
</FontObject>
<FontObject class="oracle.dbtools.crest.model.design.FontObjectWr">
<foType>PK Element</foType>
<colorRGB>-16776961</colorRGB>
</FontObject>
<FontObject class="oracle.dbtools.crest.model.design.FontObjectWr">
<foType>FK Element</foType>
<colorRGB>-16777216</colorRGB>
</FontObject>
<FontObject class="oracle.dbtools.crest.model.design.FontObjectWr">
<foType>UK Element</foType>
<colorRGB>-16776961</colorRGB>
</FontObject>
<FontObject class="oracle.dbtools.crest.model.design.FontObjectWr">
<foType>Not Null</foType>
<colorRGB>-65536</colorRGB>
</FontObject>
<FontObject class="oracle.dbtools.crest.model.design.FontObjectWr">
<foType>Key</foType>
<colorRGB>-16777216</colorRGB>
</FontObject>
</fonts>
<columns>
<Column class="oracle.dbtools.crest.model.design.relational.Column" name="Terminacion_tipo_tirador" id="7226C657-2826-FB57-E5C9-4B7FB464080D">
<createdBy>Administrator</createdBy>
<createdTime>2012-11-24 18:02:18 UTC</createdTime>
<ownerDesignName>Muebles3</ownerDesignName>
<useDomainConstraints>false</useDomainConstraints>
<use>1</use>
<logicalDatatype>LOGDT024</logicalDatatype>
<delegate>74970E59-8C4F-0734-A085-20B151AA8C7D</delegate>
<previousColumn>false</previousColumn>
<autoIncrementCycle>false</autoIncrementCycle>
<associations>
<colAssociation fkAssociation="DCAE66C4-F405-19A9-3BB5-32AE2D0F0B9A" referredColumn="74970E59-8C4F-0734-A085-20B151AA8C7D"/>
</associations>
</Column>
<Column class="oracle.dbtools.crest.model.design.relational.Column" name="Terminacion_color_tirador" id="502EA24B-1701-59B6-C86F-A0F7CAC56B0C">
<createdBy>Administrator</createdBy>
<createdTime>2012-11-24 18:02:18 UTC</createdTime>
<ownerDesignName>Muebles3</ownerDesignName>
<useDomainConstraints>false</useDomainConstraints>
<use>1</use>
<logicalDatatype>LOGDT024</logicalDatatype>
<delegate>66196D64-EA11-224A-8183-44594B25A50C</delegate>
<previousColumn>false</previousColumn>
<autoIncrementCycle>false</autoIncrementCycle>
<associations>
<colAssociation fkAssociation="DCAE66C4-F405-19A9-3BB5-32AE2D0F0B9A" referredColumn="66196D64-EA11-224A-8183-44594B25A50C"/>
</associations>
</Column>
<Column class="oracle.dbtools.crest.model.design.relational.Column" name="Linea pedido_id_linea_pedido" id="AC093E55-19E3-7D4F-543E-6182D1A88AA7">
<createdBy>Administrator</createdBy>
<createdTime>2012-11-24 18:34:57 UTC</createdTime>
<ownerDesignName>Muebles3</ownerDesignName>
<useDomainConstraints>false</useDomainConstraints>
<use>1</use>
<logicalDatatype>LOGDT011</logicalDatatype>
<delegate>B9ECB699-AE9B-132C-6B66-293C26BE8541</delegate>
<previousColumn>false</previousColumn>
<autoIncrementCycle>false</autoIncrementCycle>
<associations>
<colAssociation fkAssociation="69F72A34-19CF-73F6-ED61-96AAB0B95BB2" referredColumn="B9ECB699-AE9B-132C-6B66-293C26BE8541"/>
</associations>
</Column>
</columns>
<indexes>
<ind_PK_UK class="oracle.dbtools.crest.model.design.relational.Index" id="24745CD7-126A-6581-3608-21C73F298C22" name="pide 1__IDX">
<createdBy>Administrator</createdBy>
<createdTime>2012-11-24 18:02:18 UTC</createdTime>
<ownerDesignName>Muebles3</ownerDesignName>
<pk>true</pk>
<indexState>Primary Constraint</indexState>
<indexColumnUsage>
<colUsage columnID="7226C657-2826-FB57-E5C9-4B7FB464080D"/>
<colUsage columnID="502EA24B-1701-59B6-C86F-A0F7CAC56B0C"/>
</indexColumnUsage>
</ind_PK_UK>
<ind_PK_UK class="oracle.dbtools.crest.model.design.relational.Index" id="65E2CE3B-8DC2-85B5-8364-01BD9BD3AC49" name="FK_ASS_14">
<createdBy>Administrator</createdBy>
<createdTime>2012-11-24 18:02:18 UTC</createdTime>
<generatorID>5C56CBCD-5B36-4A0D-4BA0-FD7A38F35D3E</generatorID>
<ownerDesignName>Muebles3</ownerDesignName>
<indexState>Foreign Key</indexState>
<indexColumnUsage>
<colUsage columnID="AC093E55-19E3-7D4F-543E-6182D1A88AA7"/>
</indexColumnUsage>
</ind_PK_UK>
<ind_PK_UK class="oracle.dbtools.crest.model.design.relational.Index" id="ADDB5E87-E2C2-242A-81AC-A3CA02272DD7" name="FK_ASS_15">
<createdBy>Administrator</createdBy>
<createdTime>2012-11-24 18:02:18 UTC</createdTime>
<generatorID>5C56CBCD-5B36-4A0D-4BA0-FD7A38F35D3E</generatorID>
<ownerDesignName>Muebles3</ownerDesignName>
<indexState>Foreign Key</indexState>
<indexColumnUsage>
<colUsage columnID="7226C657-2826-FB57-E5C9-4B7FB464080D"/>
<colUsage columnID="502EA24B-1701-59B6-C86F-A0F7CAC56B0C"/>
</indexColumnUsage>
</ind_PK_UK>
</indexes>
</Table>