<?xml version = '1.0' encoding = 'UTF-8'?>
<Table class="oracle.dbtools.crest.model.design.relational.Table" id="A092B3EE-9A10-09F8-A5D5-9EE9C8B6B661" directorySegmentName="seg_0" name="pide 2">
<createdBy>Administrator</createdBy>
<createdTime>2012-11-24 18:02:18 UTC</createdTime>
<ownerDesignName>Muebles3</ownerDesignName>
<pkName>pide 2__IDX</pkName>
<fonts>
<FontObject class="oracle.dbtools.crest.model.design.FontObjectWr">
<foType>Title</foType>
<fontStyle>1</fontStyle>
<colorRGB>-16776961</colorRGB>
</FontObject>
<FontObject class="oracle.dbtools.crest.model.design.FontObjectWr">
<foType>Column</foType>
<colorRGB>-16777216</colorRGB>
</FontObject>
<FontObject class="oracle.dbtools.crest.model.design.FontObjectWr">
<foType>Datatype</foType>
<colorRGB>-16744448</colorRGB>
</FontObject>
<FontObject class="oracle.dbtools.crest.model.design.FontObjectWr">
<foType>PK Element</foType>
<colorRGB>-16776961</colorRGB>
</FontObject>
<FontObject class="oracle.dbtools.crest.model.design.FontObjectWr">
<foType>FK Element</foType>
<colorRGB>-16777216</colorRGB>
</FontObject>
<FontObject class="oracle.dbtools.crest.model.design.FontObjectWr">
<foType>UK Element</foType>
<colorRGB>-16776961</colorRGB>
</FontObject>
<FontObject class="oracle.dbtools.crest.model.design.FontObjectWr">
<foType>Not Null</foType>
<colorRGB>-65536</colorRGB>
</FontObject>
<FontObject class="oracle.dbtools.crest.model.design.FontObjectWr">
<foType>Key</foType>
<colorRGB>-16777216</colorRGB>
</FontObject>
</fonts>
<columns>
<Column class="oracle.dbtools.crest.model.design.relational.Column" name="Cristal_tipo_cristal" id="7213A545-886D-3D2F-AFB4-648A1DDADC9D">
<createdBy>Administrator</createdBy>
<createdTime>2012-11-24 18:02:18 UTC</createdTime>
<ownerDesignName>Muebles3</ownerDesignName>
<useDomainConstraints>false</useDomainConstraints>
<use>1</use>
<logicalDatatype>LOGDT024</logicalDatatype>
<delegate>16839524-4410-4FE3-AA9D-2A055200F2D0</delegate>
<previousColumn>false</previousColumn>
<autoIncrementCycle>false</autoIncrementCycle>
<associations>
<colAssociation fkAssociation="F1BF42B4-E4E0-010D-CB2B-C83DE0561344" referredColumn="16839524-4410-4FE3-AA9D-2A055200F2D0"/>
</associations>
</Column>
<Column class="oracle.dbtools.crest.model.design.relational.Column" name="Cristal_tamaño" id="EDDDDF27-179C-59DB-6ED6-5AF30B304352">
<createdBy>Administrator</createdBy>
<createdTime>2012-11-24 18:02:18 UTC</createdTime>
<ownerDesignName>Muebles3</ownerDesignName>
<useDomainConstraints>false</useDomainConstraints>
<use>1</use>
<logicalDatatype>LOGDT011</logicalDatatype>
<delegate>376F5429-95E0-8B7E-9AD3-2C9AF4C9EE9A</delegate>
<previousColumn>false</previousColumn>
<autoIncrementCycle>false</autoIncrementCycle>
<associations>
<colAssociation fkAssociation="F1BF42B4-E4E0-010D-CB2B-C83DE0561344" referredColumn="376F5429-95E0-8B7E-9AD3-2C9AF4C9EE9A"/>
</associations>
</Column>
<Column class="oracle.dbtools.crest.model.design.relational.Column" name="Linea pedido_id_linea_pedido" id="D777583E-B448-7E08-9664-CA71BF0F1D19">
<createdBy>Administrator</createdBy>
<createdTime>2012-11-24 18:34:57 UTC</createdTime>
<ownerDesignName>Muebles3</ownerDesignName>
<useDomainConstraints>false</useDomainConstraints>
<use>1</use>
<logicalDatatype>LOGDT011</logicalDatatype>
<delegate>B9ECB699-AE9B-132C-6B66-293C26BE8541</delegate>
<previousColumn>false</previousColumn>
<autoIncrementCycle>false</autoIncrementCycle>
<associations>
<colAssociation fkAssociation="F3CD1998-5B0E-9920-6FEF-A794A4C01701" referredColumn="B9ECB699-AE9B-132C-6B66-293C26BE8541"/>
</associations>
</Column>
</columns>
<indexes>
<ind_PK_UK class="oracle.dbtools.crest.model.design.relational.Index" id="3BA28F6C-0B61-E374-12B9-2515B21E23B4" name="pide 2__IDX">
<createdBy>Administrator</createdBy>
<createdTime>2012-11-24 18:02:18 UTC</createdTime>
<ownerDesignName>Muebles3</ownerDesignName>
<pk>true</pk>
<indexState>Primary Constraint</indexState>
<indexColumnUsage>
<colUsage columnID="7213A545-886D-3D2F-AFB4-648A1DDADC9D"/>
<colUsage columnID="EDDDDF27-179C-59DB-6ED6-5AF30B304352"/>
</indexColumnUsage>
</ind_PK_UK>
<ind_PK_UK class="oracle.dbtools.crest.model.design.relational.Index" id="79FF7E43-2DEB-8FCF-6CC0-8314D1188017" name="FK_ASS_16">
<createdBy>Administrator</createdBy>
<createdTime>2012-11-24 18:02:18 UTC</createdTime>
<generatorID>5E75AEB6-1F7C-84F0-7B8D-CBB0B1DAC8DD</generatorID>
<ownerDesignName>Muebles3</ownerDesignName>
<indexState>Foreign Key</indexState>
<indexColumnUsage>
<colUsage columnID="D777583E-B448-7E08-9664-CA71BF0F1D19"/>
</indexColumnUsage>
</ind_PK_UK>
<ind_PK_UK class="oracle.dbtools.crest.model.design.relational.Index" id="7990B8AB-3A0B-D861-7B2E-0F3D02D4C910" name="FK_ASS_17">
<createdBy>Administrator</createdBy>
<createdTime>2012-11-24 18:02:18 UTC</createdTime>
<generatorID>5E75AEB6-1F7C-84F0-7B8D-CBB0B1DAC8DD</generatorID>
<ownerDesignName>Muebles3</ownerDesignName>
<indexState>Foreign Key</indexState>
<indexColumnUsage>
<colUsage columnID="7213A545-886D-3D2F-AFB4-648A1DDADC9D"/>
<colUsage columnID="EDDDDF27-179C-59DB-6ED6-5AF30B304352"/>
</indexColumnUsage>
</ind_PK_UK>
</indexes>
</Table>