<?xml version = '1.0' encoding = 'UTF-8'?>
<Table class="oracle.dbtools.crest.model.design.relational.Table" id="A8F3DEBF-E93B-095F-5D4F-202C6DAE59D8" directorySegmentName="seg_0" name="Ambiente">
<createdBy>Administrator</createdBy>
<createdTime>2012-11-24 18:02:18 UTC</createdTime>
<generatorID>8ABF37E9-AA26-6703-B486-9302F9137190</generatorID>
<ownerDesignName>Muebles3</ownerDesignName>
<fonts>
<FontObject class="oracle.dbtools.crest.model.design.FontObjectWr">
<foType>Title</foType>
<fontStyle>1</fontStyle>
<colorRGB>-16776961</colorRGB>
</FontObject>
<FontObject class="oracle.dbtools.crest.model.design.FontObjectWr">
<foType>Column</foType>
<colorRGB>-16777216</colorRGB>
</FontObject>
<FontObject class="oracle.dbtools.crest.model.design.FontObjectWr">
<foType>Datatype</foType>
<colorRGB>-16744448</colorRGB>
</FontObject>
<FontObject class="oracle.dbtools.crest.model.design.FontObjectWr">
<foType>PK Element</foType>
<colorRGB>-16776961</colorRGB>
</FontObject>
<FontObject class="oracle.dbtools.crest.model.design.FontObjectWr">
<foType>FK Element</foType>
<colorRGB>-16777216</colorRGB>
</FontObject>
<FontObject class="oracle.dbtools.crest.model.design.FontObjectWr">
<foType>UK Element</foType>
<colorRGB>-16776961</colorRGB>
</FontObject>
<FontObject class="oracle.dbtools.crest.model.design.FontObjectWr">
<foType>Not Null</foType>
<colorRGB>-65536</colorRGB>
</FontObject>
<FontObject class="oracle.dbtools.crest.model.design.FontObjectWr">
<foType>Key</foType>
<colorRGB>-16777216</colorRGB>
</FontObject>
</fonts>
<columns>
<Column class="oracle.dbtools.crest.model.design.relational.Column" name="id_ambiente" id="5D79C62B-8C75-20DD-A103-E101A55E63E2">
<createdBy>Administrator</createdBy>
<createdTime>2012-11-24 18:02:18 UTC</createdTime>
<generatorID>4BCC8C35-18A8-12B4-CF29-0A151867B756</generatorID>
<ownerDesignName>Muebles3</ownerDesignName>
<useDomainConstraints>false</useDomainConstraints>
<use>1</use>
<logicalDatatype>LOGDT011</logicalDatatype>
<previousColumn>false</previousColumn>
<autoIncrementCycle>false</autoIncrementCycle>
</Column>
<Column class="oracle.dbtools.crest.model.design.relational.Column" name="tipo_ambiente" id="4564B94F-BCF9-F71B-2CBB-C0457F1AEAA2">
<createdBy>Administrator</createdBy>
<createdTime>2012-11-24 18:02:18 UTC</createdTime>
<generatorID>3068E162-3F77-32E2-12DD-C3CA3E77CECA</generatorID>
<ownerDesignName>Muebles3</ownerDesignName>
<nullsAllowed>true</nullsAllowed>
<useDomainConstraints>false</useDomainConstraints>
<use>1</use>
<logicalDatatype>LOGDT024</logicalDatatype>
<previousColumn>false</previousColumn>
<autoIncrementCycle>false</autoIncrementCycle>
</Column>
</columns>
<indexes>
<ind_PK_UK class="oracle.dbtools.crest.model.design.relational.Index" id="04E2EB01-0001-1566-C574-1D39D671CEAE" name="Key_1">
<createdBy>Administrator</createdBy>
<createdTime>2012-11-24 18:02:18 UTC</createdTime>
<generatorID>D23F6FD5-7149-244A-C5D1-B0E082134DE8</generatorID>
<ownerDesignName>Muebles3</ownerDesignName>
<indexState>Unique Constraint</indexState>
<indexColumnUsage>
<colUsage columnID="5D79C62B-8C75-20DD-A103-E101A55E63E2"/>
</indexColumnUsage>
</ind_PK_UK>
</indexes>
</Table>