<?xml version = '1.0' encoding = 'UTF-8'?>
<Table class="oracle.dbtools.crest.model.design.relational.Table" id="FB7F9D6F-CC4E-2FC7-DDA5-B575659B2D0F" directorySegmentName="seg_0" name="Colección">
<createdBy>Administrator</createdBy>
<createdTime>2012-11-24 18:02:18 UTC</createdTime>
<generatorID>9810EFA6-57DE-9A18-A909-477AF93E75E1</generatorID>
<ownerDesignName>Muebles3</ownerDesignName>
<pkName>Colección PK</pkName>
<fonts>
<FontObject class="oracle.dbtools.crest.model.design.FontObjectWr">
<foType>Title</foType>
<fontStyle>1</fontStyle>
<colorRGB>-16776961</colorRGB>
</FontObject>
<FontObject class="oracle.dbtools.crest.model.design.FontObjectWr">
<foType>Column</foType>
<colorRGB>-16777216</colorRGB>
</FontObject>
<FontObject class="oracle.dbtools.crest.model.design.FontObjectWr">
<foType>Datatype</foType>
<colorRGB>-16744448</colorRGB>
</FontObject>
<FontObject class="oracle.dbtools.crest.model.design.FontObjectWr">
<foType>PK Element</foType>
<colorRGB>-16776961</colorRGB>
</FontObject>
<FontObject class="oracle.dbtools.crest.model.design.FontObjectWr">
<foType>FK Element</foType>
<colorRGB>-16777216</colorRGB>
</FontObject>
<FontObject class="oracle.dbtools.crest.model.design.FontObjectWr">
<foType>UK Element</foType>
<colorRGB>-16776961</colorRGB>
</FontObject>
<FontObject class="oracle.dbtools.crest.model.design.FontObjectWr">
<foType>Not Null</foType>
<colorRGB>-65536</colorRGB>
</FontObject>
<FontObject class="oracle.dbtools.crest.model.design.FontObjectWr">
<foType>Key</foType>
<colorRGB>-16777216</colorRGB>
</FontObject>
</fonts>
<columns>
<Column class="oracle.dbtools.crest.model.design.relational.Column" name="Nombre" id="B2B39713-32D9-FA08-C464-B824D2059670">
<createdBy>Administrator</createdBy>
<createdTime>2012-11-24 18:02:18 UTC</createdTime>
<generatorID>0819AFB1-8CE7-AD09-7870-796F95D7D011</generatorID>
<ownerDesignName>Muebles3</ownerDesignName>
<useDomainConstraints>false</useDomainConstraints>
<use>1</use>
<logicalDatatype>LOGDT024</logicalDatatype>
<previousColumn>false</previousColumn>
<autoIncrementCycle>false</autoIncrementCycle>
</Column>
<Column class="oracle.dbtools.crest.model.design.relational.Column" name="Id_coleccion" id="32508D23-EFAA-42A1-C3B0-F76E433C0173">
<createdBy>Administrator</createdBy>
<createdTime>2012-11-24 18:02:18 UTC</createdTime>
<generatorID>13C00F57-B708-2966-6A15-46AFB316F870</generatorID>
<ownerDesignName>Muebles3</ownerDesignName>
<useDomainConstraints>false</useDomainConstraints>
<use>1</use>
<logicalDatatype>LOGDT011</logicalDatatype>
<previousColumn>false</previousColumn>
<autoIncrementCycle>false</autoIncrementCycle>
</Column>
</columns>
<indexes>
<ind_PK_UK class="oracle.dbtools.crest.model.design.relational.Index" id="9933609F-452A-A320-6372-13698D521269" name="Colección PK">
<createdBy>Administrator</createdBy>
<createdTime>2012-11-24 18:02:18 UTC</createdTime>
<generatorID>29CB44CF-2A3A-7AB4-8527-CFD969725D09</generatorID>
<ownerDesignName>Muebles3</ownerDesignName>
<pk>true</pk>
<indexState>Primary Constraint</indexState>
<indexColumnUsage>
<colUsage columnID="B2B39713-32D9-FA08-C464-B824D2059670"/>
</indexColumnUsage>
</ind_PK_UK>
</indexes>
</Table>