<?xml version = '1.0' encoding = 'UTF-8'?>
<Table class="oracle.dbtools.crest.model.design.relational.Table" id="0E026026-5D08-6A6A-34BE-A6D2ECA752DC" directorySegmentName="seg_0" name="Coleccion">
<createdBy>alumno</createdBy>
<createdTime>2012-10-17 20:33:03 UTC</createdTime>
<generatorID>127A0400-1E15-2E80-9B5D-5252883F5C02</generatorID>
<ownerDesignName>Muebles</ownerDesignName>
<pkName>Key_1</pkName>
<fonts>
<FontObject class="oracle.dbtools.crest.model.design.FontObjectWr">
<foType>Título</foType>
<fontStyle>1</fontStyle>
<colorRGB>-16776961</colorRGB>
</FontObject>
<FontObject class="oracle.dbtools.crest.model.design.FontObjectWr">
<foType>Columna</foType>
<colorRGB>-16777216</colorRGB>
</FontObject>
<FontObject class="oracle.dbtools.crest.model.design.FontObjectWr">
<foType>Tipo de Dato</foType>
<colorRGB>-16744448</colorRGB>
</FontObject>
<FontObject class="oracle.dbtools.crest.model.design.FontObjectWr">
<foType>Elemento de Clave Primaria</foType>
<colorRGB>-16776961</colorRGB>
</FontObject>
<FontObject class="oracle.dbtools.crest.model.design.FontObjectWr">
<foType>Elemento de Clave Ajena</foType>
<colorRGB>-16777216</colorRGB>
</FontObject>
<FontObject class="oracle.dbtools.crest.model.design.FontObjectWr">
<foType>Elemento de Clave Única</foType>
<colorRGB>-16776961</colorRGB>
</FontObject>
<FontObject class="oracle.dbtools.crest.model.design.FontObjectWr">
<foType>No Nulo</foType>
<colorRGB>-65536</colorRGB>
</FontObject>
<FontObject class="oracle.dbtools.crest.model.design.FontObjectWr">
<foType>Clave</foType>
<colorRGB>-16777216</colorRGB>
</FontObject>
</fonts>
<columns>
<Column class="oracle.dbtools.crest.model.design.relational.Column" name="id_coleccion" id="FBFDBBFA-D523-45D2-1A4B-37215D07606D">
<createdBy>alumno</createdBy>
<createdTime>2012-10-17 20:33:03 UTC</createdTime>
<generatorID>5C1FC445-1EF7-8DA9-1FB9-B46DF53586DE</generatorID>
<ownerDesignName>Muebles</ownerDesignName>
<useDomainConstraints>false</useDomainConstraints>
<use>1</use>
<logicalDatatype>LOGDT011</logicalDatatype>
<previousColumn>false</previousColumn>
<autoIncrementCycle>false</autoIncrementCycle>
</Column>
<Column class="oracle.dbtools.crest.model.design.relational.Column" name="tipo" id="A04BB2C4-6DA7-D704-26A1-5EF4C72F586A">
<createdBy>alumno</createdBy>
<createdTime>2012-10-17 20:33:03 UTC</createdTime>
<generatorID>9544A655-9956-2822-FE88-7883AC0E7DA0</generatorID>
<ownerDesignName>Muebles</ownerDesignName>
<nullsAllowed>true</nullsAllowed>
<useDomainConstraints>false</useDomainConstraints>
<use>1</use>
<logicalDatatype>LOGDT024</logicalDatatype>
<dataTypeSize>50</dataTypeSize>
<previousColumn>false</previousColumn>
<autoIncrementCycle>false</autoIncrementCycle>
</Column>
</columns>
<indexes>
<ind_PK_UK class="oracle.dbtools.crest.model.design.relational.Index" id="9D0FCF1A-508E-C9FE-691D-C2277BEA6AC6" name="Key_1">
<createdBy>alumno</createdBy>
<createdTime>2012-10-17 20:33:03 UTC</createdTime>
<generatorID>44C2375A-E47E-A565-CF60-A4D373486701</generatorID>
<ownerDesignName>Muebles</ownerDesignName>
<pk>true</pk>
<indexState>Primary Constraint</indexState>
<indexColumnUsage>
<colUsage columnID="FBFDBBFA-D523-45D2-1A4B-37215D07606D"/>
</indexColumnUsage>
</ind_PK_UK>
</indexes>
</Table>