<?xml version = '1.0' encoding = 'UTF-8'?>
<Table class="oracle.dbtools.crest.model.design.relational.Table" id="3C97D881-0097-90B2-68F1-B5F34510446A" directorySegmentName="seg_0" name="Usuario">
<createdBy>alumno</createdBy>
<createdTime>2012-10-17 22:48:58 UTC</createdTime>
<generatorID>64C243DA-3A13-6B2F-41E7-98BBA321B963</generatorID>
<ownerDesignName>Muebles</ownerDesignName>
<pkName>Key_1</pkName>
<fonts>
<FontObject class="oracle.dbtools.crest.model.design.FontObjectWr">
<foType>Título</foType>
<fontStyle>1</fontStyle>
<colorRGB>-16776961</colorRGB>
</FontObject>
<FontObject class="oracle.dbtools.crest.model.design.FontObjectWr">
<foType>Columna</foType>
<colorRGB>-16777216</colorRGB>
</FontObject>
<FontObject class="oracle.dbtools.crest.model.design.FontObjectWr">
<foType>Tipo de Dato</foType>
<colorRGB>-16744448</colorRGB>
</FontObject>
<FontObject class="oracle.dbtools.crest.model.design.FontObjectWr">
<foType>Elemento de Clave Primaria</foType>
<colorRGB>-16776961</colorRGB>
</FontObject>
<FontObject class="oracle.dbtools.crest.model.design.FontObjectWr">
<foType>Elemento de Clave Ajena</foType>
<colorRGB>-16777216</colorRGB>
</FontObject>
<FontObject class="oracle.dbtools.crest.model.design.FontObjectWr">
<foType>Elemento de Clave Única</foType>
<colorRGB>-16776961</colorRGB>
</FontObject>
<FontObject class="oracle.dbtools.crest.model.design.FontObjectWr">
<foType>No Nulo</foType>
<colorRGB>-65536</colorRGB>
</FontObject>
<FontObject class="oracle.dbtools.crest.model.design.FontObjectWr">
<foType>Clave</foType>
<colorRGB>-16777216</colorRGB>
</FontObject>
</fonts>
<columns>
<Column class="oracle.dbtools.crest.model.design.relational.Column" name="dni" id="73C6290D-43D7-E712-F02C-3875C12BA0B2">
<createdBy>alumno</createdBy>
<createdTime>2012-10-17 22:48:58 UTC</createdTime>
<generatorID>BAE60C95-0070-7BCC-547C-D2618629BEA6</generatorID>
<ownerDesignName>Muebles</ownerDesignName>
<useDomainConstraints>false</useDomainConstraints>
<use>1</use>
<logicalDatatype>LOGDT024</logicalDatatype>
<dataTypeSize>50</dataTypeSize>
<previousColumn>false</previousColumn>
<autoIncrementCycle>false</autoIncrementCycle>
</Column>
<Column class="oracle.dbtools.crest.model.design.relational.Column" name="nombre" id="F6609283-8F50-C1C9-2D9F-25086F239154">
<createdBy>alumno</createdBy>
<createdTime>2012-10-17 22:48:58 UTC</createdTime>
<generatorID>8852FF2C-D722-5933-7B82-9C90E0B7D371</generatorID>
<ownerDesignName>Muebles</ownerDesignName>
<nullsAllowed>true</nullsAllowed>
<useDomainConstraints>false</useDomainConstraints>
<use>1</use>
<logicalDatatype>LOGDT024</logicalDatatype>
<dataTypeSize>50</dataTypeSize>
<previousColumn>false</previousColumn>
<autoIncrementCycle>false</autoIncrementCycle>
</Column>
<Column class="oracle.dbtools.crest.model.design.relational.Column" name="apellido" id="B3D47E4E-76AC-903C-BCD4-4FE4260F8210">
<createdBy>alumno</createdBy>
<createdTime>2012-10-17 22:48:58 UTC</createdTime>
<generatorID>1BBA8E7F-96F5-9B51-4D78-57E9AF4619F4</generatorID>
<ownerDesignName>Muebles</ownerDesignName>
<nullsAllowed>true</nullsAllowed>
<useDomainConstraints>false</useDomainConstraints>
<use>1</use>
<logicalDatatype>LOGDT024</logicalDatatype>
<dataTypeSize>50</dataTypeSize>
<previousColumn>false</previousColumn>
<autoIncrementCycle>false</autoIncrementCycle>
</Column>
<Column class="oracle.dbtools.crest.model.design.relational.Column" name="correo" id="37223B7C-AFB9-612B-9C58-EE797B9A5E64">
<createdBy>alumno</createdBy>
<createdTime>2012-10-17 22:48:58 UTC</createdTime>
<generatorID>DFF147B8-8CF4-0694-75BA-18FEC9A0F366</generatorID>
<ownerDesignName>Muebles</ownerDesignName>
<nullsAllowed>true</nullsAllowed>
<useDomainConstraints>false</useDomainConstraints>
<use>1</use>
<logicalDatatype>LOGDT024</logicalDatatype>
<dataTypeSize>50</dataTypeSize>
<previousColumn>false</previousColumn>
<autoIncrementCycle>false</autoIncrementCycle>
</Column>
</columns>
<indexes>
<ind_PK_UK class="oracle.dbtools.crest.model.design.relational.Index" id="63DAAC1C-1BA6-1251-DC6F-10C92B0DB804" name="Key_1">
<createdBy>alumno</createdBy>
<createdTime>2012-10-17 22:48:58 UTC</createdTime>
<generatorID>9A875C30-6A65-EC41-0472-464ADB4616D4</generatorID>
<ownerDesignName>Muebles</ownerDesignName>
<pk>true</pk>
<indexState>Primary Constraint</indexState>
<indexColumnUsage>
<colUsage columnID="73C6290D-43D7-E712-F02C-3875C12BA0B2"/>
</indexColumnUsage>
</ind_PK_UK>
</indexes>
</Table>