<?xml version = '1.0' encoding = 'UTF-8'?>
<Table class="oracle.dbtools.crest.model.design.relational.Table" id="4CCE661F-E765-B87D-7560-D517AC550563" directorySegmentName="seg_0" name="Linea_pedido">
<createdBy>alumno</createdBy>
<createdTime>2012-10-17 22:48:58 UTC</createdTime>
<generatorID>F35C90D1-199E-7319-0708-B58E17D83D78</generatorID>
<ownerDesignName>Muebles</ownerDesignName>
<pkName>Key_1</pkName>
<fonts>
<FontObject class="oracle.dbtools.crest.model.design.FontObjectWr">
<foType>Título</foType>
<fontStyle>1</fontStyle>
<colorRGB>-16776961</colorRGB>
</FontObject>
<FontObject class="oracle.dbtools.crest.model.design.FontObjectWr">
<foType>Columna</foType>
<colorRGB>-16777216</colorRGB>
</FontObject>
<FontObject class="oracle.dbtools.crest.model.design.FontObjectWr">
<foType>Tipo de Dato</foType>
<colorRGB>-16744448</colorRGB>
</FontObject>
<FontObject class="oracle.dbtools.crest.model.design.FontObjectWr">
<foType>Elemento de Clave Primaria</foType>
<colorRGB>-16776961</colorRGB>
</FontObject>
<FontObject class="oracle.dbtools.crest.model.design.FontObjectWr">
<foType>Elemento de Clave Ajena</foType>
<colorRGB>-16777216</colorRGB>
</FontObject>
<FontObject class="oracle.dbtools.crest.model.design.FontObjectWr">
<foType>Elemento de Clave Única</foType>
<colorRGB>-16776961</colorRGB>
</FontObject>
<FontObject class="oracle.dbtools.crest.model.design.FontObjectWr">
<foType>No Nulo</foType>
<colorRGB>-65536</colorRGB>
</FontObject>
<FontObject class="oracle.dbtools.crest.model.design.FontObjectWr">
<foType>Clave</foType>
<colorRGB>-16777216</colorRGB>
</FontObject>
</fonts>
<columns>
<Column class="oracle.dbtools.crest.model.design.relational.Column" name="id_linea_pedido" id="CF3FA156-08A2-C859-7F81-190128D7228B">
<createdBy>alumno</createdBy>
<createdTime>2012-10-17 22:48:58 UTC</createdTime>
<generatorID>6FE872B2-CB26-0D30-99C3-60D6CA102727</generatorID>
<ownerDesignName>Muebles</ownerDesignName>
<useDomainConstraints>false</useDomainConstraints>
<use>1</use>
<logicalDatatype>LOGDT011</logicalDatatype>
<previousColumn>false</previousColumn>
<autoIncrementCycle>false</autoIncrementCycle>
</Column>
<Column class="oracle.dbtools.crest.model.design.relational.Column" name="id_cristal" id="D40DAF00-CE7A-1036-30AA-200FBEAFAABD">
<createdBy>alumno</createdBy>
<createdTime>2012-10-17 22:48:58 UTC</createdTime>
<generatorID>3D2EDDC4-696F-28E6-87EC-585C987AE19E</generatorID>
<ownerDesignName>Muebles</ownerDesignName>
<nullsAllowed>true</nullsAllowed>
<useDomainConstraints>false</useDomainConstraints>
<use>1</use>
<logicalDatatype>LOGDT011</logicalDatatype>
<delegate>BFBE9CBF-D98F-BDCD-3CC4-741A3C580F05</delegate>
<previousColumn>false</previousColumn>
<autoIncrementCycle>false</autoIncrementCycle>
<associations>
<colAssociation fkAssociation="1250FD0F-5F44-6640-5177-CD9E23661079" referredColumn="BFBE9CBF-D98F-BDCD-3CC4-741A3C580F05"/>
</associations>
</Column>
<Column class="oracle.dbtools.crest.model.design.relational.Column" name="id_terminacion" id="C3BFD349-11D8-4397-DCD0-06A6ACAB5368">
<createdBy>alumno</createdBy>
<createdTime>2012-10-17 22:48:58 UTC</createdTime>
<generatorID>41CD68C5-5E5E-A6A3-BBB0-5F397E3C25E4</generatorID>
<ownerDesignName>Muebles</ownerDesignName>
<nullsAllowed>true</nullsAllowed>
<useDomainConstraints>false</useDomainConstraints>
<use>1</use>
<logicalDatatype>LOGDT011</logicalDatatype>
<delegate>75F4A99C-7FF1-838D-32E5-6EA41EDBB3C3</delegate>
<previousColumn>false</previousColumn>
<autoIncrementCycle>false</autoIncrementCycle>
<associations>
<colAssociation fkAssociation="377DCCBE-E770-59A7-04C5-299A9FF3712D" referredColumn="75F4A99C-7FF1-838D-32E5-6EA41EDBB3C3"/>
</associations>
</Column>
<Column class="oracle.dbtools.crest.model.design.relational.Column" name="id_mueble" id="B5C8C845-B3FE-FBE9-88F3-A1CF9DA2B45E">
<createdBy>alumno</createdBy>
<createdTime>2012-10-17 22:48:58 UTC</createdTime>
<generatorID>D72B13E4-402C-A5D8-A1C5-2C85D9EBCF73</generatorID>
<ownerDesignName>Muebles</ownerDesignName>
<nullsAllowed>true</nullsAllowed>
<useDomainConstraints>false</useDomainConstraints>
<use>1</use>
<logicalDatatype>LOGDT011</logicalDatatype>
<delegate>EE385D49-5E14-6645-A7A4-F9EC938C89DD</delegate>
<previousColumn>false</previousColumn>
<autoIncrementCycle>false</autoIncrementCycle>
<associations>
<colAssociation fkAssociation="E42F8AED-655F-3D79-8DEC-F1BC36F6F2BE" referredColumn="EE385D49-5E14-6645-A7A4-F9EC938C89DD"/>
</associations>
</Column>
<Column class="oracle.dbtools.crest.model.design.relational.Column" name="id_color" id="DCDE006C-95C4-76B4-D1A9-579C15B97BA9">
<createdBy>alumno</createdBy>
<createdTime>2012-10-17 22:48:58 UTC</createdTime>
<generatorID>EEE0528B-4D29-FF1B-A0A7-51BD288C18DD</generatorID>
<ownerDesignName>Muebles</ownerDesignName>
<nullsAllowed>true</nullsAllowed>
<useDomainConstraints>false</useDomainConstraints>
<use>1</use>
<logicalDatatype>LOGDT011</logicalDatatype>
<delegate>496B34EE-C5CC-6D86-4B10-D9E354D0D949</delegate>
<previousColumn>false</previousColumn>
<autoIncrementCycle>false</autoIncrementCycle>
<associations>
<colAssociation fkAssociation="EFC30486-002B-681B-D997-A18FBBAFC647" referredColumn="496B34EE-C5CC-6D86-4B10-D9E354D0D949"/>
</associations>
</Column>
<Column class="oracle.dbtools.crest.model.design.relational.Column" name="id_pedido" id="18220131-0B96-394E-89C6-1CF50F94BC70">
<createdBy>alumno</createdBy>
<createdTime>2012-10-17 22:48:58 UTC</createdTime>
<generatorID>C1BA0983-D77F-BBD0-29A3-D3959BBF4BC5</generatorID>
<ownerDesignName>Muebles</ownerDesignName>
<nullsAllowed>true</nullsAllowed>
<useDomainConstraints>false</useDomainConstraints>
<use>1</use>
<logicalDatatype>LOGDT011</logicalDatatype>
<delegate>D54ED199-B97F-7286-CF84-30BDD806F8EB</delegate>
<previousColumn>false</previousColumn>
<autoIncrementCycle>false</autoIncrementCycle>
<associations>
<colAssociation fkAssociation="9BB5832B-829D-7A1F-6E86-CCAD5D75267D" referredColumn="D54ED199-B97F-7286-CF84-30BDD806F8EB"/>
</associations>
</Column>
</columns>
<indexes>
<ind_PK_UK class="oracle.dbtools.crest.model.design.relational.Index" id="FCBD573F-DEBB-5874-DA60-EDE3CAE4A3B3" name="Key_1">
<createdBy>alumno</createdBy>
<createdTime>2012-10-17 22:48:58 UTC</createdTime>
<generatorID>BCABEA7C-2F59-FB07-1D4E-D9121E71F0F6</generatorID>
<ownerDesignName>Muebles</ownerDesignName>
<pk>true</pk>
<indexState>Primary Constraint</indexState>
<indexColumnUsage>
<colUsage columnID="CF3FA156-08A2-C859-7F81-190128D7228B"/>
</indexColumnUsage>
</ind_PK_UK>
<ind_PK_UK class="oracle.dbtools.crest.model.design.relational.Index" id="9D26D105-0E3A-F751-B206-521D5B6DEF37" name="elige">
<createdBy>alumno</createdBy>
<createdTime>2012-10-17 22:48:58 UTC</createdTime>
<generatorID>C8064ACA-7957-425D-F66C-FDF8F3A7B934</generatorID>
<ownerDesignName>Muebles</ownerDesignName>
<indexState>Foreign Key</indexState>
<indexColumnUsage>
<colUsage columnID="DCDE006C-95C4-76B4-D1A9-579C15B97BA9"/>
</indexColumnUsage>
</ind_PK_UK>
<ind_PK_UK class="oracle.dbtools.crest.model.design.relational.Index" id="789BE78C-4D52-3125-0214-12A66586934F" name="eligev1">
<createdBy>alumno</createdBy>
<createdTime>2012-10-17 22:48:58 UTC</createdTime>
<generatorID>5C9D8E0F-7517-8801-B894-7C9C33B70347</generatorID>
<ownerDesignName>Muebles</ownerDesignName>
<indexState>Foreign Key</indexState>
<indexColumnUsage>
<colUsage columnID="D40DAF00-CE7A-1036-30AA-200FBEAFAABD"/>
</indexColumnUsage>
</ind_PK_UK>
<ind_PK_UK class="oracle.dbtools.crest.model.design.relational.Index" id="E572D94D-30CF-6D6C-BC5E-960999935984" name="eligev2">
<createdBy>alumno</createdBy>
<createdTime>2012-10-17 22:48:58 UTC</createdTime>
<generatorID>36666181-C076-77AB-F281-A375870333A6</generatorID>
<ownerDesignName>Muebles</ownerDesignName>
<indexState>Foreign Key</indexState>
<indexColumnUsage>
<colUsage columnID="C3BFD349-11D8-4397-DCD0-06A6ACAB5368"/>
</indexColumnUsage>
</ind_PK_UK>
<ind_PK_UK class="oracle.dbtools.crest.model.design.relational.Index" id="EE562783-3D77-2644-ECBD-713F48257114" name="solicita">
<createdBy>alumno</createdBy>
<createdTime>2012-10-17 22:48:58 UTC</createdTime>
<generatorID>10B788CC-1E44-D7D4-6F5C-F513D481334C</generatorID>
<ownerDesignName>Muebles</ownerDesignName>
<indexState>Foreign Key</indexState>
<indexColumnUsage>
<colUsage columnID="B5C8C845-B3FE-FBE9-88F3-A1CF9DA2B45E"/>
</indexColumnUsage>
</ind_PK_UK>
<ind_PK_UK class="oracle.dbtools.crest.model.design.relational.Index" id="07F5C395-BD3D-66CC-CA82-34C56B588195" name="tiene">
<createdBy>alumno</createdBy>
<createdTime>2012-10-17 22:48:58 UTC</createdTime>
<generatorID>29815943-898B-7C97-3FBF-D31F8B859A95</generatorID>
<ownerDesignName>Muebles</ownerDesignName>
<indexState>Foreign Key</indexState>
<indexColumnUsage>
<colUsage columnID="18220131-0B96-394E-89C6-1CF50F94BC70"/>
</indexColumnUsage>
</ind_PK_UK>
</indexes>
</Table>