<?xml version = '1.0' encoding = 'UTF-8'?>
<Table class="oracle.dbtools.crest.model.design.relational.Table" id="5CEC0F3E-02AE-0B14-876B-7E0B82B57A76" directorySegmentName="seg_0" name="tienev2">
<createdBy>alumno</createdBy>
<createdTime>2012-10-17 22:48:58 UTC</createdTime>
<generatorID>Generado por el Usuario</generatorID>
<ownerDesignName>Muebles</ownerDesignName>
<pkName>tienev2__IDX</pkName>
<fonts>
<FontObject class="oracle.dbtools.crest.model.design.FontObjectWr">
<foType>Título</foType>
<fontStyle>1</fontStyle>
<colorRGB>-16776961</colorRGB>
</FontObject>
<FontObject class="oracle.dbtools.crest.model.design.FontObjectWr">
<foType>Columna</foType>
<colorRGB>-16777216</colorRGB>
</FontObject>
<FontObject class="oracle.dbtools.crest.model.design.FontObjectWr">
<foType>Tipo de Dato</foType>
<colorRGB>-16744448</colorRGB>
</FontObject>
<FontObject class="oracle.dbtools.crest.model.design.FontObjectWr">
<foType>Elemento de Clave Primaria</foType>
<colorRGB>-16776961</colorRGB>
</FontObject>
<FontObject class="oracle.dbtools.crest.model.design.FontObjectWr">
<foType>Elemento de Clave Ajena</foType>
<colorRGB>-16777216</colorRGB>
</FontObject>
<FontObject class="oracle.dbtools.crest.model.design.FontObjectWr">
<foType>Elemento de Clave Única</foType>
<colorRGB>-16776961</colorRGB>
</FontObject>
<FontObject class="oracle.dbtools.crest.model.design.FontObjectWr">
<foType>No Nulo</foType>
<colorRGB>-65536</colorRGB>
</FontObject>
<FontObject class="oracle.dbtools.crest.model.design.FontObjectWr">
<foType>Clave</foType>
<colorRGB>-16777216</colorRGB>
</FontObject>
</fonts>
<columns>
<Column class="oracle.dbtools.crest.model.design.relational.Column" name="Coleccion_id_coleccion" id="0FC675D6-4901-3BEA-76A2-627D69A817CC">
<createdBy>alumno</createdBy>
<createdTime>2012-10-17 22:48:58 UTC</createdTime>
<generatorID>Generado por el Usuario</generatorID>
<ownerDesignName>Muebles</ownerDesignName>
<useDomainConstraints>false</useDomainConstraints>
<use>1</use>
<logicalDatatype>LOGDT011</logicalDatatype>
<delegate>FBFDBBFA-D523-45D2-1A4B-37215D07606D</delegate>
<previousColumn>false</previousColumn>
<autoIncrementCycle>false</autoIncrementCycle>
<associations>
<colAssociation fkAssociation="654ADAED-1A9C-73F1-E726-3DDB30392D4D" referredColumn="FBFDBBFA-D523-45D2-1A4B-37215D07606D"/>
</associations>
</Column>
<Column class="oracle.dbtools.crest.model.design.relational.Column" name="Color_id_color" id="9C6A81F7-56B9-C013-C2A0-5BD9E05250F9">
<createdBy>alumno</createdBy>
<createdTime>2012-10-17 22:48:58 UTC</createdTime>
<generatorID>Generado por el Usuario</generatorID>
<ownerDesignName>Muebles</ownerDesignName>
<useDomainConstraints>false</useDomainConstraints>
<use>1</use>
<logicalDatatype>LOGDT011</logicalDatatype>
<delegate>496B34EE-C5CC-6D86-4B10-D9E354D0D949</delegate>
<previousColumn>false</previousColumn>
<autoIncrementCycle>false</autoIncrementCycle>
<associations>
<colAssociation fkAssociation="1B5350A6-8E09-FC60-521E-D3C703DA6BB8" referredColumn="496B34EE-C5CC-6D86-4B10-D9E354D0D949"/>
</associations>
</Column>
</columns>
<indexes>
<ind_PK_UK class="oracle.dbtools.crest.model.design.relational.Index" id="35C83751-74DD-AAB9-E8D0-815F92CCFDDE" name="tienev2__IDX">
<createdBy>alumno</createdBy>
<createdTime>2012-10-17 22:48:58 UTC</createdTime>
<generatorID>Generado por el Usuario</generatorID>
<ownerDesignName>Muebles</ownerDesignName>
<pk>true</pk>
<indexState>Primary Constraint</indexState>
<indexColumnUsage>
<colUsage columnID="0FC675D6-4901-3BEA-76A2-627D69A817CC"/>
<colUsage columnID="9C6A81F7-56B9-C013-C2A0-5BD9E05250F9"/>
</indexColumnUsage>
</ind_PK_UK>
<ind_PK_UK class="oracle.dbtools.crest.model.design.relational.Index" id="AF7EBD58-F1C8-ADC9-A649-E4812BAEC7DC" name="FK_ASS_13">
<createdBy>alumno</createdBy>
<createdTime>2012-10-17 22:48:58 UTC</createdTime>
<generatorID>B9077B96-1EDA-D592-A421-0C4ACCF009D3</generatorID>
<ownerDesignName>Muebles</ownerDesignName>
<indexState>Foreign Key</indexState>
<indexColumnUsage>
<colUsage columnID="0FC675D6-4901-3BEA-76A2-627D69A817CC"/>
</indexColumnUsage>
</ind_PK_UK>
<ind_PK_UK class="oracle.dbtools.crest.model.design.relational.Index" id="8E630CE5-1724-191C-BB1E-08911A577073" name="FK_ASS_14">
<createdBy>alumno</createdBy>
<createdTime>2012-10-17 22:48:58 UTC</createdTime>
<generatorID>B9077B96-1EDA-D592-A421-0C4ACCF009D3</generatorID>
<ownerDesignName>Muebles</ownerDesignName>
<indexState>Foreign Key</indexState>
<indexColumnUsage>
<colUsage columnID="9C6A81F7-56B9-C013-C2A0-5BD9E05250F9"/>
</indexColumnUsage>
</ind_PK_UK>
</indexes>
</Table>