<?xml version = '1.0' encoding = 'UTF-8'?>
<Table class="oracle.dbtools.crest.model.design.relational.Table" id="C6645B71-1F39-7BCE-3168-56F302D532C3" directorySegmentName="seg_0" name="Mueble">
<createdBy>alumno</createdBy>
<createdTime>2012-10-17 20:33:03 UTC</createdTime>
<generatorID>87BA8ED4-6A52-185B-ED23-671D277EED9B</generatorID>
<ownerDesignName>Muebles</ownerDesignName>
<pkName>Key_1</pkName>
<fonts>
<FontObject class="oracle.dbtools.crest.model.design.FontObjectWr">
<foType>Título</foType>
<fontStyle>1</fontStyle>
<colorRGB>-16776961</colorRGB>
</FontObject>
<FontObject class="oracle.dbtools.crest.model.design.FontObjectWr">
<foType>Columna</foType>
<colorRGB>-16777216</colorRGB>
</FontObject>
<FontObject class="oracle.dbtools.crest.model.design.FontObjectWr">
<foType>Tipo de Dato</foType>
<colorRGB>-16744448</colorRGB>
</FontObject>
<FontObject class="oracle.dbtools.crest.model.design.FontObjectWr">
<foType>Elemento de Clave Primaria</foType>
<colorRGB>-16776961</colorRGB>
</FontObject>
<FontObject class="oracle.dbtools.crest.model.design.FontObjectWr">
<foType>Elemento de Clave Ajena</foType>
<colorRGB>-16777216</colorRGB>
</FontObject>
<FontObject class="oracle.dbtools.crest.model.design.FontObjectWr">
<foType>Elemento de Clave Única</foType>
<colorRGB>-16776961</colorRGB>
</FontObject>
<FontObject class="oracle.dbtools.crest.model.design.FontObjectWr">
<foType>No Nulo</foType>
<colorRGB>-65536</colorRGB>
</FontObject>
<FontObject class="oracle.dbtools.crest.model.design.FontObjectWr">
<foType>Clave</foType>
<colorRGB>-16777216</colorRGB>
</FontObject>
</fonts>
<columns>
<Column class="oracle.dbtools.crest.model.design.relational.Column" name="id_mueble" id="EE385D49-5E14-6645-A7A4-F9EC938C89DD">
<createdBy>alumno</createdBy>
<createdTime>2012-10-17 20:33:03 UTC</createdTime>
<generatorID>4F3FB07F-7C54-39F0-4A45-E6E78CA4CA61</generatorID>
<ownerDesignName>Muebles</ownerDesignName>
<useDomainConstraints>false</useDomainConstraints>
<use>1</use>
<logicalDatatype>LOGDT011</logicalDatatype>
<previousColumn>false</previousColumn>
<autoIncrementCycle>false</autoIncrementCycle>
</Column>
<Column class="oracle.dbtools.crest.model.design.relational.Column" name="ambiente" id="8AA91B3B-CCE5-0947-8BD9-4367B707C7C8">
<createdBy>alumno</createdBy>
<createdTime>2012-10-17 20:33:03 UTC</createdTime>
<generatorID>B324036D-A9BB-61E6-E6AD-573ED461D6B5</generatorID>
<ownerDesignName>Muebles</ownerDesignName>
<nullsAllowed>true</nullsAllowed>
<useDomainConstraints>false</useDomainConstraints>
<use>1</use>
<logicalDatatype>LOGDT024</logicalDatatype>
<dataTypeSize>50</dataTypeSize>
<previousColumn>false</previousColumn>
<autoIncrementCycle>false</autoIncrementCycle>
</Column>
<Column class="oracle.dbtools.crest.model.design.relational.Column" name="tipo" id="1FCCB050-FF1E-3C10-C983-03AD97E45F7F">
<createdBy>alumno</createdBy>
<createdTime>2012-10-17 20:33:03 UTC</createdTime>
<generatorID>7ECA2E22-807D-DA17-FCDF-3C435C1CFB77</generatorID>
<ownerDesignName>Muebles</ownerDesignName>
<nullsAllowed>true</nullsAllowed>
<useDomainConstraints>false</useDomainConstraints>
<use>1</use>
<logicalDatatype>LOGDT024</logicalDatatype>
<dataTypeSize>50</dataTypeSize>
<previousColumn>false</previousColumn>
<autoIncrementCycle>false</autoIncrementCycle>
</Column>
<Column class="oracle.dbtools.crest.model.design.relational.Column" name="alto" id="7607C2C0-67D2-4735-8C33-CF5107F4C04B">
<createdBy>alumno</createdBy>
<createdTime>2012-10-17 20:33:03 UTC</createdTime>
<generatorID>7FEA92BA-F216-8314-2A0D-CA9A613440BD</generatorID>
<ownerDesignName>Muebles</ownerDesignName>
<nullsAllowed>true</nullsAllowed>
<useDomainConstraints>false</useDomainConstraints>
<use>1</use>
<logicalDatatype>LOGDT011</logicalDatatype>
<previousColumn>false</previousColumn>
<autoIncrementCycle>false</autoIncrementCycle>
</Column>
<Column class="oracle.dbtools.crest.model.design.relational.Column" name="ancho" id="6191EB1A-A85B-5BA0-3F70-2870CED21631">
<createdBy>alumno</createdBy>
<createdTime>2012-10-17 20:33:03 UTC</createdTime>
<generatorID>95237A35-960A-60A1-60A7-9A20BAD91E29</generatorID>
<ownerDesignName>Muebles</ownerDesignName>
<nullsAllowed>true</nullsAllowed>
<useDomainConstraints>false</useDomainConstraints>
<use>1</use>
<logicalDatatype>LOGDT011</logicalDatatype>
<previousColumn>false</previousColumn>
<autoIncrementCycle>false</autoIncrementCycle>
</Column>
<Column class="oracle.dbtools.crest.model.design.relational.Column" name="profundidad" id="043A5AF2-68DA-37DB-591E-F40475262747">
<createdBy>alumno</createdBy>
<createdTime>2012-10-17 20:33:03 UTC</createdTime>
<generatorID>D673C485-58C9-23D4-0C46-E71C1DD6EAE0</generatorID>
<ownerDesignName>Muebles</ownerDesignName>
<nullsAllowed>true</nullsAllowed>
<useDomainConstraints>false</useDomainConstraints>
<use>1</use>
<logicalDatatype>LOGDT011</logicalDatatype>
<previousColumn>false</previousColumn>
<autoIncrementCycle>false</autoIncrementCycle>
</Column>
<Column class="oracle.dbtools.crest.model.design.relational.Column" name="id_coleccion" id="46E74FDA-5E93-EC5A-1BE9-6D71380FBE64">
<createdBy>alumno</createdBy>
<createdTime>2012-10-17 20:33:03 UTC</createdTime>
<generatorID>DF6B8260-C877-138E-F195-741F87BE6B16</generatorID>
<ownerDesignName>Muebles</ownerDesignName>
<useDomainConstraints>false</useDomainConstraints>
<use>1</use>
<logicalDatatype>LOGDT011</logicalDatatype>
<delegate>FBFDBBFA-D523-45D2-1A4B-37215D07606D</delegate>
<previousColumn>false</previousColumn>
<autoIncrementCycle>false</autoIncrementCycle>
<associations>
<colAssociation fkAssociation="1090F40B-CF71-BC3C-08D8-5F8D014E047E" referredColumn="FBFDBBFA-D523-45D2-1A4B-37215D07606D"/>
</associations>
</Column>
</columns>
<indexes>
<ind_PK_UK class="oracle.dbtools.crest.model.design.relational.Index" id="78B6095C-3E35-570F-6B75-EC0A7A72CFC5" name="Key_1">
<createdBy>alumno</createdBy>
<createdTime>2012-10-17 20:33:03 UTC</createdTime>
<generatorID>CA79E743-4D38-48A0-C495-824A4DBB71DB</generatorID>
<ownerDesignName>Muebles</ownerDesignName>
<pk>true</pk>
<indexState>Primary Constraint</indexState>
<indexColumnUsage>
<colUsage columnID="EE385D49-5E14-6645-A7A4-F9EC938C89DD"/>
</indexColumnUsage>
</ind_PK_UK>
<ind_PK_UK class="oracle.dbtools.crest.model.design.relational.Index" id="F8FB45AA-0D1D-BE0E-BA9E-D7D53943CC43" name="es_de">
<createdBy>alumno</createdBy>
<createdTime>2012-10-17 20:33:03 UTC</createdTime>
<generatorID>F3B6F0C2-91DB-5877-1EDB-9EC78B2ACAF2</generatorID>
<ownerDesignName>Muebles</ownerDesignName>
<indexState>Foreign Key</indexState>
<indexColumnUsage>
<colUsage columnID="46E74FDA-5E93-EC5A-1BE9-6D71380FBE64"/>
</indexColumnUsage>
</ind_PK_UK>
</indexes>
</Table>