<?xml version = '1.0' encoding = 'UTF-8'?>
<Table class="oracle.dbtools.crest.model.design.relational.Table" id="FD7D9F24-78D4-6F98-2F4C-084EE3C875F5" directorySegmentName="seg_0" name="tienev1">
<createdBy>alumno</createdBy>
<createdTime>2012-10-17 22:48:58 UTC</createdTime>
<generatorID>Generado por el Usuario</generatorID>
<ownerDesignName>Muebles</ownerDesignName>
<pkName>tienev1__IDX</pkName>
<fonts>
<FontObject class="oracle.dbtools.crest.model.design.FontObjectWr">
<foType>Título</foType>
<fontStyle>1</fontStyle>
<colorRGB>-16776961</colorRGB>
</FontObject>
<FontObject class="oracle.dbtools.crest.model.design.FontObjectWr">
<foType>Columna</foType>
<colorRGB>-16777216</colorRGB>
</FontObject>
<FontObject class="oracle.dbtools.crest.model.design.FontObjectWr">
<foType>Tipo de Dato</foType>
<colorRGB>-16744448</colorRGB>
</FontObject>
<FontObject class="oracle.dbtools.crest.model.design.FontObjectWr">
<foType>Elemento de Clave Primaria</foType>
<colorRGB>-16776961</colorRGB>
</FontObject>
<FontObject class="oracle.dbtools.crest.model.design.FontObjectWr">
<foType>Elemento de Clave Ajena</foType>
<colorRGB>-16777216</colorRGB>
</FontObject>
<FontObject class="oracle.dbtools.crest.model.design.FontObjectWr">
<foType>Elemento de Clave Única</foType>
<colorRGB>-16776961</colorRGB>
</FontObject>
<FontObject class="oracle.dbtools.crest.model.design.FontObjectWr">
<foType>No Nulo</foType>
<colorRGB>-65536</colorRGB>
</FontObject>
<FontObject class="oracle.dbtools.crest.model.design.FontObjectWr">
<foType>Clave</foType>
<colorRGB>-16777216</colorRGB>
</FontObject>
</fonts>
<columns>
<Column class="oracle.dbtools.crest.model.design.relational.Column" name="Coleccion_id_coleccion" id="9D708837-E2ED-AF83-3421-4B5F7B22668B">
<createdBy>alumno</createdBy>
<createdTime>2012-10-17 22:48:58 UTC</createdTime>
<generatorID>Generado por el Usuario</generatorID>
<ownerDesignName>Muebles</ownerDesignName>
<useDomainConstraints>false</useDomainConstraints>
<use>1</use>
<logicalDatatype>LOGDT011</logicalDatatype>
<delegate>FBFDBBFA-D523-45D2-1A4B-37215D07606D</delegate>
<previousColumn>false</previousColumn>
<autoIncrementCycle>false</autoIncrementCycle>
<associations>
<colAssociation fkAssociation="6B41573C-036A-9CD3-8273-AE9566C1489D" referredColumn="FBFDBBFA-D523-45D2-1A4B-37215D07606D"/>
</associations>
</Column>
<Column class="oracle.dbtools.crest.model.design.relational.Column" name="Cristal_id_cristal" id="6D590C8E-CD13-E256-3C6D-B7F2E3A7CCF7">
<createdBy>alumno</createdBy>
<createdTime>2012-10-17 22:48:58 UTC</createdTime>
<generatorID>Generado por el Usuario</generatorID>
<ownerDesignName>Muebles</ownerDesignName>
<useDomainConstraints>false</useDomainConstraints>
<use>1</use>
<logicalDatatype>LOGDT011</logicalDatatype>
<delegate>BFBE9CBF-D98F-BDCD-3CC4-741A3C580F05</delegate>
<previousColumn>false</previousColumn>
<autoIncrementCycle>false</autoIncrementCycle>
<associations>
<colAssociation fkAssociation="8F17C040-6D02-8282-411E-9AC73B6A50E8" referredColumn="BFBE9CBF-D98F-BDCD-3CC4-741A3C580F05"/>
</associations>
</Column>
</columns>
<indexes>
<ind_PK_UK class="oracle.dbtools.crest.model.design.relational.Index" id="5A507BC4-3747-1E5A-6010-41970020C371" name="tienev1__IDX">
<createdBy>alumno</createdBy>
<createdTime>2012-10-17 22:48:58 UTC</createdTime>
<generatorID>Generado por el Usuario</generatorID>
<ownerDesignName>Muebles</ownerDesignName>
<pk>true</pk>
<indexState>Primary Constraint</indexState>
<indexColumnUsage>
<colUsage columnID="9D708837-E2ED-AF83-3421-4B5F7B22668B"/>
<colUsage columnID="6D590C8E-CD13-E256-3C6D-B7F2E3A7CCF7"/>
</indexColumnUsage>
</ind_PK_UK>
<ind_PK_UK class="oracle.dbtools.crest.model.design.relational.Index" id="7FDC0043-A737-845E-516F-101210CFAD55" name="FK_ASS_11">
<createdBy>alumno</createdBy>
<createdTime>2012-10-17 22:48:58 UTC</createdTime>
<generatorID>94E470BB-3A09-47D1-3E60-C24459C33611</generatorID>
<ownerDesignName>Muebles</ownerDesignName>
<indexState>Foreign Key</indexState>
<indexColumnUsage>
<colUsage columnID="9D708837-E2ED-AF83-3421-4B5F7B22668B"/>
</indexColumnUsage>
</ind_PK_UK>
<ind_PK_UK class="oracle.dbtools.crest.model.design.relational.Index" id="D53ED680-6929-3EBD-EE99-C9107426C8D7" name="FK_ASS_12">
<createdBy>alumno</createdBy>
<createdTime>2012-10-17 22:48:58 UTC</createdTime>
<generatorID>94E470BB-3A09-47D1-3E60-C24459C33611</generatorID>
<ownerDesignName>Muebles</ownerDesignName>
<indexState>Foreign Key</indexState>
<indexColumnUsage>
<colUsage columnID="6D590C8E-CD13-E256-3C6D-B7F2E3A7CCF7"/>
</indexColumnUsage>
</ind_PK_UK>
</indexes>
</Table>