<?xml version = '1.0' encoding = 'UTF-8'?>
<Diagram class="oracle.dbtools.crest.swingui.logical.DPVLogical" id="16A09233-0414-13F5-5286-951FDA4A2611">
<createdBy>alumno</createdBy>
<createdTime>2012-11-20 16:54:44 UTC</createdTime>
<autoRoute>false</autoRoute>
<boxInbox>true</boxInbox>
<showLegend>false</showLegend>
<showLabels>false</showLabels>
<showGrid>false</showGrid>
<diagramColor>-1</diagramColor>
<display>false</display>
<notation>1</notation>
<objectViews>
<OView class="oracle.dbtools.crest.swingui.logical.TVEntity" oid="37E74B8A-236A-F7BA-3EC8-5FFFB13600BB" otype="Entity" vid="721ADC79-7593-81F3-02F9-E3F4334A727B">
<bounds x="60" y="70" width="170" height="110"/>
</OView>
<OView class="oracle.dbtools.crest.swingui.logical.TVEntity" oid="39D6FCEF-148C-D067-C6F7-D0B3A813E3A6" otype="Entity" vid="3F66134B-8494-2ADF-7EE7-7E72CD0DF64D">
<bounds x="160" y="270" width="170" height="110"/>
</OView>
<OView class="oracle.dbtools.crest.swingui.logical.TVEntity" oid="53CFBA8A-8204-D35D-3C0F-F7BF38E7D14C" otype="Entity" vid="2B0FF0A3-8B4E-2165-AA31-F361FCA6136B">
<bounds x="190" y="330" width="170" height="110"/>
</OView>
<OView class="oracle.dbtools.crest.swingui.logical.TVEntity" oid="6F448F5F-37A6-B55A-8C04-F3647E3EC0F7" otype="Entity" vid="639FB2DA-017D-1211-6D14-75AA315DAE0E">
<bounds x="90" y="130" width="170" height="110"/>
</OView>
<OView class="oracle.dbtools.crest.swingui.logical.TVEntity" oid="792149F2-4033-5278-016F-A2DE944B4539" otype="Entity" vid="14E93D9A-95C0-7606-B7BC-16D3DEC50A5D">
<bounds x="110" y="170" width="170" height="110"/>
</OView>
<OView class="oracle.dbtools.crest.swingui.logical.TVEntity" oid="95E41147-0302-7CB8-9B65-312EEE87FE75" otype="Entity" vid="FF009BCA-A4BB-5F2B-A62B-6919D34D71F3">
<bounds x="80" y="110" width="170" height="110"/>
</OView>
<OView class="oracle.dbtools.crest.swingui.logical.TVEntity" oid="9F56375E-7CA6-EDB7-98C4-6151A0142E67" otype="Entity" vid="D7C73324-024D-325F-7D5D-55D1ED90C2C7">
<bounds x="90" y="130" width="170" height="110"/>
</OView>
<OView class="oracle.dbtools.crest.swingui.logical.TVEntity" oid="A92B4E50-BAC8-545F-EA8F-1B346AFF342C" otype="Entity" vid="4C4880BE-B4C6-9E5C-D808-BD107E4550FD">
<bounds x="50" y="50" width="170" height="110"/>
</OView>
<OView class="oracle.dbtools.crest.swingui.logical.TVEntity" oid="AFD3E280-6B11-0CC0-79A4-88117827E852" otype="Entity" vid="26E46A35-67E1-A509-2980-37460CAA207B">
<bounds x="120" y="190" width="170" height="110"/>
</OView>
<OView class="oracle.dbtools.crest.swingui.logical.TVEntity" oid="B7A70637-F9AC-43FD-204A-9AE67939A3C8" otype="Entity" vid="10EFEC3A-DA5E-AC64-E156-91116540250B">
<bounds x="150" y="250" width="170" height="110"/>
</OView>
<OView class="oracle.dbtools.crest.swingui.logical.TVEntity" oid="C5A462C3-2FC0-66CB-2240-1AE170FDCAA4" otype="Entity" vid="B70BACCC-3273-1671-5C31-764A74772C41">
<bounds x="130" y="210" width="170" height="110"/>
</OView>
</objectViews>
<connectors>
<Connector class="oracle.dbtools.crest.swingui.logical.TVRelation" oid="318CFED6-3C11-7545-93F4-7A27DD239AD0" otype="Relation" vid_source="2B0FF0A3-8B4E-2165-AA31-F361FCA6136B" vid_target="26E46A35-67E1-A509-2980-37460CAA207B">
<lineWidth>1</lineWidth>
</Connector>
<Connector class="oracle.dbtools.crest.swingui.logical.TVRelation" oid="41112069-34B0-F283-9B5F-75A175068DD9" otype="Relation" vid_source="4C4880BE-B4C6-9E5C-D808-BD107E4550FD" vid_target="639FB2DA-017D-1211-6D14-75AA315DAE0E">
<lineWidth>1</lineWidth>
<points>
<point x="220" y="145"/>
<point x="90" y="145"/>
</points>
</Connector>
<Connector class="oracle.dbtools.crest.swingui.logical.TVRelation" oid="590EA8DA-81AC-8991-CB6B-131CBAF53F1D" otype="Relation" vid_source="4C4880BE-B4C6-9E5C-D808-BD107E4550FD" vid_target="721ADC79-7593-81F3-02F9-E3F4334A727B">
<lineWidth>1</lineWidth>
<points>
<point x="220" y="115"/>
<point x="60" y="115"/>
</points>
</Connector>
<Connector class="oracle.dbtools.crest.swingui.logical.TVRelation" oid="6EF80AB7-916F-387E-27CF-42B18E752B82" otype="Relation" vid_source="4C4880BE-B4C6-9E5C-D808-BD107E4550FD" vid_target="26E46A35-67E1-A509-2980-37460CAA207B">
<lineWidth>1</lineWidth>
</Connector>
<Connector class="oracle.dbtools.crest.swingui.logical.TVRelation" oid="71F2457D-6DAA-FCB0-3BA2-61AE1FD521A3" otype="Relation" vid_source="B70BACCC-3273-1671-5C31-764A74772C41" vid_target="10EFEC3A-DA5E-AC64-E156-91116540250B">
<lineWidth>1</lineWidth>
</Connector>
<Connector class="oracle.dbtools.crest.swingui.logical.TVRelation" oid="78E00641-036E-41AB-4D6D-EFF32D670447" otype="Relation" vid_source="FF009BCA-A4BB-5F2B-A62B-6919D34D71F3" vid_target="D7C73324-024D-325F-7D5D-55D1ED90C2C7">
<lineWidth>1</lineWidth>
<points>
<point x="250" y="185"/>
<point x="90" y="185"/>
</points>
</Connector>
<Connector class="oracle.dbtools.crest.swingui.logical.TVRelation" oid="7EC028C8-6FF6-24A3-4531-9BC0FB23721A" otype="Relation" vid_source="B70BACCC-3273-1671-5C31-764A74772C41" vid_target="2B0FF0A3-8B4E-2165-AA31-F361FCA6136B">
<lineWidth>1</lineWidth>
</Connector>
<Connector class="oracle.dbtools.crest.swingui.logical.TVRelation" oid="82146703-D965-40CA-6A14-AAACA1E3D640" otype="Relation" vid_source="4C4880BE-B4C6-9E5C-D808-BD107E4550FD" vid_target="B70BACCC-3273-1671-5C31-764A74772C41">
<lineWidth>1</lineWidth>
<points>
<point x="175" y="160"/>
<point x="175" y="210"/>
</points>
</Connector>
<Connector class="oracle.dbtools.crest.swingui.logical.TVRelation" oid="8CC8CFD5-F6D6-9B35-CD03-0D58D4AD54CA" otype="Relation" vid_source="3F66134B-8494-2ADF-7EE7-7E72CD0DF64D" vid_target="26E46A35-67E1-A509-2980-37460CAA207B">
<lineWidth>1</lineWidth>
</Connector>
<Connector class="oracle.dbtools.crest.swingui.logical.TVRelation" oid="9250D8E6-D30E-4D2D-8A52-09CEF5593A1E" otype="Relation" vid_source="D7C73324-024D-325F-7D5D-55D1ED90C2C7" vid_target="26E46A35-67E1-A509-2980-37460CAA207B">
<lineWidth>1</lineWidth>
</Connector>
<Connector class="oracle.dbtools.crest.swingui.logical.TVRelation" oid="A8DBD1E7-D658-48F3-A9BD-C8C29BF3A645" otype="Relation" vid_source="B70BACCC-3273-1671-5C31-764A74772C41" vid_target="3F66134B-8494-2ADF-7EE7-7E72CD0DF64D">
<lineWidth>1</lineWidth>
</Connector>
<Connector class="oracle.dbtools.crest.swingui.logical.TVRelation" oid="F13B14F0-684A-04A5-8547-789A278DDD00" otype="Relation" vid_source="4C4880BE-B4C6-9E5C-D808-BD107E4550FD" vid_target="14E93D9A-95C0-7606-B7BC-16D3DEC50A5D">
<lineWidth>1</lineWidth>
<points>
<point x="165" y="160"/>
<point x="165" y="170"/>
</points>
</Connector>
<Connector class="oracle.dbtools.crest.swingui.logical.TVRelation" oid="FED42C1B-40B6-90A2-A3F4-0B7018F0532F" otype="Relation" vid_source="26E46A35-67E1-A509-2980-37460CAA207B" vid_target="10EFEC3A-DA5E-AC64-E156-91116540250B">
<lineWidth>1</lineWidth>
</Connector>
</connectors>
</Diagram>