<?xml version = '1.0' encoding = 'UTF-8'?>
<Diagram class="oracle.dbtools.crest.swingui.logical.DPVLogicalSubView" name="Logical - SubView_1" id="34D3FBD9-C035-5943-32E3-2E673F8D36AB">
<createdBy>alumno</createdBy>
<createdTime>2012-11-20 16:54:44 UTC</createdTime>
<autoRoute>false</autoRoute>
<boxInbox>true</boxInbox>
<showLegend>false</showLegend>
<showLabels>false</showLabels>
<showGrid>false</showGrid>
<diagramColor>-1</diagramColor>
<display>false</display>
<notation>1</notation>
<objectViews>
<OView class="oracle.dbtools.crest.swingui.logical.TVEntity" oid="37E74B8A-236A-F7BA-3EC8-5FFFB13600BB" otype="Entity" vid="941B73E1-1793-44BE-7004-DE20D1BC9F3E">
<bounds x="94" y="456" width="114" height="57"/>
</OView>
<OView class="oracle.dbtools.crest.swingui.logical.TVEntity" oid="39D6FCEF-148C-D067-C6F7-D0B3A813E3A6" otype="Entity" vid="9D71F070-CD9F-105F-47C8-E71B609C53C4">
<bounds x="303" y="301" width="158" height="50"/>
</OView>
<OView class="oracle.dbtools.crest.swingui.logical.TVEntity" oid="53CFBA8A-8204-D35D-3C0F-F7BF38E7D14C" otype="Entity" vid="5BBF5C6D-0787-9520-20DE-072E36EA639D">
<bounds x="303" y="367" width="157" height="65"/>
</OView>
<OView class="oracle.dbtools.crest.swingui.logical.TVEntity" oid="6F448F5F-37A6-B55A-8C04-F3647E3EC0F7" otype="Entity" vid="27DD5605-8CFB-6C05-0765-06A108C63694">
<bounds x="2" y="333" width="106" height="56"/>
</OView>
<OView class="oracle.dbtools.crest.swingui.logical.TVEntity" oid="792149F2-4033-5278-016F-A2DE944B4539" otype="Entity" vid="15828D70-62DC-493A-1F6A-FAB2F5453DAC">
<bounds x="47" y="397" width="110" height="48"/>
</OView>
<OView class="oracle.dbtools.crest.swingui.logical.TVEntity" oid="95E41147-0302-7CB8-9B65-312EEE87FE75" otype="Entity" vid="656D14F4-0A26-0359-CE54-135D34F600C5">
<bounds x="293" y="32" width="170" height="104"/>
</OView>
<OView class="oracle.dbtools.crest.swingui.logical.TVEntity" oid="9F56375E-7CA6-EDB7-98C4-6151A0142E67" otype="Entity" vid="12E46EA4-EFDE-E432-7640-FD55A5184715">
<bounds x="520" y="33" width="111" height="107"/>
</OView>
<OView class="oracle.dbtools.crest.swingui.logical.TVEntity" oid="A92B4E50-BAC8-545F-EA8F-1B346AFF342C" otype="Entity" vid="FFFD1149-EE3E-06C9-0551-3A120F2C17B7">
<bounds x="43" y="37" width="136" height="136"/>
</OView>
<OView class="oracle.dbtools.crest.swingui.logical.TVEntity" oid="AFD3E280-6B11-0CC0-79A4-88117827E852" otype="Entity" vid="73E9487F-97DA-B65D-AC35-2735BE589CE9">
<bounds x="526" y="199" width="109" height="218"/>
</OView>
<OView class="oracle.dbtools.crest.swingui.logical.TVEntity" oid="B7A70637-F9AC-43FD-204A-9AE67939A3C8" otype="Entity" vid="8A6D4C2C-4BEE-5250-0984-961FC5255A80">
<bounds x="302" y="236" width="159" height="55"/>
</OView>
<OView class="oracle.dbtools.crest.swingui.logical.TVEntity" oid="C5A462C3-2FC0-66CB-2240-1AE170FDCAA4" otype="Entity" vid="660F1E79-F214-BE7D-A947-40853E47B363">
<bounds x="145" y="270" width="114" height="111"/>
</OView>
</objectViews>
<connectors>
<Connector class="oracle.dbtools.crest.swingui.logical.TVRelation" oid="318CFED6-3C11-7545-93F4-7A27DD239AD0" otype="Relation" vid_source="5BBF5C6D-0787-9520-20DE-072E36EA639D" vid_target="73E9487F-97DA-B65D-AC35-2735BE589CE9">
<lineWidth>1</lineWidth>
<points>
<point x="460" y="392"/>
<point x="526" y="392"/>
</points>
</Connector>
<Connector class="oracle.dbtools.crest.swingui.logical.TVRelation" oid="41112069-34B0-F283-9B5F-75A175068DD9" otype="Relation" vid_source="FFFD1149-EE3E-06C9-0551-3A120F2C17B7" vid_target="27DD5605-8CFB-6C05-0765-06A108C63694">
<lineWidth>1</lineWidth>
<points>
<point x="75" y="173"/>
<point x="75" y="333"/>
</points>
</Connector>
<Connector class="oracle.dbtools.crest.swingui.logical.TVRelation" oid="590EA8DA-81AC-8991-CB6B-131CBAF53F1D" otype="Relation" vid_source="FFFD1149-EE3E-06C9-0551-3A120F2C17B7" vid_target="941B73E1-1793-44BE-7004-DE20D1BC9F3E">
<lineWidth>1</lineWidth>
<points>
<point x="136" y="173"/>
<point x="136" y="456"/>
</points>
</Connector>
<Connector class="oracle.dbtools.crest.swingui.logical.TVRelation" oid="6EF80AB7-916F-387E-27CF-42B18E752B82" otype="Relation" vid_source="FFFD1149-EE3E-06C9-0551-3A120F2C17B7" vid_target="73E9487F-97DA-B65D-AC35-2735BE589CE9">
<lineWidth>1</lineWidth>
<points>
<point x="179" y="105"/>
<point x="526" y="216"/>
</points>
</Connector>
<Connector class="oracle.dbtools.crest.swingui.logical.TVRelation" oid="71F2457D-6DAA-FCB0-3BA2-61AE1FD521A3" otype="Relation" vid_source="660F1E79-F214-BE7D-A947-40853E47B363" vid_target="8A6D4C2C-4BEE-5250-0984-961FC5255A80">
<lineWidth>1</lineWidth>
<points>
<point x="259" y="280"/>
<point x="302" y="280"/>
</points>
</Connector>
<Connector class="oracle.dbtools.crest.swingui.logical.TVRelation" oid="78E00641-036E-41AB-4D6D-EFF32D670447" otype="Relation" vid_source="656D14F4-0A26-0359-CE54-135D34F600C5" vid_target="12E46EA4-EFDE-E432-7640-FD55A5184715">
<lineWidth>1</lineWidth>
<points>
<point x="463" y="84"/>
<point x="520" y="84"/>
</points>
</Connector>
<Connector class="oracle.dbtools.crest.swingui.logical.TVRelation" oid="7EC028C8-6FF6-24A3-4531-9BC0FB23721A" otype="Relation" vid_source="660F1E79-F214-BE7D-A947-40853E47B363" vid_target="5BBF5C6D-0787-9520-20DE-072E36EA639D">
<lineWidth>1</lineWidth>
<points>
<point x="259" y="374"/>
<point x="303" y="374"/>
</points>
</Connector>
<Connector class="oracle.dbtools.crest.swingui.logical.TVRelation" oid="82146703-D965-40CA-6A14-AAACA1E3D640" otype="Relation" vid_source="FFFD1149-EE3E-06C9-0551-3A120F2C17B7" vid_target="660F1E79-F214-BE7D-A947-40853E47B363">
<lineWidth>1</lineWidth>
<points>
<point x="162" y="173"/>
<point x="162" y="270"/>
</points>
</Connector>
<Connector class="oracle.dbtools.crest.swingui.logical.TVRelation" oid="8CC8CFD5-F6D6-9B35-CD03-0D58D4AD54CA" otype="Relation" vid_source="9D71F070-CD9F-105F-47C8-E71B609C53C4" vid_target="73E9487F-97DA-B65D-AC35-2735BE589CE9">
<lineWidth>1</lineWidth>
<points>
<point x="461" y="326"/>
<point x="526" y="326"/>
</points>
</Connector>
<Connector class="oracle.dbtools.crest.swingui.logical.TVRelation" oid="9250D8E6-D30E-4D2D-8A52-09CEF5593A1E" otype="Relation" vid_source="12E46EA4-EFDE-E432-7640-FD55A5184715" vid_target="73E9487F-97DA-B65D-AC35-2735BE589CE9">
<lineWidth>1</lineWidth>
<points>
<point x="578" y="140"/>
<point x="578" y="199"/>
</points>
</Connector>
<Connector class="oracle.dbtools.crest.swingui.logical.TVRelation" oid="A8DBD1E7-D658-48F3-A9BD-C8C29BF3A645" otype="Relation" vid_source="660F1E79-F214-BE7D-A947-40853E47B363" vid_target="9D71F070-CD9F-105F-47C8-E71B609C53C4">
<lineWidth>1</lineWidth>
<points>
<point x="259" y="326"/>
<point x="303" y="326"/>
</points>
</Connector>
<Connector class="oracle.dbtools.crest.swingui.logical.TVRelation" oid="F13B14F0-684A-04A5-8547-789A278DDD00" otype="Relation" vid_source="FFFD1149-EE3E-06C9-0551-3A120F2C17B7" vid_target="15828D70-62DC-493A-1F6A-FAB2F5453DAC">
<lineWidth>1</lineWidth>
<points>
<point x="102" y="173"/>
<point x="102" y="397"/>
</points>
</Connector>
<Connector class="oracle.dbtools.crest.swingui.logical.TVRelation" oid="FED42C1B-40B6-90A2-A3F4-0B7018F0532F" otype="Relation" vid_source="73E9487F-97DA-B65D-AC35-2735BE589CE9" vid_target="8A6D4C2C-4BEE-5250-0984-961FC5255A80">
<lineWidth>1</lineWidth>
<points>
<point x="526" y="263"/>
<point x="461" y="263"/>
</points>
</Connector>
</connectors>
</Diagram>