<?xml version = '1.0' encoding = 'UTF-8'?>
<StorageDesignOraclev11g class="oracle.dbtools.crest.model.design.storage.oracle.v11g.StorageDesignOraclev11g" name="Oracle Database 11g" id="B509AA97-9F5D-541E-BD01-5BF3D72AD2FE">
<createdBy>Administrator</createdBy>
<createdTime>2012-11-25 17:26:37 UTC</createdTime>
<ownerDesignName>Muebles3</ownerDesignName>
<siteID>32076570-2523-435C-2E92-BF29817DFF70</siteID>
<siteName>Oracle Database 11g</siteName>
<siteType>9</siteType>
</StorageDesignOraclev11g>