<?xml version = '1.0' encoding = 'UTF-8'?>
<FKIndexAssociation class="oracle.dbtools.crest.model.design.relational.FKIndexAssociation" id="0702BEB1-5A1C-4F6B-9E74-2970912751E8" directorySegmentName="seg_0" name="Linea_tiene_Color">
<createdBy>alumno</createdBy>
<createdTime>2012-11-20 20:11:45 UTC</createdTime>
<generatorID>8BFF55C8-BCFF-783F-062F-1A1F32731BB9</generatorID>
<ownerDesignName>CatalogoMuebles</ownerDesignName>
<containerWithKeyObject>5CCBD097-32F4-2FBC-BD68-5B4B710E1BEB</containerWithKeyObject>
<deleteRule>RESTRICT</deleteRule>
<localFKIndex>E72D0E5F-CD21-8743-ABDE-5C3CEE9F4599</localFKIndex>
<keyObject>C624FE0D-250B-6355-C5AE-F1748AD66B32</keyObject>
<mandatory>false</mandatory>
<transferable>true</transferable>
</FKIndexAssociation>