<?xml version = '1.0' encoding = 'UTF-8'?>
<FKIndexAssociation class="oracle.dbtools.crest.model.design.relational.FKIndexAssociation" id="0BC8B5D5-46CC-B86D-0CDD-A3E2FCB9E0E8" directorySegmentName="seg_0" name="Mueble_pertenece_Coleccion">
<createdBy>alumno</createdBy>
<createdTime>2012-11-20 20:11:45 UTC</createdTime>
<generatorID>B39D4D8F-97DD-7A15-E031-BCBE76484028</generatorID>
<ownerDesignName>CatalogoMuebles</ownerDesignName>
<containerWithKeyObject>E47208EF-21AD-8645-FBA8-F19086A5A034</containerWithKeyObject>
<deleteRule>RESTRICT</deleteRule>
<localFKIndex>15CE5631-8275-05AA-E5FC-0DD5DDD50052</localFKIndex>
<keyObject>5BF15864-EAB4-A774-5446-2AA9FF3B7854</keyObject>
<mandatory>false</mandatory>
<transferable>true</transferable>
</FKIndexAssociation>