<?xml version = '1.0' encoding = 'UTF-8'?>
<FKIndexAssociation class="oracle.dbtools.crest.model.design.relational.FKIndexAssociation" id="11A9A480-F424-DB59-6C95-5832E4A03F9C" directorySegmentName="seg_0" name="FK_ASS_10">
<createdBy>alumno</createdBy>
<createdTime>2012-11-20 20:11:45 UTC</createdTime>
<generatorID>586E4765-72B7-CAB1-0A71-0F0F12DD7423</generatorID>
<ownerDesignName>CatalogoMuebles</ownerDesignName>
<containerWithKeyObject>123AABC8-DE3A-C0F3-6B26-54B220D95CDE</containerWithKeyObject>
<deleteRule>CASCADE</deleteRule>
<localFKIndex>2513F17E-9749-00ED-325F-2CD6441E7E03</localFKIndex>
<keyObject>9AD2699C-FA7B-7866-1FF3-FD5D1308E8B3</keyObject>
<mandatory>true</mandatory>
<transferable>true</transferable>
</FKIndexAssociation>