<?xml version = '1.0' encoding = 'UTF-8'?>
<FKIndexAssociation class="oracle.dbtools.crest.model.design.relational.FKIndexAssociation" id="11B5D5D5-529F-BD87-2175-A04029B418AE" directorySegmentName="seg_0" name="FK_ASS_16">
<createdBy>alumno</createdBy>
<createdTime>2012-11-20 20:11:45 UTC</createdTime>
<generatorID>BCD602D0-7FF8-479C-97A9-5BBE192583C4</generatorID>
<ownerDesignName>CatalogoMuebles</ownerDesignName>
<containerWithKeyObject>DE8DE73F-FD92-7F71-664D-465D9AC22F3B</containerWithKeyObject>
<deleteRule>CASCADE</deleteRule>
<localFKIndex>7193F04F-BAC1-2C42-6511-C2431B27A44B</localFKIndex>
<keyObject>317CFAEC-FFE0-6A16-394F-0F7F1B611E4C</keyObject>
<mandatory>true</mandatory>
<transferable>true</transferable>
</FKIndexAssociation>