<?xml version = '1.0' encoding = 'UTF-8'?>
<FKIndexAssociation class="oracle.dbtools.crest.model.design.relational.FKIndexAssociation" id="287CB35C-2EA8-5AEA-03C5-8104FBD01DAA" directorySegmentName="seg_0" name="FK_ASS_4">
<createdBy>alumno</createdBy>
<createdTime>2012-11-20 20:11:45 UTC</createdTime>
<generatorID>2F4455F1-76AE-5E3F-E309-1C013812879B</generatorID>
<ownerDesignName>CatalogoMuebles</ownerDesignName>
<containerWithKeyObject>C4248EB5-3315-9F8A-3D43-6726AFA139B0</containerWithKeyObject>
<deleteRule>CASCADE</deleteRule>
<localFKIndex>540CC5FD-2407-6DBF-70F4-20322F571363</localFKIndex>
<keyObject>BE887714-50CD-F77E-61E3-02CD244BA7FA</keyObject>
<mandatory>true</mandatory>
<transferable>true</transferable>
</FKIndexAssociation>