<?xml version = '1.0' encoding = 'UTF-8'?>
<FKIndexAssociation class="oracle.dbtools.crest.model.design.relational.FKIndexAssociation" id="3884E144-D902-A514-B8F7-806F0DEE6D61" directorySegmentName="seg_0" name="Mueble_esDe_Tipo">
<createdBy>alumno</createdBy>
<createdTime>2012-11-20 20:11:45 UTC</createdTime>
<generatorID>5A854629-A63A-16DA-EE61-645E09C39066</generatorID>
<ownerDesignName>CatalogoMuebles</ownerDesignName>
<containerWithKeyObject>E47208EF-21AD-8645-FBA8-F19086A5A034</containerWithKeyObject>
<deleteRule>RESTRICT</deleteRule>
<localFKIndex>5A4FB25B-3661-8344-E4C0-C9952DE34205</localFKIndex>
<keyObject>1E1518C7-C639-C862-4239-5CAB0269DF75</keyObject>
<mandatory>false</mandatory>
<transferable>true</transferable>
</FKIndexAssociation>