<?xml version = '1.0' encoding = 'UTF-8'?>
<FKIndexAssociation class="oracle.dbtools.crest.model.design.relational.FKIndexAssociation" id="3B9884C1-89E4-C7FF-E14C-54D19E3F58DE" directorySegmentName="seg_0" name="Linea_tiene_Mueble">
<createdBy>alumno</createdBy>
<createdTime>2012-11-20 20:11:45 UTC</createdTime>
<generatorID>8F836634-632B-6777-9770-B36285D9055E</generatorID>
<ownerDesignName>CatalogoMuebles</ownerDesignName>
<containerWithKeyObject>5CCBD097-32F4-2FBC-BD68-5B4B710E1BEB</containerWithKeyObject>
<deleteRule>RESTRICT</deleteRule>
<localFKIndex>C3E66F8D-FAC7-11B0-8887-DF03038DB542</localFKIndex>
<keyObject>9AD2699C-FA7B-7866-1FF3-FD5D1308E8B3</keyObject>
<mandatory>false</mandatory>
<transferable>true</transferable>
</FKIndexAssociation>