<?xml version = '1.0' encoding = 'UTF-8'?>
<FKIndexAssociation class="oracle.dbtools.crest.model.design.relational.FKIndexAssociation" id="44C689E0-FD35-F695-B095-EA9929642B96" directorySegmentName="seg_0" name="Usuario_realiza_Pedido">
<createdBy>alumno</createdBy>
<createdTime>2012-11-20 20:11:45 UTC</createdTime>
<generatorID>A49800C7-C35A-6E46-98E1-C7CF039C70DE</generatorID>
<ownerDesignName>CatalogoMuebles</ownerDesignName>
<containerWithKeyObject>BC2157CC-7AED-90F7-B6DA-3BBD934D0648</containerWithKeyObject>
<deleteRule>RESTRICT</deleteRule>
<localFKIndex>1DE91F65-2F4F-D468-CED6-0A14A9FFF3CB</localFKIndex>
<keyObject>F1EF8CCB-0C96-C25D-71AD-1160497B573B</keyObject>
<mandatory>false</mandatory>
<transferable>true</transferable>
</FKIndexAssociation>