<?xml version = '1.0' encoding = 'UTF-8'?>
<FKIndexAssociation class="oracle.dbtools.crest.model.design.relational.FKIndexAssociation" id="4E94201D-6DE2-EBD7-C830-7B80C01EF2C3" directorySegmentName="seg_0" name="FK_ASS_1">
<createdBy>alumno</createdBy>
<createdTime>2012-11-20 20:11:45 UTC</createdTime>
<generatorID>E72DCD0C-E83F-5CC6-4706-E5DE24379681</generatorID>
<ownerDesignName>CatalogoMuebles</ownerDesignName>
<containerWithKeyObject>53FBB2FE-82E4-68D7-B083-022FC9E56894</containerWithKeyObject>
<deleteRule>CASCADE</deleteRule>
<localFKIndex>006EF8C7-6FED-F245-DBB0-F482928B943A</localFKIndex>
<keyObject>C624FE0D-250B-6355-C5AE-F1748AD66B32</keyObject>
<mandatory>true</mandatory>
<transferable>true</transferable>
</FKIndexAssociation>