<?xml version = '1.0' encoding = 'UTF-8'?>
<FKIndexAssociation class="oracle.dbtools.crest.model.design.relational.FKIndexAssociation" id="4FB43853-AE87-410E-FBC3-18B9381F8E44" directorySegmentName="seg_0" name="FK_ASS_11">
<createdBy>alumno</createdBy>
<createdTime>2012-11-20 20:11:45 UTC</createdTime>
<generatorID>586E4765-72B7-CAB1-0A71-0F0F12DD7423</generatorID>
<ownerDesignName>CatalogoMuebles</ownerDesignName>
<containerWithKeyObject>123AABC8-DE3A-C0F3-6B26-54B220D95CDE</containerWithKeyObject>
<deleteRule>CASCADE</deleteRule>
<localFKIndex>1D884CC1-E55F-4337-2BEC-CE439D382BB2</localFKIndex>
<keyObject>47EA6F99-61CA-8734-E4BF-458EEDAEC38B</keyObject>
<mandatory>true</mandatory>
<transferable>true</transferable>
</FKIndexAssociation>