<?xml version = '1.0' encoding = 'UTF-8'?>
<FKIndexAssociation class="oracle.dbtools.crest.model.design.relational.FKIndexAssociation" id="554560AC-5BFF-6392-CDD6-1ABBD6276706" directorySegmentName="seg_0" name="FK_ASS_3">
<createdBy>alumno</createdBy>
<createdTime>2012-11-20 20:11:45 UTC</createdTime>
<generatorID>2F4455F1-76AE-5E3F-E309-1C013812879B</generatorID>
<ownerDesignName>CatalogoMuebles</ownerDesignName>
<containerWithKeyObject>C4248EB5-3315-9F8A-3D43-6726AFA139B0</containerWithKeyObject>
<deleteRule>CASCADE</deleteRule>
<localFKIndex>4DBBE30F-3B4C-161B-6555-415CFD4445E0</localFKIndex>
<keyObject>5BF15864-EAB4-A774-5446-2AA9FF3B7854</keyObject>
<mandatory>true</mandatory>
<transferable>true</transferable>
</FKIndexAssociation>