<?xml version = '1.0' encoding = 'UTF-8'?>
<FKIndexAssociation class="oracle.dbtools.crest.model.design.relational.FKIndexAssociation" id="71610639-B3AD-98FC-D128-002381A02A06" directorySegmentName="seg_0" name="FK_ASS_15">
<createdBy>alumno</createdBy>
<createdTime>2012-11-20 20:11:45 UTC</createdTime>
<generatorID>BCD602D0-7FF8-479C-97A9-5BBE192583C4</generatorID>
<ownerDesignName>CatalogoMuebles</ownerDesignName>
<containerWithKeyObject>DE8DE73F-FD92-7F71-664D-465D9AC22F3B</containerWithKeyObject>
<deleteRule>CASCADE</deleteRule>
<localFKIndex>29DDFB55-8075-A52E-2557-D6B764C61CC8</localFKIndex>
<keyObject>5BF15864-EAB4-A774-5446-2AA9FF3B7854</keyObject>
<mandatory>true</mandatory>
<transferable>true</transferable>
</FKIndexAssociation>