<?xml version = '1.0' encoding = 'UTF-8'?>
<FKIndexAssociation class="oracle.dbtools.crest.model.design.relational.FKIndexAssociation" id="73EC4A76-5896-706D-81B3-9C3C61928F10" directorySegmentName="seg_0" name="Mueble_esDe_Ambiente">
<createdBy>alumno</createdBy>
<createdTime>2012-11-20 20:11:45 UTC</createdTime>
<generatorID>F5B788C2-CB0A-86C9-50BA-E101C345A51B</generatorID>
<ownerDesignName>CatalogoMuebles</ownerDesignName>
<containerWithKeyObject>E47208EF-21AD-8645-FBA8-F19086A5A034</containerWithKeyObject>
<deleteRule>RESTRICT</deleteRule>
<localFKIndex>A910C414-B537-EDDF-51CB-8EE0333A3EB4</localFKIndex>
<keyObject>24E0ABC6-407F-FB5F-A860-BDA63B1071EA</keyObject>
<mandatory>false</mandatory>
<transferable>true</transferable>
</FKIndexAssociation>