<?xml version = '1.0' encoding = 'UTF-8'?>
<FKIndexAssociation class="oracle.dbtools.crest.model.design.relational.FKIndexAssociation" id="A598F095-DA1B-66C0-EE51-C592CD920C12" directorySegmentName="seg_0" name="FK_ASS_2">
<createdBy>alumno</createdBy>
<createdTime>2012-11-20 20:11:45 UTC</createdTime>
<generatorID>E72DCD0C-E83F-5CC6-4706-E5DE24379681</generatorID>
<ownerDesignName>CatalogoMuebles</ownerDesignName>
<containerWithKeyObject>53FBB2FE-82E4-68D7-B083-022FC9E56894</containerWithKeyObject>
<deleteRule>CASCADE</deleteRule>
<localFKIndex>8B5CD945-FDB2-7518-7B33-76899F98D696</localFKIndex>
<keyObject>5BF15864-EAB4-A774-5446-2AA9FF3B7854</keyObject>
<mandatory>true</mandatory>
<transferable>true</transferable>
</FKIndexAssociation>