<?xml version = '1.0' encoding = 'UTF-8'?>
<FKIndexAssociation class="oracle.dbtools.crest.model.design.relational.FKIndexAssociation" id="CC4106CB-F0C2-9AF1-D881-53FE6B7C19C4" directorySegmentName="seg_0" name="Pedido_tiene_Linea">
<createdBy>alumno</createdBy>
<createdTime>2012-11-20 20:11:45 UTC</createdTime>
<generatorID>1CA61C2D-EFC6-6C8A-317F-15C15FCADEE7</generatorID>
<ownerDesignName>CatalogoMuebles</ownerDesignName>
<containerWithKeyObject>5CCBD097-32F4-2FBC-BD68-5B4B710E1BEB</containerWithKeyObject>
<deleteRule>RESTRICT</deleteRule>
<localFKIndex>D5A2663E-B557-EC53-56EA-5DC91E84EE39</localFKIndex>
<keyObject>6B3D9B47-E037-D85A-8CB5-8F77A657AA2C</keyObject>
<mandatory>false</mandatory>
<transferable>true</transferable>
</FKIndexAssociation>