<?xml version = '1.0' encoding = 'UTF-8'?>
<FKIndexAssociation class="oracle.dbtools.crest.model.design.relational.FKIndexAssociation" id="CEC04E4C-5188-C024-B944-FBD32EFCEFE3" directorySegmentName="seg_0" name="Linea_tiene_Cristal">
<createdBy>alumno</createdBy>
<createdTime>2012-11-20 20:11:45 UTC</createdTime>
<generatorID>5D40C36A-D99D-7366-E24A-B39741FBBF2F</generatorID>
<ownerDesignName>CatalogoMuebles</ownerDesignName>
<containerWithKeyObject>5CCBD097-32F4-2FBC-BD68-5B4B710E1BEB</containerWithKeyObject>
<deleteRule>RESTRICT</deleteRule>
<localFKIndex>E0AB7322-09EF-B455-7F4A-D2891B7B1886</localFKIndex>
<keyObject>BE887714-50CD-F77E-61E3-02CD244BA7FA</keyObject>
<mandatory>false</mandatory>
<transferable>true</transferable>
</FKIndexAssociation>