<?xml version = '1.0' encoding = 'UTF-8'?>
<FKIndexAssociation class="oracle.dbtools.crest.model.design.relational.FKIndexAssociation" id="F1E4E332-BB26-AA78-15C9-F421F8C664CC" directorySegmentName="seg_0" name="Linea_tiene_Terminacion">
<createdBy>alumno</createdBy>
<createdTime>2012-11-20 20:11:45 UTC</createdTime>
<generatorID>CAF201D9-114A-1FD5-B3E7-3CA989237D1C</generatorID>
<ownerDesignName>CatalogoMuebles</ownerDesignName>
<containerWithKeyObject>5CCBD097-32F4-2FBC-BD68-5B4B710E1BEB</containerWithKeyObject>
<deleteRule>RESTRICT</deleteRule>
<localFKIndex>8D598680-56D8-2CA7-891E-2309F51268C3</localFKIndex>
<keyObject>317CFAEC-FFE0-6A16-394F-0F7F1B611E4C</keyObject>
<mandatory>false</mandatory>
<transferable>true</transferable>
</FKIndexAssociation>