<?xml version = '1.0' encoding = 'UTF-8'?>
<Diagram class="oracle.dbtools.crest.swingui.logical.DPVLogicalSubView" name="Logical - SubView_1" id="A4894C58-35DD-0F7B-BAFD-8A8D7816164D">
<createdBy>alumno</createdBy>
<createdTime>2012-10-17 18:53:14 UTC</createdTime>
<autoRoute>false</autoRoute>
<boxInbox>true</boxInbox>
<showLegend>false</showLegend>
<showLabels>false</showLabels>
<showGrid>false</showGrid>
<diagramColor>-1</diagramColor>
<display>false</display>
<notation>1</notation>
<objectViews>
<OView class="oracle.dbtools.crest.swingui.logical.TVEntity" oid="127A0400-1E15-2E80-9B5D-5252883F5C02" otype="Entity" vid="A0FB47DA-6121-1D75-2C29-C8B2D52E407A">
<bounds x="348" y="0" width="103" height="61"/>
</OView>
<OView class="oracle.dbtools.crest.swingui.logical.TVEntity" oid="1C45FAAC-746D-D172-B8A6-CD9BA4251B94" otype="Entity" vid="E870B152-3C63-A416-99D4-D1CEC6FE7199">
<bounds x="10" y="48" width="111" height="53"/>
</OView>
<OView class="oracle.dbtools.crest.swingui.logical.TVEntity" oid="339C7980-28AF-7F26-BFAB-47B2EF178F65" otype="Entity" vid="644159DA-7C08-F321-A0C4-1BBE6114F6CC">
<bounds x="458" y="103" width="103" height="38"/>
</OView>
<OView class="oracle.dbtools.crest.swingui.logical.TVEntity" oid="4540D840-50F8-AFFA-7162-F13E1F64FCB2" otype="Entity" vid="C76EB81B-A662-3C0A-64AF-53454117B0CE">
<bounds x="252" y="233" width="89" height="38"/>
</OView>
<OView class="oracle.dbtools.crest.swingui.logical.TVEntity" oid="55FC093F-9BE0-1382-C504-EFC06FFE201E" otype="Entity" vid="FCF02FB7-06B6-357C-D435-E863B7C07467">
<bounds x="646" y="0" width="75" height="39"/>
</OView>
<OView class="oracle.dbtools.crest.swingui.logical.TVEntity" oid="5B06961F-1051-967A-4239-42367AB27EC9" otype="Entity" vid="2ED995F8-326F-F42C-7FF5-93ABFE5320DC">
<bounds x="547" y="51" width="74" height="40"/>
</OView>
<OView class="oracle.dbtools.crest.swingui.logical.TVEntity" oid="64C243DA-3A13-6B2F-41E7-98BBA321B963" otype="Entity" vid="D023E543-AADD-6F7F-37EC-017FC4AB063A">
<bounds x="33" y="138" width="108" height="83"/>
</OView>
<OView class="oracle.dbtools.crest.swingui.logical.TVEntity" oid="87BA8ED4-6A52-185B-ED23-671D277EED9B" otype="Entity" vid="8051EDFA-18A7-EED9-540C-C3AED254EF76">
<bounds x="177" y="0" width="94" height="101"/>
</OView>
<OView class="oracle.dbtools.crest.swingui.TVNote" oid="DD39EB49-22C0-9241-99BB-7FB18EB151B6" otype="Note" vid="BEBF8EC4-24AF-94D5-09F4-B6F8C68FA2AC">
<bounds x="210" y="114" width="146" height="74"/>
</OView>
<OView class="oracle.dbtools.crest.swingui.logical.TVEntity" oid="F35C90D1-199E-7319-0708-B58E17D83D78" otype="Entity" vid="A8D0A0AF-6060-8ABA-F363-04200E5CC9A2">
<bounds x="544" y="216" width="107" height="46"/>
</OView>
</objectViews>
<connectors>
<Connector class="oracle.dbtools.crest.swingui.logical.TVRelation" oid="02BFFBC4-7EE6-44E7-615D-C3AEAFE7A275" otype="Relation" vid_source="8051EDFA-18A7-EED9-540C-C3AED254EF76" vid_target="E870B152-3C63-A416-99D4-D1CEC6FE7199">
<lineWidth>1</lineWidth>
<points>
<point x="177" y="74"/>
<point x="121" y="74"/>
</points>
</Connector>
<Connector class="oracle.dbtools.crest.swingui.logical.TVRelation" oid="10B788CC-1E44-D7D4-6F5C-F513D481334C" otype="Relation" vid_source="A8D0A0AF-6060-8ABA-F363-04200E5CC9A2" vid_target="8051EDFA-18A7-EED9-540C-C3AED254EF76">
<lineWidth>1</lineWidth>
<points>
<point x="544" y="230"/>
<point x="271" y="50"/>
</points>
</Connector>
<Connector class="oracle.dbtools.crest.swingui.logical.TVRelation" oid="29815943-898B-7C97-3FBF-D31F8B859A95" otype="Relation" vid_source="C76EB81B-A662-3C0A-64AF-53454117B0CE" vid_target="A8D0A0AF-6060-8ABA-F363-04200E5CC9A2">
<lineWidth>1</lineWidth>
<points>
<point x="341" y="247"/>
<point x="544" y="247"/>
</points>
</Connector>
<Connector class="oracle.dbtools.crest.swingui.logical.TVRelation" oid="36666181-C076-77AB-F281-A375870333A6" otype="Relation" vid_source="A8D0A0AF-6060-8ABA-F363-04200E5CC9A2" vid_target="644159DA-7C08-F321-A0C4-1BBE6114F6CC">
<lineWidth>1</lineWidth>
<points>
<point x="552" y="216"/>
<point x="552" y="141"/>
</points>
</Connector>
<Connector class="oracle.dbtools.crest.swingui.logical.TVRelation" oid="5C9D8E0F-7517-8801-B894-7C9C33B70347" otype="Relation" vid_source="A8D0A0AF-6060-8ABA-F363-04200E5CC9A2" vid_target="2ED995F8-326F-F42C-7FF5-93ABFE5320DC">
<lineWidth>1</lineWidth>
<points>
<point x="584" y="216"/>
<point x="584" y="91"/>
</points>
</Connector>
<Connector class="oracle.dbtools.crest.swingui.logical.TVRelation" oid="6BD86744-A16A-2AD3-325F-E8ECBAA2C83C" otype="Relation" vid_source="D023E543-AADD-6F7F-37EC-017FC4AB063A" vid_target="C76EB81B-A662-3C0A-64AF-53454117B0CE">
<lineWidth>1</lineWidth>
<points>
<point x="141" y="179"/>
<point x="252" y="252"/>
</points>
</Connector>
<Connector class="oracle.dbtools.crest.swingui.logical.TVRelation" oid="94E470BB-3A09-47D1-3E60-C24459C33611" otype="Relation" vid_source="A0FB47DA-6121-1D75-2C29-C8B2D52E407A" vid_target="2ED995F8-326F-F42C-7FF5-93ABFE5320DC">
<lineWidth>1</lineWidth>
<points>
<point x="451" y="56"/>
<point x="547" y="56"/>
</points>
</Connector>
<Connector class="oracle.dbtools.crest.swingui.logical.TVRelation" oid="B9077B96-1EDA-D592-A421-0C4ACCF009D3" otype="Relation" vid_source="A0FB47DA-6121-1D75-2C29-C8B2D52E407A" vid_target="FCF02FB7-06B6-357C-D435-E863B7C07467">
<lineWidth>1</lineWidth>
<points>
<point x="451" y="19"/>
<point x="646" y="19"/>
</points>
</Connector>
<Connector class="oracle.dbtools.crest.swingui.logical.TVRelation" oid="C251F7E5-1E90-95DE-C786-E1ABCB66F02A" otype="Relation" vid_source="A0FB47DA-6121-1D75-2C29-C8B2D52E407A" vid_target="644159DA-7C08-F321-A0C4-1BBE6114F6CC">
<lineWidth>1</lineWidth>
<points>
<point x="420" y="61"/>
<point x="509" y="103"/>
</points>
</Connector>
<Connector class="oracle.dbtools.crest.swingui.logical.TVRelation" oid="C8064ACA-7957-425D-F66C-FDF8F3A7B934" otype="Relation" vid_source="A8D0A0AF-6060-8ABA-F363-04200E5CC9A2" vid_target="FCF02FB7-06B6-357C-D435-E863B7C07467">
<lineWidth>1</lineWidth>
<points>
<point x="630" y="216"/>
<point x="648" y="39"/>
</points>
</Connector>
<Connector class="oracle.dbtools.crest.swingui.logical.TVRelation" oid="F3B6F0C2-91DB-5877-1EDB-9EC78B2ACAF2" otype="Relation" vid_source="8051EDFA-18A7-EED9-540C-C3AED254EF76" vid_target="A0FB47DA-6121-1D75-2C29-C8B2D52E407A">
<lineWidth>1</lineWidth>
<points>
<point x="271" y="30"/>
<point x="348" y="30"/>
</points>
</Connector>
</connectors>
</Diagram>