<?xml version = '1.0' encoding = 'UTF-8'?>
<Diagram class="oracle.dbtools.crest.swingui.logical.DPVLogical" id="C6457BCF-AF98-7A1C-E002-CBD180D74638">
<createdBy>alumno</createdBy>
<createdTime>2012-10-17 18:49:43 UTC</createdTime>
<autoRoute>false</autoRoute>
<boxInbox>true</boxInbox>
<showLegend>false</showLegend>
<showLabels>false</showLabels>
<showGrid>false</showGrid>
<diagramColor>-1</diagramColor>
<display>false</display>
<notation>1</notation>
<objectViews>
<OView class="oracle.dbtools.crest.swingui.logical.TVEntity" oid="127A0400-1E15-2E80-9B5D-5252883F5C02" otype="Entity" vid="D4DE69FA-51F7-0A23-F4DB-93FC9B5B2DCD">
<bounds x="80" y="110" width="170" height="110"/>
</OView>
<OView class="oracle.dbtools.crest.swingui.logical.TVEntity" oid="1C45FAAC-746D-D172-B8A6-CD9BA4251B94" otype="Entity" vid="6ECECF6D-FF5C-086F-E473-E14CBC00B670">
<bounds x="110" y="170" width="170" height="110"/>
</OView>
<OView class="oracle.dbtools.crest.swingui.logical.TVEntity" oid="339C7980-28AF-7F26-BFAB-47B2EF178F65" otype="Entity" vid="A90FF95D-C777-A014-2691-825C46A1258A">
<bounds x="50" y="50" width="170" height="110"/>
</OView>
<OView class="oracle.dbtools.crest.swingui.logical.TVEntity" oid="4540D840-50F8-AFFA-7162-F13E1F64FCB2" otype="Entity" vid="01A6147D-06E4-21E2-B8E3-DF0C7E717B5E">
<bounds x="230" y="410" width="170" height="110"/>
</OView>
<OView class="oracle.dbtools.crest.swingui.logical.TVEntity" oid="55FC093F-9BE0-1382-C504-EFC06FFE201E" otype="Entity" vid="2E92B1CB-5161-08FE-0213-30639A8409DF">
<bounds x="110" y="170" width="170" height="110"/>
</OView>
<OView class="oracle.dbtools.crest.swingui.logical.TVEntity" oid="5B06961F-1051-967A-4239-42367AB27EC9" otype="Entity" vid="F19AB62E-0C56-E956-3968-07E09845C1A5">
<bounds x="130" y="210" width="170" height="110"/>
</OView>
<OView class="oracle.dbtools.crest.swingui.logical.TVEntity" oid="64C243DA-3A13-6B2F-41E7-98BBA321B963" otype="Entity" vid="146F355C-6C71-1D4E-A1C2-87D92FD512EA">
<bounds x="300" y="550" width="170" height="110"/>
</OView>
<OView class="oracle.dbtools.crest.swingui.logical.TVEntity" oid="87BA8ED4-6A52-185B-ED23-671D277EED9B" otype="Entity" vid="FBE2138F-365A-43B1-718B-475CC82067A8">
<bounds x="50" y="50" width="170" height="110"/>
</OView>
<OView class="oracle.dbtools.crest.swingui.logical.TVEntity" oid="F35C90D1-199E-7319-0708-B58E17D83D78" otype="Entity" vid="7322E6B1-3564-5FD9-3D8D-42AD221CE3FD">
<bounds x="140" y="230" width="170" height="110"/>
</OView>
</objectViews>
<connectors>
<Connector class="oracle.dbtools.crest.swingui.logical.TVRelation" oid="02BFFBC4-7EE6-44E7-615D-C3AEAFE7A275" otype="Relation" vid_source="FBE2138F-365A-43B1-718B-475CC82067A8" vid_target="6ECECF6D-FF5C-086F-E473-E14CBC00B670">
<lineWidth>1</lineWidth>
</Connector>
<Connector class="oracle.dbtools.crest.swingui.logical.TVRelation" oid="10B788CC-1E44-D7D4-6F5C-F513D481334C" otype="Relation" vid_source="7322E6B1-3564-5FD9-3D8D-42AD221CE3FD" vid_target="FBE2138F-365A-43B1-718B-475CC82067A8">
<lineWidth>1</lineWidth>
</Connector>
<Connector class="oracle.dbtools.crest.swingui.logical.TVRelation" oid="29815943-898B-7C97-3FBF-D31F8B859A95" otype="Relation" vid_source="01A6147D-06E4-21E2-B8E3-DF0C7E717B5E" vid_target="7322E6B1-3564-5FD9-3D8D-42AD221CE3FD">
<lineWidth>1</lineWidth>
<points>
<point x="280" y="410"/>
<point x="280" y="340"/>
</points>
</Connector>
<Connector class="oracle.dbtools.crest.swingui.logical.TVRelation" oid="36666181-C076-77AB-F281-A375870333A6" otype="Relation" vid_source="7322E6B1-3564-5FD9-3D8D-42AD221CE3FD" vid_target="A90FF95D-C777-A014-2691-825C46A1258A">
<lineWidth>1</lineWidth>
<points>
<point x="180" y="230"/>
<point x="180" y="160"/>
</points>
</Connector>
<Connector class="oracle.dbtools.crest.swingui.logical.TVRelation" oid="5C9D8E0F-7517-8801-B894-7C9C33B70347" otype="Relation" vid_source="7322E6B1-3564-5FD9-3D8D-42AD221CE3FD" vid_target="F19AB62E-0C56-E956-3968-07E09845C1A5">
<lineWidth>1</lineWidth>
</Connector>
<Connector class="oracle.dbtools.crest.swingui.logical.TVRelation" oid="6BD86744-A16A-2AD3-325F-E8ECBAA2C83C" otype="Relation" vid_source="146F355C-6C71-1D4E-A1C2-87D92FD512EA" vid_target="01A6147D-06E4-21E2-B8E3-DF0C7E717B5E">
<lineWidth>1</lineWidth>
</Connector>
<Connector class="oracle.dbtools.crest.swingui.logical.TVRelation" oid="94E470BB-3A09-47D1-3E60-C24459C33611" otype="Relation" vid_source="D4DE69FA-51F7-0A23-F4DB-93FC9B5B2DCD" vid_target="F19AB62E-0C56-E956-3968-07E09845C1A5">
<lineWidth>1</lineWidth>
</Connector>
<Connector class="oracle.dbtools.crest.swingui.logical.TVRelation" oid="B9077B96-1EDA-D592-A421-0C4ACCF009D3" otype="Relation" vid_source="D4DE69FA-51F7-0A23-F4DB-93FC9B5B2DCD" vid_target="2E92B1CB-5161-08FE-0213-30639A8409DF">
<lineWidth>1</lineWidth>
</Connector>
<Connector class="oracle.dbtools.crest.swingui.logical.TVRelation" oid="C251F7E5-1E90-95DE-C786-E1ABCB66F02A" otype="Relation" vid_source="D4DE69FA-51F7-0A23-F4DB-93FC9B5B2DCD" vid_target="A90FF95D-C777-A014-2691-825C46A1258A">
<lineWidth>1</lineWidth>
</Connector>
<Connector class="oracle.dbtools.crest.swingui.logical.TVRelation" oid="C8064ACA-7957-425D-F66C-FDF8F3A7B934" otype="Relation" vid_source="7322E6B1-3564-5FD9-3D8D-42AD221CE3FD" vid_target="2E92B1CB-5161-08FE-0213-30639A8409DF">
<lineWidth>1</lineWidth>
</Connector>
<Connector class="oracle.dbtools.crest.swingui.logical.TVRelation" oid="F3B6F0C2-91DB-5877-1EDB-9EC78B2ACAF2" otype="Relation" vid_source="FBE2138F-365A-43B1-718B-475CC82067A8" vid_target="D4DE69FA-51F7-0A23-F4DB-93FC9B5B2DCD">
<lineWidth>1</lineWidth>
<points>
<point x="220" y="135"/>
<point x="80" y="135"/>
</points>
</Connector>
</connectors>
</Diagram>