<?xml version = '1.0' encoding = 'UTF-8'?>
<Entity class="oracle.dbtools.crest.model.design.logical.Entity" id="19E7C2BC-28DE-C2BB-44CD-640ABBC8C0CE" directorySegmentName="seg_0" name="Cristal">
<createdBy>alumno</createdBy>
<createdTime>2012-10-17 20:19:59 UTC</createdTime>
<generatorID>Generado por el Usuario</generatorID>
<ownerDesignName>ejercicio_datamodeler</ownerDesignName>
<engineerTo>
<item key="CCC06DEB-33CA-851D-668E-799A49D30215" value="true"/>
</engineerTo>
<pkName>Key_cristal</pkName>
<adequatelyNormalized>NO</adequatelyNormalized>
<expectedVolumes>0</expectedVolumes>
<fwdEngineeringStrategyName>Single Table</fwdEngineeringStrategyName>
<growthPercent>0</growthPercent>
<growthType>Year</growthType>
<maxVolumes>9999999</maxVolumes>
<minVolumes>0</minVolumes>
<normalForm>Third</normalForm>
<fonts>
<FontObject class="oracle.dbtools.crest.model.design.FontObjectWr">
<foType>Título</foType>
<fontStyle>1</fontStyle>
<colorRGB>-16776961</colorRGB>
</FontObject>
<FontObject class="oracle.dbtools.crest.model.design.FontObjectWr">
<foType>Atributo</foType>
<colorRGB>-16777216</colorRGB>
</FontObject>
<FontObject class="oracle.dbtools.crest.model.design.FontObjectWr">
<foType>Tipo de Dato</foType>
<colorRGB>-16744448</colorRGB>
</FontObject>
<FontObject class="oracle.dbtools.crest.model.design.FontObjectWr">
<foType>Elemento de Clave Primaria</foType>
<colorRGB>-16776961</colorRGB>
</FontObject>
<FontObject class="oracle.dbtools.crest.model.design.FontObjectWr">
<foType>Elemento de Clave Ajena</foType>
<colorRGB>-16777216</colorRGB>
</FontObject>
<FontObject class="oracle.dbtools.crest.model.design.FontObjectWr">
<foType>Elemento de Clave Única</foType>
<colorRGB>-16776961</colorRGB>
</FontObject>
<FontObject class="oracle.dbtools.crest.model.design.FontObjectWr">
<foType>No Nulo</foType>
<colorRGB>-65536</colorRGB>
</FontObject>
<FontObject class="oracle.dbtools.crest.model.design.FontObjectWr">
<foType>Clave</foType>
<colorRGB>-16777216</colorRGB>
</FontObject>
</fonts>
<attributes>
<Attribute class="oracle.dbtools.crest.model.design.logical.Attribute" name="tipo_cristal" id="57DDC47F-9E82-D73C-C99C-020FE99AD7F4">
<createdBy>alumno</createdBy>
<createdTime>2012-10-17 20:53:54 UTC</createdTime>
<generatorID>Generado por el Usuario</generatorID>
<ownerDesignName>ejercicio_datamodeler</ownerDesignName>
<engineerTo>
<item key="CCC06DEB-33CA-851D-668E-799A49D30215" value="true"/>
</engineerTo>
<nullsAllowed>true</nullsAllowed>
<useDomainConstraints>false</useDomainConstraints>
<use>1</use>
<logicalDatatype>LOGDT024</logicalDatatype>
<dataTypeSize>50</dataTypeSize>
</Attribute>
</attributes>
<identifiers>
<identifier class="oracle.dbtools.crest.model.design.logical.CandidateKey" id="566378EC-7A3D-FEF7-7F72-565E33961012" name="Key_cristal">
<createdBy>alumno</createdBy>
<createdTime>2012-10-17 20:54:22 UTC</createdTime>
<generatorID>Generado por el Usuario</generatorID>
<ownerDesignName>ejercicio_datamodeler</ownerDesignName>
<engineerTo>
<item key="CCC06DEB-33CA-851D-668E-799A49D30215" value="true"/>
</engineerTo>
<pk>true</pk>
<usedAttributes>
<attributeRef>57DDC47F-9E82-D73C-C99C-020FE99AD7F4</attributeRef>
</usedAttributes>
</identifier>
</identifiers>
</Entity>