<?xml version = '1.0' encoding = 'UTF-8'?>
<Table class="oracle.dbtools.crest.model.design.relational.Table" id="30579A67-0FF5-2E51-DFCC-5FFC89337597" directorySegmentName="seg_0" name="lineas_pedidos">
<createdBy>alumno</createdBy>
<createdTime>2012-11-20 19:05:49 UTC</createdTime>
<generatorID>AFD3E280-6B11-0CC0-79A4-88117827E852</generatorID>
<ownerDesignName>muebles</ownerDesignName>
<pkName>lineas_pedidos PK</pkName>
<fonts>
<FontObject class="oracle.dbtools.crest.model.design.FontObjectWr">
<foType>Título</foType>
<fontStyle>1</fontStyle>
<colorRGB>-16776961</colorRGB>
</FontObject>
<FontObject class="oracle.dbtools.crest.model.design.FontObjectWr">
<foType>Columna</foType>
<colorRGB>-16777216</colorRGB>
</FontObject>
<FontObject class="oracle.dbtools.crest.model.design.FontObjectWr">
<foType>Tipo de Dato</foType>
<colorRGB>-16744448</colorRGB>
</FontObject>
<FontObject class="oracle.dbtools.crest.model.design.FontObjectWr">
<foType>Elemento de Clave Primaria</foType>
<colorRGB>-16776961</colorRGB>
</FontObject>
<FontObject class="oracle.dbtools.crest.model.design.FontObjectWr">
<foType>Elemento de Clave Ajena</foType>
<colorRGB>-16777216</colorRGB>
</FontObject>
<FontObject class="oracle.dbtools.crest.model.design.FontObjectWr">
<foType>Elemento de Clave Única</foType>
<colorRGB>-16776961</colorRGB>
</FontObject>
<FontObject class="oracle.dbtools.crest.model.design.FontObjectWr">
<foType>No Nulo</foType>
<colorRGB>-65536</colorRGB>
</FontObject>
<FontObject class="oracle.dbtools.crest.model.design.FontObjectWr">
<foType>Clave</foType>
<colorRGB>-16777216</colorRGB>
</FontObject>
</fonts>
<columns>
<Column class="oracle.dbtools.crest.model.design.relational.Column" name="numero_pedido" id="305CF5F7-3FD2-BBAC-572E-04466F484118">
<createdBy>alumno</createdBy>
<createdTime>2012-11-20 19:05:49 UTC</createdTime>
<generatorID>3548CAD5-28CF-52F8-282C-C1EF746315EC</generatorID>
<ownerDesignName>muebles</ownerDesignName>
<useDomainConstraints>false</useDomainConstraints>
<use>1</use>
<logicalDatatype>LOGDT011</logicalDatatype>
<previousColumn>false</previousColumn>
<autoIncrementCycle>false</autoIncrementCycle>
</Column>
<Column class="oracle.dbtools.crest.model.design.relational.Column" name="numero_pedido1" id="F1B3A1CE-0F1C-095E-E616-A5487E86C5B2">
<createdBy>alumno</createdBy>
<createdTime>2012-11-20 19:05:49 UTC</createdTime>
<generatorID>B0286AF8-F769-33DF-66A5-FF0A45D2CF21</generatorID>
<ownerDesignName>muebles</ownerDesignName>
<useDomainConstraints>false</useDomainConstraints>
<use>1</use>
<logicalDatatype>LOGDT011</logicalDatatype>
<delegate>CE26C485-070E-FB3D-DA50-579BF6CF330B</delegate>
<previousColumn>false</previousColumn>
<autoIncrementCycle>false</autoIncrementCycle>
<associations>
<colAssociation fkAssociation="7120C7FE-53D2-26C3-BA0A-D288B890FFF8" referredColumn="CE26C485-070E-FB3D-DA50-579BF6CF330B"/>
</associations>
</Column>
<Column class="oracle.dbtools.crest.model.design.relational.Column" name="id_mueble" id="7007DBB7-04E2-D214-85AF-BDECC3316706">
<createdBy>alumno</createdBy>
<createdTime>2012-11-20 19:05:49 UTC</createdTime>
<generatorID>3A95B160-1651-8450-A159-93D9B4A58B12</generatorID>
<ownerDesignName>muebles</ownerDesignName>
<useDomainConstraints>false</useDomainConstraints>
<use>1</use>
<logicalDatatype>LOGDT011</logicalDatatype>
<delegate>E8637191-17F9-C2ED-73E2-84926A050667</delegate>
<previousColumn>false</previousColumn>
<autoIncrementCycle>false</autoIncrementCycle>
<associations>
<colAssociation fkAssociation="B53107E1-5A96-4610-4094-BA432E417ABE" referredColumn="E8637191-17F9-C2ED-73E2-84926A050667"/>
</associations>
</Column>
<Column class="oracle.dbtools.crest.model.design.relational.Column" name="id_color" id="94DE9EAE-7D86-3B5C-D3CB-B143512D28C7">
<createdBy>alumno</createdBy>
<createdTime>2012-11-20 19:05:49 UTC</createdTime>
<generatorID>1339B145-23E6-E7FE-A966-ED83B7C6241B</generatorID>
<ownerDesignName>muebles</ownerDesignName>
<useDomainConstraints>false</useDomainConstraints>
<use>1</use>
<logicalDatatype>LOGDT011</logicalDatatype>
<delegate>8EC89246-B273-E34C-CCB1-04D82F8F2A57</delegate>
<previousColumn>false</previousColumn>
<autoIncrementCycle>false</autoIncrementCycle>
<associations>
<colAssociation fkAssociation="37ED5023-FC93-CA8E-DD63-E197953BFA27" referredColumn="8EC89246-B273-E34C-CCB1-04D82F8F2A57"/>
</associations>
</Column>
<Column class="oracle.dbtools.crest.model.design.relational.Column" name="id_cristal" id="071A266B-7914-5FC2-D3DE-656CD930F278">
<createdBy>alumno</createdBy>
<createdTime>2012-11-20 19:05:49 UTC</createdTime>
<generatorID>705FCD2B-987E-C33E-5C35-37A685CF929A</generatorID>
<ownerDesignName>muebles</ownerDesignName>
<useDomainConstraints>false</useDomainConstraints>
<use>1</use>
<logicalDatatype>LOGDT011</logicalDatatype>
<delegate>21DFEDAB-716C-3A19-E5EF-0E33A0DD10AE</delegate>
<previousColumn>false</previousColumn>
<autoIncrementCycle>false</autoIncrementCycle>
<associations>
<colAssociation fkAssociation="AD77C03F-BF10-BBC0-2B44-B5947CDE779C" referredColumn="21DFEDAB-716C-3A19-E5EF-0E33A0DD10AE"/>
</associations>
</Column>
<Column class="oracle.dbtools.crest.model.design.relational.Column" name="id_terminacion" id="579A14B9-4148-0F1B-531C-B8EDF3CCE43C">
<createdBy>alumno</createdBy>
<createdTime>2012-11-20 19:05:49 UTC</createdTime>
<generatorID>E19CC3DB-B5FC-ADA1-DFED-AB8482F619EF</generatorID>
<ownerDesignName>muebles</ownerDesignName>
<useDomainConstraints>false</useDomainConstraints>
<use>1</use>
<logicalDatatype>LOGDT011</logicalDatatype>
<delegate>B0C213EC-5813-656C-0348-72FA9B89A68D</delegate>
<previousColumn>false</previousColumn>
<autoIncrementCycle>false</autoIncrementCycle>
<associations>
<colAssociation fkAssociation="90E343B6-7946-BAFB-B3FA-072798F22011" referredColumn="B0C213EC-5813-656C-0348-72FA9B89A68D"/>
</associations>
</Column>
</columns>
<indexes>
<ind_PK_UK class="oracle.dbtools.crest.model.design.relational.Index" id="A1BA4E43-38A8-8386-2CF7-618BD07E1F6B" name="lineas_pedidos PK">
<createdBy>alumno</createdBy>
<createdTime>2012-11-20 19:05:49 UTC</createdTime>
<generatorID>763DE37D-EA25-3259-2047-99C824C70B79</generatorID>
<ownerDesignName>muebles</ownerDesignName>
<pk>true</pk>
<indexState>Primary Constraint</indexState>
<indexColumnUsage>
<colUsage columnID="305CF5F7-3FD2-BBAC-572E-04466F484118"/>
</indexColumnUsage>
</ind_PK_UK>
<ind_PK_UK class="oracle.dbtools.crest.model.design.relational.Index" id="F8D4624C-19DF-25F3-B103-4F3744C719F4" name="cabecera_pedidos_lineas_pedidos">
<createdBy>alumno</createdBy>
<createdTime>2012-11-20 19:05:49 UTC</createdTime>
<generatorID>95BAEB1F-B344-96FF-04F5-9D375BB92382</generatorID>
<ownerDesignName>muebles</ownerDesignName>
<indexState>Foreign Key</indexState>
<indexColumnUsage>
<colUsage columnID="F1B3A1CE-0F1C-095E-E616-A5487E86C5B2"/>
</indexColumnUsage>
</ind_PK_UK>
<ind_PK_UK class="oracle.dbtools.crest.model.design.relational.Index" id="E1CEF411-48C9-B942-1119-68CD56826D8E" name="lineas_pedidos_color">
<createdBy>alumno</createdBy>
<createdTime>2012-11-20 19:05:49 UTC</createdTime>
<generatorID>FED42C1B-40B6-90A2-A3F4-0B7018F0532F</generatorID>
<ownerDesignName>muebles</ownerDesignName>
<indexState>Foreign Key</indexState>
<indexColumnUsage>
<colUsage columnID="94DE9EAE-7D86-3B5C-D3CB-B143512D28C7"/>
</indexColumnUsage>
</ind_PK_UK>
<ind_PK_UK class="oracle.dbtools.crest.model.design.relational.Index" id="A44638DF-A1D1-3C41-9357-38BBEDE22AD2" name="lineas_pedidos_cristal">
<createdBy>alumno</createdBy>
<createdTime>2012-11-20 19:05:49 UTC</createdTime>
<generatorID>8CC8CFD5-F6D6-9B35-CD03-0D58D4AD54CA</generatorID>
<ownerDesignName>muebles</ownerDesignName>
<indexState>Foreign Key</indexState>
<indexColumnUsage>
<colUsage columnID="071A266B-7914-5FC2-D3DE-656CD930F278"/>
</indexColumnUsage>
</ind_PK_UK>
<ind_PK_UK class="oracle.dbtools.crest.model.design.relational.Index" id="096AADBD-95AD-DA1D-17F1-FB187E405FE6" name="lineas_pedidos_mueble">
<createdBy>alumno</createdBy>
<createdTime>2012-11-20 19:05:49 UTC</createdTime>
<generatorID>6EF80AB7-916F-387E-27CF-42B18E752B82</generatorID>
<ownerDesignName>muebles</ownerDesignName>
<indexState>Foreign Key</indexState>
<indexColumnUsage>
<colUsage columnID="7007DBB7-04E2-D214-85AF-BDECC3316706"/>
</indexColumnUsage>
</ind_PK_UK>
<ind_PK_UK class="oracle.dbtools.crest.model.design.relational.Index" id="7298C30F-C893-A369-257E-069383F40117" name="lineas_pedidos_terminacion">
<createdBy>alumno</createdBy>
<createdTime>2012-11-20 19:05:49 UTC</createdTime>
<generatorID>318CFED6-3C11-7545-93F4-7A27DD239AD0</generatorID>
<ownerDesignName>muebles</ownerDesignName>
<indexState>Foreign Key</indexState>
<indexColumnUsage>
<colUsage columnID="579A14B9-4148-0F1B-531C-B8EDF3CCE43C"/>
</indexColumnUsage>
</ind_PK_UK>
</indexes>
</Table>