<?xml version = '1.0' encoding = 'UTF-8'?>
<Table class="oracle.dbtools.crest.model.design.relational.Table" id="E5A45259-D3A2-3FDA-EF31-8AA18953F3D3" directorySegmentName="seg_0" name="coleccion_terminacion">
<createdBy>alumno</createdBy>
<createdTime>2012-11-20 19:05:49 UTC</createdTime>
<generatorID>Generado por el Usuario</generatorID>
<ownerDesignName>muebles</ownerDesignName>
<pkName>coleccion_terminacion__IDX</pkName>
<fonts>
<FontObject class="oracle.dbtools.crest.model.design.FontObjectWr">
<foType>Título</foType>
<fontStyle>1</fontStyle>
<colorRGB>-16776961</colorRGB>
</FontObject>
<FontObject class="oracle.dbtools.crest.model.design.FontObjectWr">
<foType>Columna</foType>
<colorRGB>-16777216</colorRGB>
</FontObject>
<FontObject class="oracle.dbtools.crest.model.design.FontObjectWr">
<foType>Tipo de Dato</foType>
<colorRGB>-16744448</colorRGB>
</FontObject>
<FontObject class="oracle.dbtools.crest.model.design.FontObjectWr">
<foType>Elemento de Clave Primaria</foType>
<colorRGB>-16776961</colorRGB>
</FontObject>
<FontObject class="oracle.dbtools.crest.model.design.FontObjectWr">
<foType>Elemento de Clave Ajena</foType>
<colorRGB>-16777216</colorRGB>
</FontObject>
<FontObject class="oracle.dbtools.crest.model.design.FontObjectWr">
<foType>Elemento de Clave Única</foType>
<colorRGB>-16776961</colorRGB>
</FontObject>
<FontObject class="oracle.dbtools.crest.model.design.FontObjectWr">
<foType>No Nulo</foType>
<colorRGB>-65536</colorRGB>
</FontObject>
<FontObject class="oracle.dbtools.crest.model.design.FontObjectWr">
<foType>Clave</foType>
<colorRGB>-16777216</colorRGB>
</FontObject>
</fonts>
<columns>
<Column class="oracle.dbtools.crest.model.design.relational.Column" name="Colecciones_id_coleccion" id="0EC3E44F-223F-11F6-B9D8-B83156EBBC80">
<createdBy>alumno</createdBy>
<createdTime>2012-11-20 19:05:49 UTC</createdTime>
<generatorID>Generado por el Usuario</generatorID>
<ownerDesignName>muebles</ownerDesignName>
<useDomainConstraints>false</useDomainConstraints>
<use>1</use>
<logicalDatatype>LOGDT011</logicalDatatype>
<delegate>5EDDF2C8-B6A6-74C0-A902-917D5ADFA4F6</delegate>
<previousColumn>false</previousColumn>
<autoIncrementCycle>false</autoIncrementCycle>
<associations>
<colAssociation fkAssociation="D85BC4DF-C0F9-98E9-9FDD-D92C9D564DBE" referredColumn="5EDDF2C8-B6A6-74C0-A902-917D5ADFA4F6"/>
</associations>
</Column>
<Column class="oracle.dbtools.crest.model.design.relational.Column" name="Terminaciones_id_terminacion" id="D6F14D43-964C-0E13-FCBE-6CC3691F3F9A">
<createdBy>alumno</createdBy>
<createdTime>2012-11-20 19:05:49 UTC</createdTime>
<generatorID>Generado por el Usuario</generatorID>
<ownerDesignName>muebles</ownerDesignName>
<useDomainConstraints>false</useDomainConstraints>
<use>1</use>
<logicalDatatype>LOGDT011</logicalDatatype>
<delegate>B0C213EC-5813-656C-0348-72FA9B89A68D</delegate>
<previousColumn>false</previousColumn>
<autoIncrementCycle>false</autoIncrementCycle>
<associations>
<colAssociation fkAssociation="B43CC543-A160-0081-5033-3A84893D548F" referredColumn="B0C213EC-5813-656C-0348-72FA9B89A68D"/>
</associations>
</Column>
</columns>
<indexes>
<ind_PK_UK class="oracle.dbtools.crest.model.design.relational.Index" id="E9CED308-DEEE-01F4-6190-FC431BE50A65" name="coleccion_terminacion__IDX">
<createdBy>alumno</createdBy>
<createdTime>2012-11-20 19:05:49 UTC</createdTime>
<generatorID>Generado por el Usuario</generatorID>
<ownerDesignName>muebles</ownerDesignName>
<pk>true</pk>
<indexState>Primary Constraint</indexState>
<indexColumnUsage>
<colUsage columnID="0EC3E44F-223F-11F6-B9D8-B83156EBBC80"/>
<colUsage columnID="D6F14D43-964C-0E13-FCBE-6CC3691F3F9A"/>
</indexColumnUsage>
</ind_PK_UK>
<ind_PK_UK class="oracle.dbtools.crest.model.design.relational.Index" id="68C2E1AF-1708-275D-214D-1ADF753857FC" name="FK_ASS_6">
<createdBy>alumno</createdBy>
<createdTime>2012-11-20 19:05:49 UTC</createdTime>
<generatorID>7EC028C8-6FF6-24A3-4531-9BC0FB23721A</generatorID>
<ownerDesignName>muebles</ownerDesignName>
<indexState>Foreign Key</indexState>
<indexColumnUsage>
<colUsage columnID="0EC3E44F-223F-11F6-B9D8-B83156EBBC80"/>
</indexColumnUsage>
</ind_PK_UK>
<ind_PK_UK class="oracle.dbtools.crest.model.design.relational.Index" id="6B6808AA-F5E0-F728-56DE-85AA5D086D8C" name="FK_ASS_7">
<createdBy>alumno</createdBy>
<createdTime>2012-11-20 19:05:49 UTC</createdTime>
<generatorID>7EC028C8-6FF6-24A3-4531-9BC0FB23721A</generatorID>
<ownerDesignName>muebles</ownerDesignName>
<indexState>Foreign Key</indexState>
<indexColumnUsage>
<colUsage columnID="D6F14D43-964C-0E13-FCBE-6CC3691F3F9A"/>
</indexColumnUsage>
</ind_PK_UK>
</indexes>
</Table>