<?xml version = '1.0' encoding = 'UTF-8'?>
<Table class="oracle.dbtools.crest.model.design.relational.Table" id="119481AF-94D7-A24B-E856-15C28D8A490D" directorySegmentName="seg_0" name="Se encuentran">
<createdBy>alumno</createdBy>
<createdTime>2012-11-23 11:34:31 UTC</createdTime>
<generatorID>Generado por el Usuario</generatorID>
<ownerDesignName>ejercicio</ownerDesignName>
<pkName>Se encuentran__IDX</pkName>
<fonts>
<FontObject class="oracle.dbtools.crest.model.design.FontObjectWr">
<foType>Título</foType>
<fontStyle>1</fontStyle>
<colorRGB>-16776961</colorRGB>
</FontObject>
<FontObject class="oracle.dbtools.crest.model.design.FontObjectWr">
<foType>Columna</foType>
<colorRGB>-16777216</colorRGB>
</FontObject>
<FontObject class="oracle.dbtools.crest.model.design.FontObjectWr">
<foType>Tipo de Dato</foType>
<colorRGB>-16744448</colorRGB>
</FontObject>
<FontObject class="oracle.dbtools.crest.model.design.FontObjectWr">
<foType>Elemento de Clave Primaria</foType>
<colorRGB>-16776961</colorRGB>
</FontObject>
<FontObject class="oracle.dbtools.crest.model.design.FontObjectWr">
<foType>Elemento de Clave Ajena</foType>
<colorRGB>-16777216</colorRGB>
</FontObject>
<FontObject class="oracle.dbtools.crest.model.design.FontObjectWr">
<foType>Elemento de Clave Única</foType>
<colorRGB>-16776961</colorRGB>
</FontObject>
<FontObject class="oracle.dbtools.crest.model.design.FontObjectWr">
<foType>No Nulo</foType>
<colorRGB>-65536</colorRGB>
</FontObject>
<FontObject class="oracle.dbtools.crest.model.design.FontObjectWr">
<foType>Clave</foType>
<colorRGB>-16777216</colorRGB>
</FontObject>
</fonts>
<columns>
<Column class="oracle.dbtools.crest.model.design.relational.Column" name="Colecciones_Nombre" id="95C8B4D1-CE51-851E-D8E9-24860221FF5B">
<createdBy>alumno</createdBy>
<createdTime>2012-11-23 11:34:31 UTC</createdTime>
<generatorID>Generado por el Usuario</generatorID>
<ownerDesignName>ejercicio</ownerDesignName>
<useDomainConstraints>false</useDomainConstraints>
<use>1</use>
<logicalDatatype>LOGDT024</logicalDatatype>
<dataTypeSize>50</dataTypeSize>
<delegate>4F0369C1-3359-D24C-4029-0B5A1E40E62F</delegate>
<previousColumn>false</previousColumn>
<autoIncrementCycle>false</autoIncrementCycle>
<associations>
<colAssociation fkAssociation="31F47848-B9E8-B52C-E546-4055755117BA" referredColumn="4F0369C1-3359-D24C-4029-0B5A1E40E62F"/>
</associations>
</Column>
<Column class="oracle.dbtools.crest.model.design.relational.Column" name="Cristales_Id_cristal" id="AC4A6F97-5B37-24AE-D779-0EB717A76A28">
<createdBy>alumno</createdBy>
<createdTime>2012-11-23 11:34:31 UTC</createdTime>
<generatorID>Generado por el Usuario</generatorID>
<ownerDesignName>ejercicio</ownerDesignName>
<useDomainConstraints>false</useDomainConstraints>
<use>1</use>
<logicalDatatype>LOGDT011</logicalDatatype>
<delegate>78169931-A870-13EC-684C-D5999441B8C2</delegate>
<previousColumn>false</previousColumn>
<autoIncrementCycle>false</autoIncrementCycle>
<associations>
<colAssociation fkAssociation="06FC21D0-D0F1-43E0-A586-A47CEFAF5C11" referredColumn="78169931-A870-13EC-684C-D5999441B8C2"/>
</associations>
</Column>
</columns>
<indexes>
<ind_PK_UK class="oracle.dbtools.crest.model.design.relational.Index" id="1AFAA8BB-FF36-C6F2-E223-2C434E7555F1" name="Se encuentran__IDX">
<createdBy>alumno</createdBy>
<createdTime>2012-11-23 11:34:31 UTC</createdTime>
<generatorID>Generado por el Usuario</generatorID>
<ownerDesignName>ejercicio</ownerDesignName>
<pk>true</pk>
<indexState>Primary Constraint</indexState>
<indexColumnUsage>
<colUsage columnID="95C8B4D1-CE51-851E-D8E9-24860221FF5B"/>
<colUsage columnID="AC4A6F97-5B37-24AE-D779-0EB717A76A28"/>
</indexColumnUsage>
</ind_PK_UK>
<ind_PK_UK class="oracle.dbtools.crest.model.design.relational.Index" id="B4A43480-175C-7863-D75D-69EF33EEDC8A" name="FK_ASS_9">
<createdBy>alumno</createdBy>
<createdTime>2012-11-23 11:34:31 UTC</createdTime>
<generatorID>9CBD86E9-33FA-6D64-3953-FBAE09C8CA45</generatorID>
<ownerDesignName>ejercicio</ownerDesignName>
<indexState>Foreign Key</indexState>
<indexColumnUsage>
<colUsage columnID="95C8B4D1-CE51-851E-D8E9-24860221FF5B"/>
</indexColumnUsage>
</ind_PK_UK>
<ind_PK_UK class="oracle.dbtools.crest.model.design.relational.Index" id="9AECC668-A9EA-53F6-161F-D41381FA360A" name="FK_ASS_10">
<createdBy>alumno</createdBy>
<createdTime>2012-11-23 11:34:31 UTC</createdTime>
<generatorID>9CBD86E9-33FA-6D64-3953-FBAE09C8CA45</generatorID>
<ownerDesignName>ejercicio</ownerDesignName>
<indexState>Foreign Key</indexState>
<indexColumnUsage>
<colUsage columnID="AC4A6F97-5B37-24AE-D779-0EB717A76A28"/>
</indexColumnUsage>
</ind_PK_UK>
</indexes>
</Table>