<?xml version = '1.0' encoding = 'UTF-8'?>
<Table class="oracle.dbtools.crest.model.design.relational.Table" id="401E94E9-B37D-F365-82F2-1B041786915F" directorySegmentName="seg_0" name="Ambientes">
<createdBy>alumno</createdBy>
<createdTime>2012-11-23 11:34:31 UTC</createdTime>
<generatorID>46EE5355-DFF7-547D-6193-97F49E86EE7B</generatorID>
<ownerDesignName>ejercicio</ownerDesignName>
<pkName>id_ambiente</pkName>
<fonts>
<FontObject class="oracle.dbtools.crest.model.design.FontObjectWr">
<foType>Título</foType>
<fontStyle>1</fontStyle>
<colorRGB>-16776961</colorRGB>
</FontObject>
<FontObject class="oracle.dbtools.crest.model.design.FontObjectWr">
<foType>Columna</foType>
<colorRGB>-16777216</colorRGB>
</FontObject>
<FontObject class="oracle.dbtools.crest.model.design.FontObjectWr">
<foType>Tipo de Dato</foType>
<colorRGB>-16744448</colorRGB>
</FontObject>
<FontObject class="oracle.dbtools.crest.model.design.FontObjectWr">
<foType>Elemento de Clave Primaria</foType>
<colorRGB>-16776961</colorRGB>
</FontObject>
<FontObject class="oracle.dbtools.crest.model.design.FontObjectWr">
<foType>Elemento de Clave Ajena</foType>
<colorRGB>-16777216</colorRGB>
</FontObject>
<FontObject class="oracle.dbtools.crest.model.design.FontObjectWr">
<foType>Elemento de Clave Única</foType>
<colorRGB>-16776961</colorRGB>
</FontObject>
<FontObject class="oracle.dbtools.crest.model.design.FontObjectWr">
<foType>No Nulo</foType>
<colorRGB>-65536</colorRGB>
</FontObject>
<FontObject class="oracle.dbtools.crest.model.design.FontObjectWr">
<foType>Clave</foType>
<colorRGB>-16777216</colorRGB>
</FontObject>
</fonts>
<columns>
<Column class="oracle.dbtools.crest.model.design.relational.Column" name="Tipo_ambiente" id="1FA4D270-DDB9-95A3-E979-7EAA5BBB48C2">
<createdBy>alumno</createdBy>
<createdTime>2012-11-23 11:34:31 UTC</createdTime>
<generatorID>A8A710E1-B9C0-398D-A877-E340B9630119</generatorID>
<ownerDesignName>ejercicio</ownerDesignName>
<nullsAllowed>true</nullsAllowed>
<useDomainConstraints>false</useDomainConstraints>
<use>1</use>
<logicalDatatype>LOGDT024</logicalDatatype>
<dataTypeSize>50</dataTypeSize>
<previousColumn>false</previousColumn>
<autoIncrementCycle>false</autoIncrementCycle>
</Column>
</columns>
<indexes>
<ind_PK_UK class="oracle.dbtools.crest.model.design.relational.Index" id="D5F41701-6F16-BFE0-B43D-9ACC9BFE5594" name="id_ambiente">
<createdBy>alumno</createdBy>
<createdTime>2012-11-23 11:34:31 UTC</createdTime>
<generatorID>CB2B1248-1958-AB74-41C8-8438608D5288</generatorID>
<ownerDesignName>ejercicio</ownerDesignName>
<pk>true</pk>
<indexState>Primary Constraint</indexState>
<indexColumnUsage>
<colUsage columnID="1FA4D270-DDB9-95A3-E979-7EAA5BBB48C2"/>
</indexColumnUsage>
</ind_PK_UK>
</indexes>
</Table>