<?xml version = '1.0' encoding = 'UTF-8'?>
<Table class="oracle.dbtools.crest.model.design.relational.Table" id="5A144831-927E-CCD9-89B2-674A880FB2BB" directorySegmentName="seg_0" name="Linea_ pedido">
<createdBy>alumno</createdBy>
<createdTime>2012-11-23 11:58:15 UTC</createdTime>
<generatorID>34E70E76-47A8-8481-4408-1D51E3ACAD66</generatorID>
<ownerDesignName>ejercicio</ownerDesignName>
<pkName>Lineapedido</pkName>
<fonts>
<FontObject class="oracle.dbtools.crest.model.design.FontObjectWr">
<foType>Título</foType>
<fontStyle>1</fontStyle>
<colorRGB>-16776961</colorRGB>
</FontObject>
<FontObject class="oracle.dbtools.crest.model.design.FontObjectWr">
<foType>Columna</foType>
<colorRGB>-16777216</colorRGB>
</FontObject>
<FontObject class="oracle.dbtools.crest.model.design.FontObjectWr">
<foType>Tipo de Dato</foType>
<colorRGB>-16744448</colorRGB>
</FontObject>
<FontObject class="oracle.dbtools.crest.model.design.FontObjectWr">
<foType>Elemento de Clave Primaria</foType>
<colorRGB>-16776961</colorRGB>
</FontObject>
<FontObject class="oracle.dbtools.crest.model.design.FontObjectWr">
<foType>Elemento de Clave Ajena</foType>
<colorRGB>-16777216</colorRGB>
</FontObject>
<FontObject class="oracle.dbtools.crest.model.design.FontObjectWr">
<foType>Elemento de Clave Única</foType>
<colorRGB>-16776961</colorRGB>
</FontObject>
<FontObject class="oracle.dbtools.crest.model.design.FontObjectWr">
<foType>No Nulo</foType>
<colorRGB>-65536</colorRGB>
</FontObject>
<FontObject class="oracle.dbtools.crest.model.design.FontObjectWr">
<foType>Clave</foType>
<colorRGB>-16777216</colorRGB>
</FontObject>
</fonts>
<columns>
<Column class="oracle.dbtools.crest.model.design.relational.Column" name="Cantidad" id="E0F9DAEF-F91A-617F-C877-F1450C815D2F">
<createdBy>alumno</createdBy>
<createdTime>2012-11-23 11:58:15 UTC</createdTime>
<generatorID>7194040F-582A-2A48-66E5-C0AF469C90D8</generatorID>
<ownerDesignName>ejercicio</ownerDesignName>
<nullsAllowed>true</nullsAllowed>
<useDomainConstraints>false</useDomainConstraints>
<use>1</use>
<logicalDatatype>LOGDT011</logicalDatatype>
<previousColumn>false</previousColumn>
<autoIncrementCycle>false</autoIncrementCycle>
</Column>
<Column class="oracle.dbtools.crest.model.design.relational.Column" name="Id_cristal" id="28AA64F9-A5FC-1DC0-E671-426CD93B15EF">
<createdBy>alumno</createdBy>
<createdTime>2012-11-23 11:58:15 UTC</createdTime>
<generatorID>9AA52ACD-202C-1E2E-E9C7-30493E20FBB7</generatorID>
<ownerDesignName>ejercicio</ownerDesignName>
<useDomainConstraints>false</useDomainConstraints>
<use>1</use>
<logicalDatatype>LOGDT011</logicalDatatype>
<delegate>78169931-A870-13EC-684C-D5999441B8C2</delegate>
<previousColumn>false</previousColumn>
<autoIncrementCycle>false</autoIncrementCycle>
<associations>
<colAssociation fkAssociation="C6DC27D8-D7E9-0166-5788-88DFC6298924" referredColumn="78169931-A870-13EC-684C-D5999441B8C2"/>
</associations>
</Column>
<Column class="oracle.dbtools.crest.model.design.relational.Column" name="id_color" id="A1DB5EC4-AFF9-27EE-11A7-43B6797732FA">
<createdBy>alumno</createdBy>
<createdTime>2012-11-23 11:58:15 UTC</createdTime>
<generatorID>95658B93-D6D3-3A0A-D10E-DCB894C1CA44</generatorID>
<ownerDesignName>ejercicio</ownerDesignName>
<useDomainConstraints>false</useDomainConstraints>
<use>1</use>
<logicalDatatype>LOGDT011</logicalDatatype>
<delegate>21DE4220-B3DB-1913-839D-ABA8086D9FAA</delegate>
<previousColumn>false</previousColumn>
<autoIncrementCycle>false</autoIncrementCycle>
<associations>
<colAssociation fkAssociation="CAFEC660-330C-0814-7716-297687B44E73" referredColumn="21DE4220-B3DB-1913-839D-ABA8086D9FAA"/>
</associations>
</Column>
<Column class="oracle.dbtools.crest.model.design.relational.Column" name="Id_terminaciones" id="F8A9F62A-1A87-44F7-E989-B7741A56C81B">
<createdBy>alumno</createdBy>
<createdTime>2012-11-23 11:58:15 UTC</createdTime>
<generatorID>A83CC15D-6A64-8E84-ECA3-67E3AEF1A998</generatorID>
<ownerDesignName>ejercicio</ownerDesignName>
<useDomainConstraints>false</useDomainConstraints>
<use>1</use>
<logicalDatatype>LOGDT011</logicalDatatype>
<delegate>73AAE86F-0198-BCEC-7560-00A5BD90A409</delegate>
<previousColumn>false</previousColumn>
<autoIncrementCycle>false</autoIncrementCycle>
<associations>
<colAssociation fkAssociation="40851DC8-737E-5BF3-68F4-5D92AD4D510F" referredColumn="73AAE86F-0198-BCEC-7560-00A5BD90A409"/>
</associations>
</Column>
<Column class="oracle.dbtools.crest.model.design.relational.Column" name="nombre" id="4B3C7925-32D0-FE5D-12F4-D80A6D805D42">
<createdBy>alumno</createdBy>
<createdTime>2012-11-23 11:58:15 UTC</createdTime>
<generatorID>D646776B-660D-5FB1-D76D-67238C68B838</generatorID>
<ownerDesignName>ejercicio</ownerDesignName>
<useDomainConstraints>false</useDomainConstraints>
<use>1</use>
<logicalDatatype>LOGDT024</logicalDatatype>
<dataTypeSize>50</dataTypeSize>
<delegate>DA530FF8-63E8-6D59-4DEC-12DD16681B63</delegate>
<previousColumn>false</previousColumn>
<autoIncrementCycle>false</autoIncrementCycle>
<associations>
<colAssociation fkAssociation="7BDA49A5-4979-612A-DF42-A37B38574F9E" referredColumn="DA530FF8-63E8-6D59-4DEC-12DD16681B63"/>
</associations>
</Column>
<Column class="oracle.dbtools.crest.model.design.relational.Column" name="Pedidos_codigo" id="DAF39EA8-36EC-2821-6A92-4DA55D8DDFAF">
<createdBy>alumno</createdBy>
<createdTime>2012-11-23 12:12:29 UTC</createdTime>
<generatorID>Generado por el Usuario</generatorID>
<ownerDesignName>ejercicio</ownerDesignName>
<useDomainConstraints>false</useDomainConstraints>
<use>1</use>
<logicalDatatype>LOGDT011</logicalDatatype>
<delegate>727D4DF9-FBE6-129B-4552-AC676FC89410</delegate>
<previousColumn>false</previousColumn>
<autoIncrementCycle>false</autoIncrementCycle>
<associations>
<colAssociation fkAssociation="BBD704CF-6763-5304-A222-B1CF5A4BB0FC" referredColumn="727D4DF9-FBE6-129B-4552-AC676FC89410"/>
</associations>
</Column>
</columns>
<indexes>
<ind_PK_UK class="oracle.dbtools.crest.model.design.relational.Index" id="B64290A6-F1D9-A280-D672-321E9F2123EF" name="Linea_ pedido_PK">
<createdBy>alumno</createdBy>
<createdTime>2012-11-23 12:13:38 UTC</createdTime>
<generatorID>Generado por el Usuario</generatorID>
<ownerDesignName>ejercicio</ownerDesignName>
<pk>true</pk>
<indexState>Primary Constraint</indexState>
<indexColumnUsage>
<colUsage columnID="DAF39EA8-36EC-2821-6A92-4DA55D8DDFAF"/>
<colUsage columnID="A1DB5EC4-AFF9-27EE-11A7-43B6797732FA"/>
<colUsage columnID="28AA64F9-A5FC-1DC0-E671-426CD93B15EF"/>
<colUsage columnID="F8A9F62A-1A87-44F7-E989-B7741A56C81B"/>
<colUsage columnID="4B3C7925-32D0-FE5D-12F4-D80A6D805D42"/>
</indexColumnUsage>
</ind_PK_UK>
<ind_PK_UK class="oracle.dbtools.crest.model.design.relational.Index" id="B3F1AF7F-BE37-91E2-A978-1B75504DD62B" name="Encontramos">
<createdBy>alumno</createdBy>
<createdTime>2012-11-23 11:58:15 UTC</createdTime>
<generatorID>CCE40FFE-382E-E4A3-F447-9A3B1171E89A</generatorID>
<ownerDesignName>ejercicio</ownerDesignName>
<indexState>Foreign Key</indexState>
<indexColumnUsage>
<colUsage columnID="F8A9F62A-1A87-44F7-E989-B7741A56C81B"/>
</indexColumnUsage>
</ind_PK_UK>
<ind_PK_UK class="oracle.dbtools.crest.model.design.relational.Index" id="5DA7DA24-64F6-1362-956C-66E65619A7BB" name="Esta">
<createdBy>alumno</createdBy>
<createdTime>2012-11-23 11:58:15 UTC</createdTime>
<generatorID>2A16FE2A-6B39-D2B0-EB4A-0061064DFCCC</generatorID>
<ownerDesignName>ejercicio</ownerDesignName>
<indexState>Foreign Key</indexState>
<indexColumnUsage>
<colUsage columnID="28AA64F9-A5FC-1DC0-E671-426CD93B15EF"/>
</indexColumnUsage>
</ind_PK_UK>
<ind_PK_UK class="oracle.dbtools.crest.model.design.relational.Index" id="BDB8575D-5000-D113-85D3-6A04AAF9A060" name="Se encuentra">
<createdBy>alumno</createdBy>
<createdTime>2012-11-23 11:58:15 UTC</createdTime>
<generatorID>3CA75240-50AD-A9E5-A1B1-B90E5D62378A</generatorID>
<ownerDesignName>ejercicio</ownerDesignName>
<indexState>Foreign Key</indexState>
<indexColumnUsage>
<colUsage columnID="A1DB5EC4-AFF9-27EE-11A7-43B6797732FA"/>
</indexColumnUsage>
</ind_PK_UK>
<ind_PK_UK class="oracle.dbtools.crest.model.design.relational.Index" id="5190E684-67C5-2E73-6AEC-42D1643EDB89" name="Tenemos">
<createdBy>alumno</createdBy>
<createdTime>2012-11-23 11:58:15 UTC</createdTime>
<generatorID>7F9FC57D-DA96-9F39-0556-4BE28AEF013C</generatorID>
<ownerDesignName>ejercicio</ownerDesignName>
<indexState>Foreign Key</indexState>
<indexColumnUsage>
<colUsage columnID="4B3C7925-32D0-FE5D-12F4-D80A6D805D42"/>
</indexColumnUsage>
</ind_PK_UK>
<ind_PK_UK class="oracle.dbtools.crest.model.design.relational.Index" id="F1513616-5758-350B-E530-4947C093838E" name="Linea_ pedido_Pedidos_FK">
<createdBy>alumno</createdBy>
<createdTime>2012-11-23 12:12:29 UTC</createdTime>
<generatorID>9D79EAA3-1A91-1369-0FAD-20409638D2A1</generatorID>
<ownerDesignName>ejercicio</ownerDesignName>
<indexState>Foreign Key</indexState>
<indexColumnUsage>
<colUsage columnID="DAF39EA8-36EC-2821-6A92-4DA55D8DDFAF"/>
</indexColumnUsage>
</ind_PK_UK>
</indexes>
</Table>