<?xml version = '1.0' encoding = 'UTF-8'?>
<Table class="oracle.dbtools.crest.model.design.relational.Table" id="8E8885D9-95DC-2C61-824A-8F5378871C1F" directorySegmentName="seg_0" name="Clientes">
<createdBy>alumno</createdBy>
<createdTime>2012-11-23 11:34:31 UTC</createdTime>
<generatorID>9D163479-E299-AEF7-9EC9-F2AF8F5BEB5F</generatorID>
<ownerDesignName>ejercicio</ownerDesignName>
<pkName>Id_cliente</pkName>
<fonts>
<FontObject class="oracle.dbtools.crest.model.design.FontObjectWr">
<foType>Título</foType>
<fontStyle>1</fontStyle>
<colorRGB>-16776961</colorRGB>
</FontObject>
<FontObject class="oracle.dbtools.crest.model.design.FontObjectWr">
<foType>Columna</foType>
<colorRGB>-16777216</colorRGB>
</FontObject>
<FontObject class="oracle.dbtools.crest.model.design.FontObjectWr">
<foType>Tipo de Dato</foType>
<colorRGB>-16744448</colorRGB>
</FontObject>
<FontObject class="oracle.dbtools.crest.model.design.FontObjectWr">
<foType>Elemento de Clave Primaria</foType>
<colorRGB>-16776961</colorRGB>
</FontObject>
<FontObject class="oracle.dbtools.crest.model.design.FontObjectWr">
<foType>Elemento de Clave Ajena</foType>
<colorRGB>-16777216</colorRGB>
</FontObject>
<FontObject class="oracle.dbtools.crest.model.design.FontObjectWr">
<foType>Elemento de Clave Única</foType>
<colorRGB>-16776961</colorRGB>
</FontObject>
<FontObject class="oracle.dbtools.crest.model.design.FontObjectWr">
<foType>No Nulo</foType>
<colorRGB>-65536</colorRGB>
</FontObject>
<FontObject class="oracle.dbtools.crest.model.design.FontObjectWr">
<foType>Clave</foType>
<colorRGB>-16777216</colorRGB>
</FontObject>
</fonts>
<columns>
<Column class="oracle.dbtools.crest.model.design.relational.Column" name="DNI" id="B03AD51B-C27D-324F-C82E-F2F3147E8BF3">
<createdBy>alumno</createdBy>
<createdTime>2012-11-23 11:34:31 UTC</createdTime>
<generatorID>A668E0BC-CCC0-1949-D25C-A3BBE38C3580</generatorID>
<ownerDesignName>ejercicio</ownerDesignName>
<nullsAllowed>true</nullsAllowed>
<useDomainConstraints>false</useDomainConstraints>
<use>1</use>
<logicalDatatype>LOGDT024</logicalDatatype>
<previousColumn>false</previousColumn>
<autoIncrementCycle>false</autoIncrementCycle>
</Column>
<Column class="oracle.dbtools.crest.model.design.relational.Column" name="Nombre" id="0498931A-374F-93C9-FCE6-44C3318FA0D0">
<createdBy>alumno</createdBy>
<createdTime>2012-11-23 11:34:31 UTC</createdTime>
<generatorID>E5A75B1A-A247-AA53-17A1-56376C575B6C</generatorID>
<ownerDesignName>ejercicio</ownerDesignName>
<nullsAllowed>true</nullsAllowed>
<useDomainConstraints>false</useDomainConstraints>
<use>1</use>
<logicalDatatype>LOGDT024</logicalDatatype>
<previousColumn>false</previousColumn>
<autoIncrementCycle>false</autoIncrementCycle>
</Column>
<Column class="oracle.dbtools.crest.model.design.relational.Column" name="Apellidos" id="621786D9-D96D-C2CC-97AA-C86503FA88DD">
<createdBy>alumno</createdBy>
<createdTime>2012-11-23 11:34:31 UTC</createdTime>
<generatorID>7E684BB1-596E-18B2-543A-A242749054A9</generatorID>
<ownerDesignName>ejercicio</ownerDesignName>
<nullsAllowed>true</nullsAllowed>
<useDomainConstraints>false</useDomainConstraints>
<use>1</use>
<logicalDatatype>LOGDT024</logicalDatatype>
<previousColumn>false</previousColumn>
<autoIncrementCycle>false</autoIncrementCycle>
</Column>
<Column class="oracle.dbtools.crest.model.design.relational.Column" name="correo_electronico" id="A1C1E224-3746-DBC4-EDD5-2FB11D3E8050">
<createdBy>alumno</createdBy>
<createdTime>2012-11-23 11:34:31 UTC</createdTime>
<generatorID>9CF17536-8915-5899-6640-631AA7E7746D</generatorID>
<ownerDesignName>ejercicio</ownerDesignName>
<nullsAllowed>true</nullsAllowed>
<useDomainConstraints>false</useDomainConstraints>
<use>1</use>
<logicalDatatype>LOGDT024</logicalDatatype>
<previousColumn>false</previousColumn>
<autoIncrementCycle>false</autoIncrementCycle>
</Column>
</columns>
<indexes>
<ind_PK_UK class="oracle.dbtools.crest.model.design.relational.Index" id="27240A48-8C2D-7DDF-7310-C864B71EDF61" name="Id_cliente">
<createdBy>alumno</createdBy>
<createdTime>2012-11-23 11:34:31 UTC</createdTime>
<generatorID>8AB50313-F26D-7E3E-FEE2-2BA568BCFB4E</generatorID>
<ownerDesignName>ejercicio</ownerDesignName>
<pk>true</pk>
<indexState>Primary Constraint</indexState>
<indexColumnUsage>
<colUsage columnID="B03AD51B-C27D-324F-C82E-F2F3147E8BF3"/>
</indexColumnUsage>
</ind_PK_UK>
</indexes>
</Table>