<?xml version = '1.0' encoding = 'UTF-8'?>
<Table class="oracle.dbtools.crest.model.design.relational.Table" id="FFE955A0-1AC9-1383-10DF-8C320C523FF1" directorySegmentName="seg_0" name="Cristales">
<createdBy>alumno</createdBy>
<createdTime>2012-11-23 11:34:31 UTC</createdTime>
<generatorID>8D61D5BD-7989-3A7E-86DF-8C5380204904</generatorID>
<ownerDesignName>ejercicio</ownerDesignName>
<pkName>Id_cristal</pkName>
<fonts>
<FontObject class="oracle.dbtools.crest.model.design.FontObjectWr">
<foType>Título</foType>
<fontStyle>1</fontStyle>
<colorRGB>-16776961</colorRGB>
</FontObject>
<FontObject class="oracle.dbtools.crest.model.design.FontObjectWr">
<foType>Columna</foType>
<colorRGB>-16777216</colorRGB>
</FontObject>
<FontObject class="oracle.dbtools.crest.model.design.FontObjectWr">
<foType>Tipo de Dato</foType>
<colorRGB>-16744448</colorRGB>
</FontObject>
<FontObject class="oracle.dbtools.crest.model.design.FontObjectWr">
<foType>Elemento de Clave Primaria</foType>
<colorRGB>-16776961</colorRGB>
</FontObject>
<FontObject class="oracle.dbtools.crest.model.design.FontObjectWr">
<foType>Elemento de Clave Ajena</foType>
<colorRGB>-16777216</colorRGB>
</FontObject>
<FontObject class="oracle.dbtools.crest.model.design.FontObjectWr">
<foType>Elemento de Clave Única</foType>
<colorRGB>-16776961</colorRGB>
</FontObject>
<FontObject class="oracle.dbtools.crest.model.design.FontObjectWr">
<foType>No Nulo</foType>
<colorRGB>-65536</colorRGB>
</FontObject>
<FontObject class="oracle.dbtools.crest.model.design.FontObjectWr">
<foType>Clave</foType>
<colorRGB>-16777216</colorRGB>
</FontObject>
</fonts>
<columns>
<Column class="oracle.dbtools.crest.model.design.relational.Column" name="Id_cristal" id="78169931-A870-13EC-684C-D5999441B8C2">
<createdBy>alumno</createdBy>
<createdTime>2012-11-23 11:34:31 UTC</createdTime>
<generatorID>16ED84C6-6235-FDC6-1A7F-C0E2394A36EB</generatorID>
<ownerDesignName>ejercicio</ownerDesignName>
<nullsAllowed>true</nullsAllowed>
<useDomainConstraints>false</useDomainConstraints>
<use>1</use>
<logicalDatatype>LOGDT011</logicalDatatype>
<previousColumn>false</previousColumn>
<autoIncrementCycle>false</autoIncrementCycle>
</Column>
</columns>
<indexes>
<ind_PK_UK class="oracle.dbtools.crest.model.design.relational.Index" id="437076DB-01A9-C146-EB6F-1F53DEBECA74" name="Id_cristal">
<createdBy>alumno</createdBy>
<createdTime>2012-11-23 11:34:31 UTC</createdTime>
<generatorID>9612271A-C5DD-71DE-660E-4B38427A5B9C</generatorID>
<ownerDesignName>ejercicio</ownerDesignName>
<pk>true</pk>
<indexState>Primary Constraint</indexState>
<indexColumnUsage>
<colUsage columnID="78169931-A870-13EC-684C-D5999441B8C2"/>
</indexColumnUsage>
</ind_PK_UK>
</indexes>
</Table>