<?xml version = '1.0' encoding = 'UTF-8'?>
<Relation class="oracle.dbtools.crest.model.design.logical.Relation" name="mueble_temporada" id="41112069-34B0-F283-9B5F-75A175068DD9" directorySegmentName="seg_0">
<createdBy>alumno</createdBy>
<createdTime>2012-11-20 17:16:05 UTC</createdTime>
<generatorID>Generado por el Usuario</generatorID>
<ownerDesignName>muebles</ownerDesignName>
<engineerTo>
<item key="E285BA65-A133-975A-16B7-05674F499368" value="true"/>
</engineerTo>
<identifying>false</identifying>
<optionalSource>false</optionalSource>
<optionalTarget>true</optionalTarget>
<sourceCardinality>*</sourceCardinality>
<sourceEntity>A92B4E50-BAC8-545F-EA8F-1B346AFF342C</sourceEntity>
<targetCardinalityString>1</targetCardinalityString>
<targetEntity>6F448F5F-37A6-B55A-8C04-F3647E3EC0F7</targetEntity>
<transferable>true</transferable>
</Relation>