<?xml version = '1.0' encoding = 'UTF-8'?>
<Relation class="oracle.dbtools.crest.model.design.logical.Relation" name="mueble_ambiente" id="590EA8DA-81AC-8991-CB6B-131CBAF53F1D" directorySegmentName="seg_0">
<createdBy>alumno</createdBy>
<createdTime>2012-11-20 17:08:01 UTC</createdTime>
<generatorID>Generado por el Usuario</generatorID>
<ownerDesignName>muebles</ownerDesignName>
<engineerTo>
<item key="E285BA65-A133-975A-16B7-05674F499368" value="true"/>
</engineerTo>
<identifying>false</identifying>
<optionalSource>false</optionalSource>
<optionalTarget>true</optionalTarget>
<sourceCardinality>*</sourceCardinality>
<sourceEntity>A92B4E50-BAC8-545F-EA8F-1B346AFF342C</sourceEntity>
<targetCardinalityString>1</targetCardinalityString>
<targetEntity>37E74B8A-236A-F7BA-3EC8-5FFFB13600BB</targetEntity>
<transferable>true</transferable>
</Relation>