<?xml version = '1.0' encoding = 'UTF-8'?>
<Relation class="oracle.dbtools.crest.model.design.logical.Relation" name="cabecera_pedidos_lineas_pedidos" id="95BAEB1F-B344-96FF-04F5-9D375BB92382" directorySegmentName="seg_0">
<createdBy>alumno</createdBy>
<createdTime>2012-11-20 18:55:12 UTC</createdTime>
<generatorID>Generado por el Usuario</generatorID>
<ownerDesignName>muebles</ownerDesignName>
<engineerTo>
<item key="E285BA65-A133-975A-16B7-05674F499368" value="true"/>
</engineerTo>
<identifying>false</identifying>
<optionalSource>false</optionalSource>
<optionalTarget>false</optionalTarget>
<sourceCardinality>1</sourceCardinality>
<sourceEntity>9F56375E-7CA6-EDB7-98C4-6151A0142E67</sourceEntity>
<targetCardinalityString>*</targetCardinalityString>
<targetEntity>AFD3E280-6B11-0CC0-79A4-88117827E852</targetEntity>
<transferable>true</transferable>
</Relation>