<?xml version = '1.0' encoding = 'UTF-8'?>
<Relation class="oracle.dbtools.crest.model.design.logical.Relation" name="relacion_color" id="A8DBD1E7-D658-48F3-A9BD-C8C29BF3A645" directorySegmentName="seg_0">
<createdBy>alumno</createdBy>
<createdTime>2012-11-20 18:02:28 UTC</createdTime>
<generatorID>Generado por el Usuario</generatorID>
<ownerDesignName>muebles</ownerDesignName>
<engineerTo>
<item key="E285BA65-A133-975A-16B7-05674F499368" value="true"/>
</engineerTo>
<identifying>false</identifying>
<optionalSource>false</optionalSource>
<optionalTarget>true</optionalTarget>
<sourceCardinality>*</sourceCardinality>
<sourceEntity>C5A462C3-2FC0-66CB-2240-1AE170FDCAA4</sourceEntity>
<targetCardinalityString>*</targetCardinalityString>
<targetEntity>39D6FCEF-148C-D067-C6F7-D0B3A813E3A6</targetEntity>
<transferable>true</transferable>
</Relation>