<?xml version = '1.0' encoding = 'UTF-8'?>
<Relation class="oracle.dbtools.crest.model.design.logical.Relation" name="mueble_tipo" id="F13B14F0-684A-04A5-8547-789A278DDD00" directorySegmentName="seg_0">
<createdBy>alumno</createdBy>
<createdTime>2012-11-20 17:20:12 UTC</createdTime>
<generatorID>Generado por el Usuario</generatorID>
<ownerDesignName>muebles</ownerDesignName>
<engineerTo>
<item key="E285BA65-A133-975A-16B7-05674F499368" value="true"/>
</engineerTo>
<identifying>false</identifying>
<optionalSource>false</optionalSource>
<optionalTarget>true</optionalTarget>
<sourceCardinality>*</sourceCardinality>
<sourceEntity>A92B4E50-BAC8-545F-EA8F-1B346AFF342C</sourceEntity>
<targetCardinalityString>1</targetCardinalityString>
<targetEntity>792149F2-4033-5278-016F-A2DE944B4539</targetEntity>
<transferable>true</transferable>
</Relation>