<?xml version = '1.0' encoding = 'UTF-8'?>
<Relation class="oracle.dbtools.crest.model.design.logical.Relation" name="lineas_pedidos_color" id="FED42C1B-40B6-90A2-A3F4-0B7018F0532F" directorySegmentName="seg_0">
<createdBy>alumno</createdBy>
<createdTime>2012-11-20 19:01:48 UTC</createdTime>
<generatorID>Generado por el Usuario</generatorID>
<ownerDesignName>muebles</ownerDesignName>
<engineerTo>
<item key="E285BA65-A133-975A-16B7-05674F499368" value="true"/>
</engineerTo>
<identifying>false</identifying>
<optionalSource>false</optionalSource>
<optionalTarget>false</optionalTarget>
<sourceCardinality>*</sourceCardinality>
<sourceEntity>AFD3E280-6B11-0CC0-79A4-88117827E852</sourceEntity>
<targetCardinalityString>1</targetCardinalityString>
<targetEntity>B7A70637-F9AC-43FD-204A-9AE67939A3C8</targetEntity>
<transferable>true</transferable>
</Relation>