<?xml version = '1.0' encoding = 'UTF-8'?>
<Entity class="oracle.dbtools.crest.model.design.logical.Entity" id="1C45FAAC-746D-D172-B8A6-CD9BA4251B94" directorySegmentName="seg_0" name="Temporada">
<createdBy>alumno</createdBy>
<createdTime>2012-10-17 20:37:48 UTC</createdTime>
<generatorID>Generado por el Usuario</generatorID>
<ownerDesignName>Muebles</ownerDesignName>
<engineerTo>
<item key="1B7894CA-33C8-47D7-243F-0E9653CEA5D3" value="true"/>
</engineerTo>
<pkName>Key_1</pkName>
<adequatelyNormalized>NO</adequatelyNormalized>
<expectedVolumes>0</expectedVolumes>
<fwdEngineeringStrategyName>Single Table</fwdEngineeringStrategyName>
<growthPercent>0</growthPercent>
<growthType>Year</growthType>
<maxVolumes>9999999</maxVolumes>
<minVolumes>0</minVolumes>
<normalForm>Third</normalForm>
<fonts>
<FontObject class="oracle.dbtools.crest.model.design.FontObjectWr">
<foType>Título</foType>
<fontStyle>1</fontStyle>
<colorRGB>-16776961</colorRGB>
</FontObject>
<FontObject class="oracle.dbtools.crest.model.design.FontObjectWr">
<foType>Atributo</foType>
<colorRGB>-16777216</colorRGB>
</FontObject>
<FontObject class="oracle.dbtools.crest.model.design.FontObjectWr">
<foType>Tipo de Dato</foType>
<colorRGB>-16744448</colorRGB>
</FontObject>
<FontObject class="oracle.dbtools.crest.model.design.FontObjectWr">
<foType>Elemento de Clave Primaria</foType>
<colorRGB>-16776961</colorRGB>
</FontObject>
<FontObject class="oracle.dbtools.crest.model.design.FontObjectWr">
<foType>Elemento de Clave Ajena</foType>
<colorRGB>-16777216</colorRGB>
</FontObject>
<FontObject class="oracle.dbtools.crest.model.design.FontObjectWr">
<foType>Elemento de Clave Única</foType>
<colorRGB>-16776961</colorRGB>
</FontObject>
<FontObject class="oracle.dbtools.crest.model.design.FontObjectWr">
<foType>No Nulo</foType>
<colorRGB>-65536</colorRGB>
</FontObject>
<FontObject class="oracle.dbtools.crest.model.design.FontObjectWr">
<foType>Clave</foType>
<colorRGB>-16777216</colorRGB>
</FontObject>
</fonts>
<attributes>
<Attribute class="oracle.dbtools.crest.model.design.logical.Attribute" name="id_temporada" id="77777813-BD1C-C66A-242D-82851AB023E8">
<createdBy>alumno</createdBy>
<createdTime>2012-10-17 20:38:02 UTC</createdTime>
<generatorID>Generado por el Usuario</generatorID>
<ownerDesignName>Muebles</ownerDesignName>
<engineerTo>
<item key="1B7894CA-33C8-47D7-243F-0E9653CEA5D3" value="true"/>
</engineerTo>
<useDomainConstraints>false</useDomainConstraints>
<use>1</use>
<logicalDatatype>LOGDT011</logicalDatatype>
</Attribute>
<Attribute class="oracle.dbtools.crest.model.design.logical.Attribute" name="anyo" id="403514CF-CC86-5237-5012-ADC9C2E4FCAE">
<createdBy>alumno</createdBy>
<createdTime>2012-10-17 20:38:15 UTC</createdTime>
<generatorID>Generado por el Usuario</generatorID>
<ownerDesignName>Muebles</ownerDesignName>
<engineerTo>
<item key="1B7894CA-33C8-47D7-243F-0E9653CEA5D3" value="true"/>
</engineerTo>
<nullsAllowed>true</nullsAllowed>
<useDomainConstraints>false</useDomainConstraints>
<use>1</use>
<logicalDatatype>LOGDT011</logicalDatatype>
</Attribute>
</attributes>
<identifiers>
<identifier class="oracle.dbtools.crest.model.design.logical.CandidateKey" id="EAC4F0AD-8575-C796-79AF-0AABEDF4237B" name="Key_1">
<createdBy>alumno</createdBy>
<createdTime>2012-10-17 20:38:57 UTC</createdTime>
<generatorID>Generado por el Usuario</generatorID>
<ownerDesignName>Muebles</ownerDesignName>
<engineerTo>
<item key="1B7894CA-33C8-47D7-243F-0E9653CEA5D3" value="true"/>
</engineerTo>
<pk>true</pk>
<usedAttributes>
<attributeRef>77777813-BD1C-C66A-242D-82851AB023E8</attributeRef>
</usedAttributes>
</identifier>
<identifier class="oracle.dbtools.crest.model.design.logical.CandidateKey" id="8354C4FD-97B1-1AD2-8D6D-C49AFBD43903" name="Key_2">
<createdBy>alumno</createdBy>
<createdTime>2012-10-17 20:39:23 UTC</createdTime>
<generatorID>Generado por el Usuario</generatorID>
<ownerDesignName>Muebles</ownerDesignName>
<engineerTo>
<item key="1B7894CA-33C8-47D7-243F-0E9653CEA5D3" value="true"/>
</engineerTo>
<usedAttributes>
<attributeRef>403514CF-CC86-5237-5012-ADC9C2E4FCAE</attributeRef>
</usedAttributes>
</identifier>
</identifiers>
</Entity>