<?xml version = '1.0' encoding = 'UTF-8'?>
<Entity class="oracle.dbtools.crest.model.design.logical.Entity" id="64C243DA-3A13-6B2F-41E7-98BBA321B963" directorySegmentName="seg_0" name="Usuario">
<createdBy>alumno</createdBy>
<createdTime>2012-10-17 20:51:16 UTC</createdTime>
<generatorID>Generado por el Usuario</generatorID>
<ownerDesignName>Muebles</ownerDesignName>
<engineerTo>
<item key="1B7894CA-33C8-47D7-243F-0E9653CEA5D3" value="true"/>
</engineerTo>
<pkName>Key_1</pkName>
<adequatelyNormalized>NO</adequatelyNormalized>
<expectedVolumes>0</expectedVolumes>
<fwdEngineeringStrategyName>Single Table</fwdEngineeringStrategyName>
<growthPercent>0</growthPercent>
<growthType>Year</growthType>
<maxVolumes>9999999</maxVolumes>
<minVolumes>0</minVolumes>
<normalForm>Third</normalForm>
<fonts>
<FontObject class="oracle.dbtools.crest.model.design.FontObjectWr">
<foType>Título</foType>
<fontStyle>1</fontStyle>
<colorRGB>-16776961</colorRGB>
</FontObject>
<FontObject class="oracle.dbtools.crest.model.design.FontObjectWr">
<foType>Atributo</foType>
<colorRGB>-16777216</colorRGB>
</FontObject>
<FontObject class="oracle.dbtools.crest.model.design.FontObjectWr">
<foType>Tipo de Dato</foType>
<colorRGB>-16744448</colorRGB>
</FontObject>
<FontObject class="oracle.dbtools.crest.model.design.FontObjectWr">
<foType>Elemento de Clave Primaria</foType>
<colorRGB>-16776961</colorRGB>
</FontObject>
<FontObject class="oracle.dbtools.crest.model.design.FontObjectWr">
<foType>Elemento de Clave Ajena</foType>
<colorRGB>-16777216</colorRGB>
</FontObject>
<FontObject class="oracle.dbtools.crest.model.design.FontObjectWr">
<foType>Elemento de Clave Única</foType>
<colorRGB>-16776961</colorRGB>
</FontObject>
<FontObject class="oracle.dbtools.crest.model.design.FontObjectWr">
<foType>No Nulo</foType>
<colorRGB>-65536</colorRGB>
</FontObject>
<FontObject class="oracle.dbtools.crest.model.design.FontObjectWr">
<foType>Clave</foType>
<colorRGB>-16777216</colorRGB>
</FontObject>
</fonts>
<attributes>
<Attribute class="oracle.dbtools.crest.model.design.logical.Attribute" name="dni" id="BAE60C95-0070-7BCC-547C-D2618629BEA6">
<createdBy>alumno</createdBy>
<createdTime>2012-10-17 20:51:24 UTC</createdTime>
<generatorID>Generado por el Usuario</generatorID>
<ownerDesignName>Muebles</ownerDesignName>
<engineerTo>
<item key="1B7894CA-33C8-47D7-243F-0E9653CEA5D3" value="true"/>
</engineerTo>
<useDomainConstraints>false</useDomainConstraints>
<use>1</use>
<logicalDatatype>LOGDT024</logicalDatatype>
<dataTypeSize>50</dataTypeSize>
</Attribute>
<Attribute class="oracle.dbtools.crest.model.design.logical.Attribute" name="nombre" id="8852FF2C-D722-5933-7B82-9C90E0B7D371">
<createdBy>alumno</createdBy>
<createdTime>2012-10-17 20:52:30 UTC</createdTime>
<generatorID>Generado por el Usuario</generatorID>
<ownerDesignName>Muebles</ownerDesignName>
<engineerTo>
<item key="1B7894CA-33C8-47D7-243F-0E9653CEA5D3" value="true"/>
</engineerTo>
<nullsAllowed>true</nullsAllowed>
<useDomainConstraints>false</useDomainConstraints>
<use>1</use>
<logicalDatatype>LOGDT024</logicalDatatype>
<dataTypeSize>50</dataTypeSize>
</Attribute>
<Attribute class="oracle.dbtools.crest.model.design.logical.Attribute" name="apellido" id="1BBA8E7F-96F5-9B51-4D78-57E9AF4619F4">
<createdBy>alumno</createdBy>
<createdTime>2012-10-17 20:52:52 UTC</createdTime>
<generatorID>Generado por el Usuario</generatorID>
<ownerDesignName>Muebles</ownerDesignName>
<engineerTo>
<item key="1B7894CA-33C8-47D7-243F-0E9653CEA5D3" value="true"/>
</engineerTo>
<nullsAllowed>true</nullsAllowed>
<useDomainConstraints>false</useDomainConstraints>
<use>1</use>
<logicalDatatype>LOGDT024</logicalDatatype>
<dataTypeSize>50</dataTypeSize>
</Attribute>
<Attribute class="oracle.dbtools.crest.model.design.logical.Attribute" name="correo" id="DFF147B8-8CF4-0694-75BA-18FEC9A0F366">
<createdBy>alumno</createdBy>
<createdTime>2012-10-17 20:53:07 UTC</createdTime>
<generatorID>Generado por el Usuario</generatorID>
<ownerDesignName>Muebles</ownerDesignName>
<engineerTo>
<item key="1B7894CA-33C8-47D7-243F-0E9653CEA5D3" value="true"/>
</engineerTo>
<nullsAllowed>true</nullsAllowed>
<useDomainConstraints>false</useDomainConstraints>
<use>1</use>
<logicalDatatype>LOGDT024</logicalDatatype>
<dataTypeSize>50</dataTypeSize>
</Attribute>
</attributes>
<identifiers>
<identifier class="oracle.dbtools.crest.model.design.logical.CandidateKey" id="9A875C30-6A65-EC41-0472-464ADB4616D4" name="Key_1">
<createdBy>alumno</createdBy>
<createdTime>2012-10-17 20:51:43 UTC</createdTime>
<generatorID>Generado por el Usuario</generatorID>
<ownerDesignName>Muebles</ownerDesignName>
<engineerTo>
<item key="1B7894CA-33C8-47D7-243F-0E9653CEA5D3" value="true"/>
</engineerTo>
<pk>true</pk>
<usedAttributes>
<attributeRef>BAE60C95-0070-7BCC-547C-D2618629BEA6</attributeRef>
</usedAttributes>
</identifier>
</identifiers>
</Entity>