<?xml version = '1.0' encoding = 'UTF-8'?>
<Entity class="oracle.dbtools.crest.model.design.logical.Entity" id="87BA8ED4-6A52-185B-ED23-671D277EED9B" directorySegmentName="seg_0" name="Mueble">
<createdBy>alumno</createdBy>
<createdTime>2012-10-17 19:57:05 UTC</createdTime>
<generatorID>Generado por el Usuario</generatorID>
<ownerDesignName>Muebles</ownerDesignName>
<engineerTo>
<item key="1B7894CA-33C8-47D7-243F-0E9653CEA5D3" value="true"/>
</engineerTo>
<pkName>Key_1</pkName>
<adequatelyNormalized>NO</adequatelyNormalized>
<expectedVolumes>0</expectedVolumes>
<fwdEngineeringStrategyName>Single Table</fwdEngineeringStrategyName>
<growthPercent>0</growthPercent>
<growthType>Year</growthType>
<maxVolumes>9999999</maxVolumes>
<minVolumes>0</minVolumes>
<normalForm>Third</normalForm>
<fonts>
<FontObject class="oracle.dbtools.crest.model.design.FontObjectWr">
<foType>Título</foType>
<fontStyle>1</fontStyle>
<colorRGB>-16776961</colorRGB>
</FontObject>
<FontObject class="oracle.dbtools.crest.model.design.FontObjectWr">
<foType>Atributo</foType>
<colorRGB>-16777216</colorRGB>
</FontObject>
<FontObject class="oracle.dbtools.crest.model.design.FontObjectWr">
<foType>Tipo de Dato</foType>
<colorRGB>-16744448</colorRGB>
</FontObject>
<FontObject class="oracle.dbtools.crest.model.design.FontObjectWr">
<foType>Elemento de Clave Primaria</foType>
<colorRGB>-16776961</colorRGB>
</FontObject>
<FontObject class="oracle.dbtools.crest.model.design.FontObjectWr">
<foType>Elemento de Clave Ajena</foType>
<colorRGB>-16777216</colorRGB>
</FontObject>
<FontObject class="oracle.dbtools.crest.model.design.FontObjectWr">
<foType>Elemento de Clave Única</foType>
<colorRGB>-16776961</colorRGB>
</FontObject>
<FontObject class="oracle.dbtools.crest.model.design.FontObjectWr">
<foType>No Nulo</foType>
<colorRGB>-65536</colorRGB>
</FontObject>
<FontObject class="oracle.dbtools.crest.model.design.FontObjectWr">
<foType>Clave</foType>
<colorRGB>-16777216</colorRGB>
</FontObject>
</fonts>
<attributes>
<Attribute class="oracle.dbtools.crest.model.design.logical.Attribute" name="id_mueble" id="4F3FB07F-7C54-39F0-4A45-E6E78CA4CA61">
<createdBy>alumno</createdBy>
<createdTime>2012-10-17 20:09:02 UTC</createdTime>
<generatorID>Generado por el Usuario</generatorID>
<ownerDesignName>Muebles</ownerDesignName>
<engineerTo>
<item key="1B7894CA-33C8-47D7-243F-0E9653CEA5D3" value="true"/>
</engineerTo>
<useDomainConstraints>false</useDomainConstraints>
<use>1</use>
<logicalDatatype>LOGDT011</logicalDatatype>
</Attribute>
<Attribute class="oracle.dbtools.crest.model.design.logical.Attribute" name="ambiente" id="B324036D-A9BB-61E6-E6AD-573ED461D6B5">
<createdBy>alumno</createdBy>
<createdTime>2012-10-17 19:59:27 UTC</createdTime>
<generatorID>Generado por el Usuario</generatorID>
<ownerDesignName>Muebles</ownerDesignName>
<engineerTo>
<item key="1B7894CA-33C8-47D7-243F-0E9653CEA5D3" value="true"/>
</engineerTo>
<nullsAllowed>true</nullsAllowed>
<useDomainConstraints>false</useDomainConstraints>
<use>1</use>
<logicalDatatype>LOGDT024</logicalDatatype>
<dataTypeSize>50</dataTypeSize>
</Attribute>
<Attribute class="oracle.dbtools.crest.model.design.logical.Attribute" name="tipo" id="7ECA2E22-807D-DA17-FCDF-3C435C1CFB77">
<createdBy>alumno</createdBy>
<createdTime>2012-10-17 20:06:56 UTC</createdTime>
<generatorID>Generado por el Usuario</generatorID>
<ownerDesignName>Muebles</ownerDesignName>
<engineerTo>
<item key="1B7894CA-33C8-47D7-243F-0E9653CEA5D3" value="true"/>
</engineerTo>
<nullsAllowed>true</nullsAllowed>
<useDomainConstraints>false</useDomainConstraints>
<use>1</use>
<logicalDatatype>LOGDT024</logicalDatatype>
<dataTypeSize>50</dataTypeSize>
</Attribute>
<Attribute class="oracle.dbtools.crest.model.design.logical.Attribute" name="alto" id="7FEA92BA-F216-8314-2A0D-CA9A613440BD">
<createdBy>alumno</createdBy>
<createdTime>2012-10-17 20:09:44 UTC</createdTime>
<generatorID>Generado por el Usuario</generatorID>
<ownerDesignName>Muebles</ownerDesignName>
<engineerTo>
<item key="1B7894CA-33C8-47D7-243F-0E9653CEA5D3" value="true"/>
</engineerTo>
<nullsAllowed>true</nullsAllowed>
<useDomainConstraints>false</useDomainConstraints>
<use>1</use>
<logicalDatatype>LOGDT011</logicalDatatype>
</Attribute>
<Attribute class="oracle.dbtools.crest.model.design.logical.Attribute" name="ancho" id="95237A35-960A-60A1-60A7-9A20BAD91E29">
<createdBy>alumno</createdBy>
<createdTime>2012-10-17 20:10:06 UTC</createdTime>
<generatorID>Generado por el Usuario</generatorID>
<ownerDesignName>Muebles</ownerDesignName>
<engineerTo>
<item key="1B7894CA-33C8-47D7-243F-0E9653CEA5D3" value="true"/>
</engineerTo>
<nullsAllowed>true</nullsAllowed>
<useDomainConstraints>false</useDomainConstraints>
<use>1</use>
<logicalDatatype>LOGDT011</logicalDatatype>
</Attribute>
<Attribute class="oracle.dbtools.crest.model.design.logical.Attribute" name="profundidad" id="D673C485-58C9-23D4-0C46-E71C1DD6EAE0">
<createdBy>alumno</createdBy>
<createdTime>2012-10-17 20:10:33 UTC</createdTime>
<generatorID>Generado por el Usuario</generatorID>
<ownerDesignName>Muebles</ownerDesignName>
<engineerTo>
<item key="1B7894CA-33C8-47D7-243F-0E9653CEA5D3" value="true"/>
</engineerTo>
<nullsAllowed>true</nullsAllowed>
<useDomainConstraints>false</useDomainConstraints>
<use>1</use>
<logicalDatatype>LOGDT011</logicalDatatype>
</Attribute>
<Attribute class="oracle.dbtools.crest.model.design.logical.Attribute" name="id_coleccion" id="DF6B8260-C877-138E-F195-741F87BE6B16">
<createdBy>alumno</createdBy>
<createdTime>2012-10-17 20:32:50 UTC</createdTime>
<generatorID>F3B6F0C2-91DB-5877-1EDB-9EC78B2ACAF2</generatorID>
<ownerDesignName>Muebles</ownerDesignName>
<engineerTo>
<item key="1B7894CA-33C8-47D7-243F-0E9653CEA5D3" value="true"/>
</engineerTo>
<referedAttribute>5C1FC445-1EF7-8DA9-1FB9-B46DF53586DE</referedAttribute>
<useDomainConstraints>false</useDomainConstraints>
<use>1</use>
<logicalDatatype>LOGDT011</logicalDatatype>
</Attribute>
</attributes>
<identifiers>
<identifier class="oracle.dbtools.crest.model.design.logical.CandidateKey" id="CA79E743-4D38-48A0-C495-824A4DBB71DB" name="Key_1">
<createdBy>alumno</createdBy>
<createdTime>2012-10-17 20:11:12 UTC</createdTime>
<generatorID>Generado por el Usuario</generatorID>
<ownerDesignName>Muebles</ownerDesignName>
<engineerTo>
<item key="1B7894CA-33C8-47D7-243F-0E9653CEA5D3" value="true"/>
</engineerTo>
<pk>true</pk>
<usedAttributes>
<attributeRef>4F3FB07F-7C54-39F0-4A45-E6E78CA4CA61</attributeRef>
</usedAttributes>
</identifier>
</identifiers>
</Entity>