<?xml version = '1.0' encoding = 'UTF-8'?>
<Diagram class="oracle.dbtools.crest.swingui.logical.DPVLogical" name="Logical" id="209E836D-ACAD-ABD9-73B6-3DA73B53BA4B">
<createdBy>alumno</createdBy>
<createdTime>2012-10-17 19:47:53 UTC</createdTime>
<autoRoute>false</autoRoute>
<boxInbox>true</boxInbox>
<showLegend>false</showLegend>
<showLabels>false</showLabels>
<showGrid>false</showGrid>
<diagramColor>-1</diagramColor>
<display>false</display>
<notation>1</notation>
<objectViews>
<OView class="oracle.dbtools.crest.swingui.logical.TVEntity" oid="19E7C2BC-28DE-C2BB-44CD-640ABBC8C0CE" otype="Entity" vid="9194A7DF-48C2-FD9B-8F98-D3626394431E">
<bounds x="380" y="400" width="170" height="110"/>
</OView>
<OView class="oracle.dbtools.crest.swingui.TVNote" oid="57F3CB46-5973-6001-E915-4F4E6CFE6D54" otype="Note" vid="C9490DC9-AF00-C780-DB91-5C4645C37929">
<bounds x="29" y="425" width="132" height="26"/>
</OView>
<OView class="oracle.dbtools.crest.swingui.logical.TVEntity" oid="6F4484DB-7DDE-D9C5-84CB-584A8ED7E6B2" otype="Entity" vid="97F44956-944D-750C-FC46-E746BDA5F69C">
<bounds x="200" y="390" width="170" height="110"/>
</OView>
<OView class="oracle.dbtools.crest.swingui.logical.TVEntity" oid="8E10E1A6-BAC0-705D-CB7C-97B103BD7A37" otype="Entity" vid="FB5E1B7E-2207-610A-71DB-D403685C6CB0">
<bounds x="10" y="230" width="170" height="110"/>
</OView>
<OView class="oracle.dbtools.crest.swingui.logical.TVEntity" oid="96324CAD-47FD-F7AE-D7EA-99ED268602FA" otype="Entity" vid="01DD8FF7-2306-3A1B-F3D9-33DCB7D6C09F">
<bounds x="240" y="180" width="170" height="110"/>
</OView>
<OView class="oracle.dbtools.crest.swingui.logical.TVEntity" oid="9AC3595A-A265-137E-946E-F4B98E2F6BCE" otype="Entity" vid="7B7ADF12-0581-4B48-DB5B-006582BC6A65">
<bounds x="290" y="30" width="170" height="110"/>
</OView>
<OView class="oracle.dbtools.crest.swingui.logical.TVEntity" oid="A938B400-8BC8-E5A3-9476-731ECC56D574" otype="Entity" vid="3C8135D5-BC7D-65C0-11FF-17FAF9FD4D9F">
<bounds x="40" y="20" width="170" height="110"/>
</OView>
<OView class="oracle.dbtools.crest.swingui.logical.TVEntity" oid="B2861BE9-ADA4-4BB7-392F-66131FE7CDD5" otype="Entity" vid="074701F3-396A-FE4A-DB39-903130E0D9C3">
<bounds x="560" y="330" width="170" height="110"/>
</OView>
<OView class="oracle.dbtools.crest.swingui.logical.TVEntity" oid="B58E5829-4F97-178F-C33D-31E09D4667C6" otype="Entity" vid="64AC5CCF-B388-AA69-B6F9-571EB36856AD">
<bounds x="600" y="190" width="170" height="110"/>
</OView>
<OView class="oracle.dbtools.crest.swingui.logical.TVEntity" oid="E531E5D6-88E5-97EC-1929-4AE5C85C5FD7" otype="Entity" vid="F0B80FBA-F635-9645-9DB1-BDCF5B18AF34">
<bounds x="490" y="10" width="170" height="110"/>
</OView>
</objectViews>
<connectors>
<Connector class="oracle.dbtools.crest.swingui.logical.TVRelation" oid="09AEB298-A555-2F84-A025-8C948435B148" otype="Relation" vid_source="01DD8FF7-2306-3A1B-F3D9-33DCB7D6C09F" vid_target="97F44956-944D-750C-FC46-E746BDA5F69C">
<lineWidth>1</lineWidth>
<points>
<point x="305" y="290"/>
<point x="305" y="390"/>
</points>
</Connector>
<Connector class="oracle.dbtools.crest.swingui.logical.TVRelation" oid="33FD68F0-A87A-1B23-00D4-A3D2C1D70762" otype="Relation" vid_source="F0B80FBA-F635-9645-9DB1-BDCF5B18AF34" vid_target="64AC5CCF-B388-AA69-B6F9-571EB36856AD">
<lineWidth>1</lineWidth>
<points>
<point x="640" y="120"/>
<point x="640" y="190"/>
</points>
</Connector>
<Connector class="oracle.dbtools.crest.swingui.logical.TVRelation" oid="51DD1054-81AE-C288-D70D-A5C628F3008B" otype="Relation" vid_source="FB5E1B7E-2207-610A-71DB-D403685C6CB0" vid_target="97F44956-944D-750C-FC46-E746BDA5F69C">
<lineWidth>1</lineWidth>
<points>
<point x="95" y="340"/>
<point x="230" y="390"/>
</points>
</Connector>
<Connector class="oracle.dbtools.crest.swingui.logical.TVRelation" oid="549B22CF-4898-B0EE-2CAD-AD209D5136BF" otype="Relation" vid_source="3C8135D5-BC7D-65C0-11FF-17FAF9FD4D9F" vid_target="7B7ADF12-0581-4B48-DB5B-006582BC6A65">
<lineWidth>1</lineWidth>
<points>
<point x="210" y="80"/>
<point x="290" y="80"/>
</points>
</Connector>
<Connector class="oracle.dbtools.crest.swingui.logical.TVRelation" oid="5C94B61F-5172-4464-6842-5D170E187A0A" otype="Relation" vid_source="01DD8FF7-2306-3A1B-F3D9-33DCB7D6C09F" vid_target="9194A7DF-48C2-FD9B-8F98-D3626394431E">
<lineWidth>1</lineWidth>
<points>
<point x="395" y="290"/>
<point x="395" y="400"/>
</points>
</Connector>
<Connector class="oracle.dbtools.crest.swingui.logical.TVRelation" oid="8D3BA520-00E0-7F70-6A6D-44F917DE1921" otype="Relation" vid_source="01DD8FF7-2306-3A1B-F3D9-33DCB7D6C09F" vid_target="64AC5CCF-B388-AA69-B6F9-571EB36856AD">
<lineWidth>1</lineWidth>
<points>
<point x="410" y="240"/>
<point x="600" y="240"/>
</points>
</Connector>
<Connector class="oracle.dbtools.crest.swingui.logical.TVRelation" oid="96A149EE-140B-23A1-A230-5091D4EA72DC" otype="Relation" vid_source="01DD8FF7-2306-3A1B-F3D9-33DCB7D6C09F" vid_target="074701F3-396A-FE4A-DB39-903130E0D9C3">
<lineWidth>1</lineWidth>
<points>
<point x="410" y="270"/>
<point x="560" y="385"/>
</points>
</Connector>
<Connector class="oracle.dbtools.crest.swingui.logical.TVRelation" oid="B67C15CA-CE38-C94C-77D9-58552FB3A57F" otype="Relation" vid_source="F0B80FBA-F635-9645-9DB1-BDCF5B18AF34" vid_target="9194A7DF-48C2-FD9B-8F98-D3626394431E">
<lineWidth>1</lineWidth>
<points>
<point x="520" y="120"/>
<point x="520" y="400"/>
</points>
</Connector>
<Connector class="oracle.dbtools.crest.swingui.logical.TVRelation" oid="B981593B-B519-D94B-DA1C-1F36AE530404" otype="Relation" vid_source="01DD8FF7-2306-3A1B-F3D9-33DCB7D6C09F" vid_target="3C8135D5-BC7D-65C0-11FF-17FAF9FD4D9F">
<lineWidth>1</lineWidth>
<points>
<point x="250" y="180"/>
<point x="125" y="130"/>
</points>
</Connector>
<Connector class="oracle.dbtools.crest.swingui.logical.TVRelation" oid="EAAEB5E3-41A0-6F88-92CB-A3C7D0C0DAB0" otype="Relation" vid_source="F0B80FBA-F635-9645-9DB1-BDCF5B18AF34" vid_target="074701F3-396A-FE4A-DB39-903130E0D9C3">
<lineWidth>1</lineWidth>
<points>
<point x="570" y="120"/>
<point x="570" y="330"/>
</points>
</Connector>
</connectors>
</Diagram>