<?xml version = '1.0' encoding = 'UTF-8'?>
<Relation class="oracle.dbtools.crest.model.design.logical.Relation" name="Pedido_LineaPedido" id="09AEB298-A555-2F84-A025-8C948435B148" directorySegmentName="seg_0">
<createdBy>alumno</createdBy>
<createdTime>2012-10-17 20:53:30 UTC</createdTime>
<generatorID>Generado por el Usuario</generatorID>
<ownerDesignName>ejercicio_datamodeler</ownerDesignName>
<engineerTo>
<item key="CCC06DEB-33CA-851D-668E-799A49D30215" value="true"/>
</engineerTo>
<identifying>false</identifying>
<optionalSource>false</optionalSource>
<optionalTarget>false</optionalTarget>
<sourceCardinality>*</sourceCardinality>
<sourceEntity>96324CAD-47FD-F7AE-D7EA-99ED268602FA</sourceEntity>
<targetCardinalityString>1</targetCardinalityString>
<targetEntity>6F4484DB-7DDE-D9C5-84CB-584A8ED7E6B2</targetEntity>
<transferable>true</transferable>
</Relation>