<?xml version = '1.0' encoding = 'UTF-8'?>
<Relation class="oracle.dbtools.crest.model.design.logical.Relation" name="LineaPedido_Cristal" id="5C94B61F-5172-4464-6842-5D170E187A0A" directorySegmentName="seg_0">
<createdBy>alumno</createdBy>
<createdTime>2012-10-17 20:37:17 UTC</createdTime>
<generatorID>Generado por el Usuario</generatorID>
<ownerDesignName>ejercicio_datamodeler</ownerDesignName>
<engineerTo>
<item key="CCC06DEB-33CA-851D-668E-799A49D30215" value="true"/>
</engineerTo>
<identifying>false</identifying>
<optionalSource>false</optionalSource>
<optionalTarget>true</optionalTarget>
<sourceCardinality>*</sourceCardinality>
<sourceEntity>96324CAD-47FD-F7AE-D7EA-99ED268602FA</sourceEntity>
<targetCardinalityString>1</targetCardinalityString>
<targetEntity>19E7C2BC-28DE-C2BB-44CD-640ABBC8C0CE</targetEntity>
<transferable>true</transferable>
</Relation>