<?xml version = '1.0' encoding = 'UTF-8'?>
<Relation class="oracle.dbtools.crest.model.design.logical.Relation" name="Coleccion_Cristal" id="B67C15CA-CE38-C94C-77D9-58552FB3A57F" directorySegmentName="seg_0">
<createdBy>alumno</createdBy>
<createdTime>2012-10-17 20:34:25 UTC</createdTime>
<generatorID>Generado por el Usuario</generatorID>
<ownerDesignName>ejercicio_datamodeler</ownerDesignName>
<engineerTo>
<item key="CCC06DEB-33CA-851D-668E-799A49D30215" value="true"/>
</engineerTo>
<identifying>false</identifying>
<optionalSource>false</optionalSource>
<optionalTarget>false</optionalTarget>
<sourceCardinality>*</sourceCardinality>
<sourceEntity>E531E5D6-88E5-97EC-1929-4AE5C85C5FD7</sourceEntity>
<targetCardinalityString>*</targetCardinalityString>
<targetEntity>19E7C2BC-28DE-C2BB-44CD-640ABBC8C0CE</targetEntity>
<transferable>true</transferable>
</Relation>