<?xml version = '1.0' encoding = 'UTF-8'?>
<Relation class="oracle.dbtools.crest.model.design.logical.Relation" name="LineaPedido_Mueble" id="B981593B-B519-D94B-DA1C-1F36AE530404" directorySegmentName="seg_0">
<createdBy>alumno</createdBy>
<createdTime>2012-10-17 20:38:57 UTC</createdTime>
<generatorID>Generado por el Usuario</generatorID>
<ownerDesignName>ejercicio_datamodeler</ownerDesignName>
<engineerTo>
<item key="CCC06DEB-33CA-851D-668E-799A49D30215" value="true"/>
</engineerTo>
<identifying>false</identifying>
<optionalSource>false</optionalSource>
<optionalTarget>true</optionalTarget>
<sourceCardinality>*</sourceCardinality>
<sourceEntity>96324CAD-47FD-F7AE-D7EA-99ED268602FA</sourceEntity>
<targetCardinalityString>1</targetCardinalityString>
<targetEntity>A938B400-8BC8-E5A3-9476-731ECC56D574</targetEntity>
<transferable>true</transferable>
</Relation>