<?xml version = '1.0' encoding = 'UTF-8'?>
<Entity class="oracle.dbtools.crest.model.design.logical.Entity" id="0E71514A-FB63-E1A1-581F-CA828D4E930D" directorySegmentName="seg_0" name="Temporadas">
<createdBy>alumno</createdBy>
<createdTime>2012-11-24 17:19:36 UTC</createdTime>
<generatorID>Generado por el Usuario</generatorID>
<ownerDesignName>multinacional_muebles</ownerDesignName>
<engineerTo>
<item key="3912A08E-E422-CDA2-F79A-10BE960460D6" value="true"/>
</engineerTo>
<pkName>Temporadas PK</pkName>
<adequatelyNormalized>NO</adequatelyNormalized>
<expectedVolumes>0</expectedVolumes>
<fwdEngineeringStrategyName>Single Table</fwdEngineeringStrategyName>
<growthPercent>0</growthPercent>
<growthType>Year</growthType>
<maxVolumes>9999999</maxVolumes>
<minVolumes>0</minVolumes>
<normalForm>Third</normalForm>
<fonts>
<FontObject class="oracle.dbtools.crest.model.design.FontObjectWr">
<foType>Título</foType>
<fontStyle>1</fontStyle>
<colorRGB>-16776961</colorRGB>
</FontObject>
<FontObject class="oracle.dbtools.crest.model.design.FontObjectWr">
<foType>Atributo</foType>
<colorRGB>-16777216</colorRGB>
</FontObject>
<FontObject class="oracle.dbtools.crest.model.design.FontObjectWr">
<foType>Tipo de Dato</foType>
<colorRGB>-16744448</colorRGB>
</FontObject>
<FontObject class="oracle.dbtools.crest.model.design.FontObjectWr">
<foType>Elemento de Clave Primaria</foType>
<colorRGB>-16776961</colorRGB>
</FontObject>
<FontObject class="oracle.dbtools.crest.model.design.FontObjectWr">
<foType>Elemento de Clave Ajena</foType>
<colorRGB>-16777216</colorRGB>
</FontObject>
<FontObject class="oracle.dbtools.crest.model.design.FontObjectWr">
<foType>Elemento de Clave Única</foType>
<colorRGB>-16776961</colorRGB>
</FontObject>
<FontObject class="oracle.dbtools.crest.model.design.FontObjectWr">
<foType>No Nulo</foType>
<colorRGB>-65536</colorRGB>
</FontObject>
<FontObject class="oracle.dbtools.crest.model.design.FontObjectWr">
<foType>Clave</foType>
<colorRGB>-16777216</colorRGB>
</FontObject>
</fonts>
<attributes>
<Attribute class="oracle.dbtools.crest.model.design.logical.Attribute" name="id_temporada" id="3F0C58D5-B22C-AE33-B82C-EC09F452ED00">
<createdBy>alumno</createdBy>
<createdTime>2012-11-24 17:19:56 UTC</createdTime>
<generatorID>Generado por el Usuario</generatorID>
<ownerDesignName>multinacional_muebles</ownerDesignName>
<engineerTo>
<item key="3912A08E-E422-CDA2-F79A-10BE960460D6" value="true"/>
</engineerTo>
<useDomainConstraints>false</useDomainConstraints>
<use>1</use>
<logicalDatatype>LOGDT011</logicalDatatype>
</Attribute>
<Attribute class="oracle.dbtools.crest.model.design.logical.Attribute" name="año" id="FE757F91-3C40-4ADA-26AF-D91630C72D6F">
<createdBy>alumno</createdBy>
<createdTime>2012-11-24 17:25:33 UTC</createdTime>
<generatorID>Generado por el Usuario</generatorID>
<ownerDesignName>multinacional_muebles</ownerDesignName>
<engineerTo>
<item key="3912A08E-E422-CDA2-F79A-10BE960460D6" value="true"/>
</engineerTo>
<useDomainConstraints>false</useDomainConstraints>
<use>1</use>
<logicalDatatype>LOGDT011</logicalDatatype>
<comment>Modelo: 2011, 2012, 2013, ...</comment>
</Attribute>
</attributes>
<identifiers>
<identifier class="oracle.dbtools.crest.model.design.logical.CandidateKey" id="AFBFC030-9FB9-6FEA-9ACD-174FC1349434" name="Temporadas PK">
<createdBy>alumno</createdBy>
<createdTime>2012-11-24 17:33:51 UTC</createdTime>
<generatorID>Generado por el Usuario</generatorID>
<ownerDesignName>multinacional_muebles</ownerDesignName>
<engineerTo>
<item key="3912A08E-E422-CDA2-F79A-10BE960460D6" value="true"/>
</engineerTo>
<pk>true</pk>
<usedAttributes>
<attributeRef>3F0C58D5-B22C-AE33-B82C-EC09F452ED00</attributeRef>
</usedAttributes>
</identifier>
</identifiers>
</Entity>