<?xml version = '1.0' encoding = 'UTF-8'?>
<Entity class="oracle.dbtools.crest.model.design.logical.Entity" id="2A754CC6-1584-7A6E-58A1-BBBEAD87AE28" directorySegmentName="seg_0" name="pedidos">
<createdBy>alumno</createdBy>
<createdTime>2012-11-24 18:03:14 UTC</createdTime>
<generatorID>Generado por el Usuario</generatorID>
<ownerDesignName>multinacional_muebles</ownerDesignName>
<engineerTo>
<item key="3912A08E-E422-CDA2-F79A-10BE960460D6" value="true"/>
</engineerTo>
<pkName>pedidos PK</pkName>
<adequatelyNormalized>NO</adequatelyNormalized>
<expectedVolumes>0</expectedVolumes>
<fwdEngineeringStrategyName>Single Table</fwdEngineeringStrategyName>
<growthPercent>0</growthPercent>
<growthType>Year</growthType>
<maxVolumes>9999999</maxVolumes>
<minVolumes>0</minVolumes>
<normalForm>Third</normalForm>
<fonts>
<FontObject class="oracle.dbtools.crest.model.design.FontObjectWr">
<foType>Título</foType>
<fontStyle>1</fontStyle>
<colorRGB>-16776961</colorRGB>
</FontObject>
<FontObject class="oracle.dbtools.crest.model.design.FontObjectWr">
<foType>Atributo</foType>
<colorRGB>-16777216</colorRGB>
</FontObject>
<FontObject class="oracle.dbtools.crest.model.design.FontObjectWr">
<foType>Tipo de Dato</foType>
<colorRGB>-16744448</colorRGB>
</FontObject>
<FontObject class="oracle.dbtools.crest.model.design.FontObjectWr">
<foType>Elemento de Clave Primaria</foType>
<colorRGB>-16776961</colorRGB>
</FontObject>
<FontObject class="oracle.dbtools.crest.model.design.FontObjectWr">
<foType>Elemento de Clave Ajena</foType>
<colorRGB>-16777216</colorRGB>
</FontObject>
<FontObject class="oracle.dbtools.crest.model.design.FontObjectWr">
<foType>Elemento de Clave Única</foType>
<colorRGB>-16776961</colorRGB>
</FontObject>
<FontObject class="oracle.dbtools.crest.model.design.FontObjectWr">
<foType>No Nulo</foType>
<colorRGB>-65536</colorRGB>
</FontObject>
<FontObject class="oracle.dbtools.crest.model.design.FontObjectWr">
<foType>Clave</foType>
<colorRGB>-16777216</colorRGB>
</FontObject>
</fonts>
<attributes>
<Attribute class="oracle.dbtools.crest.model.design.logical.Attribute" name="id_pedido" id="66054663-18A9-4128-3FEF-141A7983EB0E">
<createdBy>alumno</createdBy>
<createdTime>2012-11-24 18:03:24 UTC</createdTime>
<generatorID>Generado por el Usuario</generatorID>
<ownerDesignName>multinacional_muebles</ownerDesignName>
<engineerTo>
<item key="3912A08E-E422-CDA2-F79A-10BE960460D6" value="true"/>
</engineerTo>
<useDomainConstraints>false</useDomainConstraints>
<use>1</use>
<logicalDatatype>LOGDT011</logicalDatatype>
</Attribute>
<Attribute class="oracle.dbtools.crest.model.design.logical.Attribute" name="fecha_compra" id="C2E762B8-59F5-9BC8-8FCF-A57AB245D3DA">
<createdBy>alumno</createdBy>
<createdTime>2012-11-24 18:04:22 UTC</createdTime>
<generatorID>Generado por el Usuario</generatorID>
<ownerDesignName>multinacional_muebles</ownerDesignName>
<engineerTo>
<item key="3912A08E-E422-CDA2-F79A-10BE960460D6" value="true"/>
</engineerTo>
<useDomainConstraints>false</useDomainConstraints>
<use>1</use>
<logicalDatatype>LOGDT024</logicalDatatype>
<dataTypeSize>50</dataTypeSize>
<comment>El modelo de la fecha es: &lt;dia&gt; de &lt;mes&gt; de &lt;año&gt;. </comment>
</Attribute>
<Attribute class="oracle.dbtools.crest.model.design.logical.Attribute" name="importe_total" id="29074D02-9D0B-2BBD-EA00-DCB660CD7598">
<createdBy>alumno</createdBy>
<createdTime>2012-11-24 18:07:53 UTC</createdTime>
<generatorID>Generado por el Usuario</generatorID>
<ownerDesignName>multinacional_muebles</ownerDesignName>
<engineerTo>
<item key="3912A08E-E422-CDA2-F79A-10BE960460D6" value="true"/>
</engineerTo>
<useDomainConstraints>false</useDomainConstraints>
<use>1</use>
<logicalDatatype>LOGDT011</logicalDatatype>
<comment>Este atributo será calculado dependiendo del importe del mueble y la cantidad que solicite el cliente.</comment>
</Attribute>
<Attribute class="oracle.dbtools.crest.model.design.logical.Attribute" name="id_cliente" id="FCCBC601-1A53-BB6A-58E6-4BD1DFC6FACF">
<createdBy>alumno</createdBy>
<createdTime>2012-11-24 19:00:10 UTC</createdTime>
<generatorID>337B0372-D11E-87C2-A99D-DB45707C0FCB</generatorID>
<ownerDesignName>multinacional_muebles</ownerDesignName>
<engineerTo>
<item key="3912A08E-E422-CDA2-F79A-10BE960460D6" value="true"/>
</engineerTo>
<nullsAllowed>true</nullsAllowed>
<referedAttribute>E8AB4854-74A9-0A52-F7BE-2279B50523EE</referedAttribute>
<useDomainConstraints>false</useDomainConstraints>
<use>1</use>
<logicalDatatype>LOGDT011</logicalDatatype>
</Attribute>
</attributes>
<identifiers>
<identifier class="oracle.dbtools.crest.model.design.logical.CandidateKey" id="FE45E347-CA73-1A46-4247-4C050CFFED44" name="pedidos PK">
<createdBy>alumno</createdBy>
<createdTime>2012-11-24 18:04:05 UTC</createdTime>
<generatorID>Generado por el Usuario</generatorID>
<ownerDesignName>multinacional_muebles</ownerDesignName>
<engineerTo>
<item key="3912A08E-E422-CDA2-F79A-10BE960460D6" value="true"/>
</engineerTo>
<pk>true</pk>
<usedAttributes>
<attributeRef>66054663-18A9-4128-3FEF-141A7983EB0E</attributeRef>
</usedAttributes>
</identifier>
</identifiers>
</Entity>