<?xml version = '1.0' encoding = 'UTF-8'?>
<Entity class="oracle.dbtools.crest.model.design.logical.Entity" id="A70BEFDB-81B5-6CD2-E074-E08FF447CD63" directorySegmentName="seg_0" name="clientes">
<createdBy>alumno</createdBy>
<createdTime>2012-11-24 18:09:34 UTC</createdTime>
<generatorID>Generado por el Usuario</generatorID>
<ownerDesignName>multinacional_muebles</ownerDesignName>
<engineerTo>
<item key="3912A08E-E422-CDA2-F79A-10BE960460D6" value="true"/>
</engineerTo>
<pkName>clientes PK</pkName>
<adequatelyNormalized>NO</adequatelyNormalized>
<expectedVolumes>0</expectedVolumes>
<fwdEngineeringStrategyName>Single Table</fwdEngineeringStrategyName>
<growthPercent>0</growthPercent>
<growthType>Year</growthType>
<maxVolumes>9999999</maxVolumes>
<minVolumes>0</minVolumes>
<normalForm>Third</normalForm>
<fonts>
<FontObject class="oracle.dbtools.crest.model.design.FontObjectWr">
<foType>Título</foType>
<fontStyle>1</fontStyle>
<colorRGB>-16776961</colorRGB>
</FontObject>
<FontObject class="oracle.dbtools.crest.model.design.FontObjectWr">
<foType>Atributo</foType>
<colorRGB>-16777216</colorRGB>
</FontObject>
<FontObject class="oracle.dbtools.crest.model.design.FontObjectWr">
<foType>Tipo de Dato</foType>
<colorRGB>-16744448</colorRGB>
</FontObject>
<FontObject class="oracle.dbtools.crest.model.design.FontObjectWr">
<foType>Elemento de Clave Primaria</foType>
<colorRGB>-16776961</colorRGB>
</FontObject>
<FontObject class="oracle.dbtools.crest.model.design.FontObjectWr">
<foType>Elemento de Clave Ajena</foType>
<colorRGB>-16777216</colorRGB>
</FontObject>
<FontObject class="oracle.dbtools.crest.model.design.FontObjectWr">
<foType>Elemento de Clave Única</foType>
<colorRGB>-16776961</colorRGB>
</FontObject>
<FontObject class="oracle.dbtools.crest.model.design.FontObjectWr">
<foType>No Nulo</foType>
<colorRGB>-65536</colorRGB>
</FontObject>
<FontObject class="oracle.dbtools.crest.model.design.FontObjectWr">
<foType>Clave</foType>
<colorRGB>-16777216</colorRGB>
</FontObject>
</fonts>
<attributes>
<Attribute class="oracle.dbtools.crest.model.design.logical.Attribute" name="id_cliente" id="E8AB4854-74A9-0A52-F7BE-2279B50523EE">
<createdBy>alumno</createdBy>
<createdTime>2012-11-24 18:09:54 UTC</createdTime>
<generatorID>Generado por el Usuario</generatorID>
<ownerDesignName>multinacional_muebles</ownerDesignName>
<engineerTo>
<item key="3912A08E-E422-CDA2-F79A-10BE960460D6" value="true"/>
</engineerTo>
<useDomainConstraints>false</useDomainConstraints>
<use>1</use>
<logicalDatatype>LOGDT011</logicalDatatype>
</Attribute>
<Attribute class="oracle.dbtools.crest.model.design.logical.Attribute" name="nombre" id="960DB464-27EC-7522-8996-AECA0CFD0AFA">
<createdBy>alumno</createdBy>
<createdTime>2012-11-24 18:10:12 UTC</createdTime>
<generatorID>Generado por el Usuario</generatorID>
<ownerDesignName>multinacional_muebles</ownerDesignName>
<engineerTo>
<item key="3912A08E-E422-CDA2-F79A-10BE960460D6" value="true"/>
</engineerTo>
<useDomainConstraints>false</useDomainConstraints>
<use>1</use>
<logicalDatatype>LOGDT024</logicalDatatype>
<dataTypeSize>50</dataTypeSize>
</Attribute>
<Attribute class="oracle.dbtools.crest.model.design.logical.Attribute" name="apellidos" id="A9115168-B689-6F1E-6583-8AFFEED26859">
<createdBy>alumno</createdBy>
<createdTime>2012-11-24 18:10:31 UTC</createdTime>
<generatorID>Generado por el Usuario</generatorID>
<ownerDesignName>multinacional_muebles</ownerDesignName>
<engineerTo>
<item key="3912A08E-E422-CDA2-F79A-10BE960460D6" value="true"/>
</engineerTo>
<useDomainConstraints>false</useDomainConstraints>
<use>1</use>
<logicalDatatype>LOGDT024</logicalDatatype>
<dataTypeSize>50</dataTypeSize>
</Attribute>
<Attribute class="oracle.dbtools.crest.model.design.logical.Attribute" name="dni" id="6CFBD569-9D8D-7CD8-D555-5C6A99ABE985">
<createdBy>alumno</createdBy>
<createdTime>2012-11-24 18:10:55 UTC</createdTime>
<generatorID>Generado por el Usuario</generatorID>
<ownerDesignName>multinacional_muebles</ownerDesignName>
<engineerTo>
<item key="3912A08E-E422-CDA2-F79A-10BE960460D6" value="true"/>
</engineerTo>
<useDomainConstraints>false</useDomainConstraints>
<use>1</use>
<logicalDatatype>LOGDT024</logicalDatatype>
<dataTypeSize>50</dataTypeSize>
<comment>Considero el atributo dni como varchar por la letra que le acompaña</comment>
</Attribute>
<Attribute class="oracle.dbtools.crest.model.design.logical.Attribute" name="email" id="7E6F85CB-48E1-37DB-CBC5-BBAA37CACE4B">
<createdBy>alumno</createdBy>
<createdTime>2012-11-24 18:11:44 UTC</createdTime>
<generatorID>Generado por el Usuario</generatorID>
<ownerDesignName>multinacional_muebles</ownerDesignName>
<engineerTo>
<item key="3912A08E-E422-CDA2-F79A-10BE960460D6" value="true"/>
</engineerTo>
<useDomainConstraints>false</useDomainConstraints>
<use>1</use>
<logicalDatatype>LOGDT024</logicalDatatype>
<dataTypeSize>50</dataTypeSize>
</Attribute>
</attributes>
<identifiers>
<identifier class="oracle.dbtools.crest.model.design.logical.CandidateKey" id="63D57197-BCBB-9700-C4C2-9D307ADDA425" name="clientes PK">
<createdBy>alumno</createdBy>
<createdTime>2012-11-24 18:10:06 UTC</createdTime>
<generatorID>Generado por el Usuario</generatorID>
<ownerDesignName>multinacional_muebles</ownerDesignName>
<engineerTo>
<item key="3912A08E-E422-CDA2-F79A-10BE960460D6" value="true"/>
</engineerTo>
<pk>true</pk>
<usedAttributes>
<attributeRef>E8AB4854-74A9-0A52-F7BE-2279B50523EE</attributeRef>
</usedAttributes>
</identifier>
</identifiers>
</Entity>