<?xml version = '1.0' encoding = 'UTF-8'?>
<Entity class="oracle.dbtools.crest.model.design.logical.Entity" id="BC380C76-0863-4D99-7CBC-1464390C7F02" directorySegmentName="seg_0" name="colecciones">
<createdBy>alumno</createdBy>
<createdTime>2012-11-24 17:48:43 UTC</createdTime>
<generatorID>Generado por el Usuario</generatorID>
<ownerDesignName>multinacional_muebles</ownerDesignName>
<engineerTo>
<item key="3912A08E-E422-CDA2-F79A-10BE960460D6" value="true"/>
</engineerTo>
<pkName>coleciones PK</pkName>
<adequatelyNormalized>NO</adequatelyNormalized>
<expectedVolumes>0</expectedVolumes>
<fwdEngineeringStrategyName>Single Table</fwdEngineeringStrategyName>
<growthPercent>0</growthPercent>
<growthType>Year</growthType>
<maxVolumes>9999999</maxVolumes>
<minVolumes>0</minVolumes>
<normalForm>Third</normalForm>
<fonts>
<FontObject class="oracle.dbtools.crest.model.design.FontObjectWr">
<foType>Título</foType>
<fontStyle>1</fontStyle>
<colorRGB>-16776961</colorRGB>
</FontObject>
<FontObject class="oracle.dbtools.crest.model.design.FontObjectWr">
<foType>Atributo</foType>
<colorRGB>-16777216</colorRGB>
</FontObject>
<FontObject class="oracle.dbtools.crest.model.design.FontObjectWr">
<foType>Tipo de Dato</foType>
<colorRGB>-16744448</colorRGB>
</FontObject>
<FontObject class="oracle.dbtools.crest.model.design.FontObjectWr">
<foType>Elemento de Clave Primaria</foType>
<colorRGB>-16776961</colorRGB>
</FontObject>
<FontObject class="oracle.dbtools.crest.model.design.FontObjectWr">
<foType>Elemento de Clave Ajena</foType>
<colorRGB>-16777216</colorRGB>
</FontObject>
<FontObject class="oracle.dbtools.crest.model.design.FontObjectWr">
<foType>Elemento de Clave Única</foType>
<colorRGB>-16776961</colorRGB>
</FontObject>
<FontObject class="oracle.dbtools.crest.model.design.FontObjectWr">
<foType>No Nulo</foType>
<colorRGB>-65536</colorRGB>
</FontObject>
<FontObject class="oracle.dbtools.crest.model.design.FontObjectWr">
<foType>Clave</foType>
<colorRGB>-16777216</colorRGB>
</FontObject>
</fonts>
<attributes>
<Attribute class="oracle.dbtools.crest.model.design.logical.Attribute" name="id_coleccion" id="8C86E8E5-9C16-8DA1-C47E-6F1413F511B8">
<createdBy>alumno</createdBy>
<createdTime>2012-11-24 17:48:51 UTC</createdTime>
<generatorID>Generado por el Usuario</generatorID>
<ownerDesignName>multinacional_muebles</ownerDesignName>
<engineerTo>
<item key="3912A08E-E422-CDA2-F79A-10BE960460D6" value="true"/>
</engineerTo>
<useDomainConstraints>false</useDomainConstraints>
<use>1</use>
<logicalDatatype>LOGDT011</logicalDatatype>
</Attribute>
<Attribute class="oracle.dbtools.crest.model.design.logical.Attribute" name="descripcion_coleccion" id="FB0B2269-92FB-710C-213C-BD4EB1C3507F">
<createdBy>alumno</createdBy>
<createdTime>2012-11-24 17:49:19 UTC</createdTime>
<generatorID>Generado por el Usuario</generatorID>
<ownerDesignName>multinacional_muebles</ownerDesignName>
<engineerTo>
<item key="3912A08E-E422-CDA2-F79A-10BE960460D6" value="true"/>
</engineerTo>
<useDomainConstraints>false</useDomainConstraints>
<use>1</use>
<logicalDatatype>LOGDT024</logicalDatatype>
<dataTypeSize>50</dataTypeSize>
<comment>Modelo: Dormitorio Estival, Cocina Etrusca, Salón Belén, ...</comment>
</Attribute>
</attributes>
<identifiers>
<identifier class="oracle.dbtools.crest.model.design.logical.CandidateKey" id="DFC47F2A-735C-E46C-340E-23653E058037" name="coleciones PK">
<createdBy>alumno</createdBy>
<createdTime>2012-11-24 17:49:15 UTC</createdTime>
<generatorID>Generado por el Usuario</generatorID>
<ownerDesignName>multinacional_muebles</ownerDesignName>
<engineerTo>
<item key="3912A08E-E422-CDA2-F79A-10BE960460D6" value="true"/>
</engineerTo>
<pk>true</pk>
<usedAttributes>
<attributeRef>8C86E8E5-9C16-8DA1-C47E-6F1413F511B8</attributeRef>
</usedAttributes>
</identifier>
</identifiers>
</Entity>