<?xml version = '1.0' encoding = 'UTF-8'?>
<Diagram class="oracle.dbtools.crest.swingui.logical.DPVLogical" name="Logical" id="209E836D-ACAD-ABD9-73B6-3DA73B53BA4B">
<createdBy>alumno</createdBy>
<createdTime>2012-10-17 19:47:53 UTC</createdTime>
<autoRoute>false</autoRoute>
<boxInbox>true</boxInbox>
<showLegend>false</showLegend>
<showLabels>false</showLabels>
<showGrid>false</showGrid>
<diagramColor>-1</diagramColor>
<display>false</display>
<notation>1</notation>
<objectViews>
<OView class="oracle.dbtools.crest.swingui.logical.TVEntity" oid="19E7C2BC-28DE-C2BB-44CD-640ABBC8C0CE" otype="Entity" vid="9194A7DF-48C2-FD9B-8F98-D3626394431E">
<bounds x="777" y="128" width="170" height="45"/>
</OView>
<OView class="oracle.dbtools.crest.swingui.logical.TVEntity" oid="6F4484DB-7DDE-D9C5-84CB-584A8ED7E6B2" otype="Entity" vid="97F44956-944D-750C-FC46-E746BDA5F69C">
<bounds x="514" y="295" width="170" height="70"/>
</OView>
<OView class="oracle.dbtools.crest.swingui.logical.TVEntity" oid="8E10E1A6-BAC0-705D-CB7C-97B103BD7A37" otype="Entity" vid="FB5E1B7E-2207-610A-71DB-D403685C6CB0">
<bounds x="516" y="421" width="170" height="84"/>
</OView>
<OView class="oracle.dbtools.crest.swingui.logical.TVEntity" oid="96324CAD-47FD-F7AE-D7EA-99ED268602FA" otype="Entity" vid="01DD8FF7-2306-3A1B-F3D9-33DCB7D6C09F">
<bounds x="498" y="147" width="189" height="90"/>
</OView>
<OView class="oracle.dbtools.crest.swingui.logical.TVEntity" oid="9AC3595A-A265-137E-946E-F4B98E2F6BCE" otype="Entity" vid="7B7ADF12-0581-4B48-DB5B-006582BC6A65">
<bounds x="18" y="161" width="170" height="50"/>
</OView>
<OView class="oracle.dbtools.crest.swingui.logical.TVEntity" oid="A938B400-8BC8-E5A3-9476-731ECC56D574" otype="Entity" vid="3C8135D5-BC7D-65C0-11FF-17FAF9FD4D9F">
<bounds x="241" y="146" width="170" height="88"/>
</OView>
<OView class="oracle.dbtools.crest.swingui.logical.TVEntity" oid="B2861BE9-ADA4-4BB7-392F-66131FE7CDD5" otype="Entity" vid="074701F3-396A-FE4A-DB39-903130E0D9C3">
<bounds x="875" y="195" width="170" height="43"/>
</OView>
<OView class="oracle.dbtools.crest.swingui.logical.TVEntity" oid="B58E5829-4F97-178F-C33D-31E09D4667C6" otype="Entity" vid="64AC5CCF-B388-AA69-B6F9-571EB36856AD">
<bounds x="590" y="22" width="170" height="45"/>
</OView>
<OView class="oracle.dbtools.crest.swingui.logical.TVEntity" oid="E531E5D6-88E5-97EC-1929-4AE5C85C5FD7" otype="Entity" vid="F0B80FBA-F635-9645-9DB1-BDCF5B18AF34">
<bounds x="875" y="24" width="170" height="49"/>
</OView>
</objectViews>
<connectors>
<Connector class="oracle.dbtools.crest.swingui.logical.TVRelation" oid="09AEB298-A555-2F84-A025-8C948435B148" otype="Relation" vid_source="01DD8FF7-2306-3A1B-F3D9-33DCB7D6C09F" vid_target="97F44956-944D-750C-FC46-E746BDA5F69C">
<lineWidth>1</lineWidth>
<points>
<point x="599" y="237"/>
<point x="599" y="295"/>
</points>
</Connector>
<Connector class="oracle.dbtools.crest.swingui.logical.TVRelation" oid="33FD68F0-A87A-1B23-00D4-A3D2C1D70762" otype="Relation" vid_source="F0B80FBA-F635-9645-9DB1-BDCF5B18AF34" vid_target="64AC5CCF-B388-AA69-B6F9-571EB36856AD">
<lineWidth>1</lineWidth>
<points>
<point x="875" y="45"/>
<point x="760" y="45"/>
</points>
</Connector>
<Connector class="oracle.dbtools.crest.swingui.logical.TVRelation" oid="51DD1054-81AE-C288-D70D-A5C628F3008B" otype="Relation" vid_source="FB5E1B7E-2207-610A-71DB-D403685C6CB0" vid_target="97F44956-944D-750C-FC46-E746BDA5F69C">
<lineWidth>1</lineWidth>
<points>
<point x="600" y="421"/>
<point x="600" y="365"/>
</points>
</Connector>
<Connector class="oracle.dbtools.crest.swingui.logical.TVRelation" oid="549B22CF-4898-B0EE-2CAD-AD209D5136BF" otype="Relation" vid_source="3C8135D5-BC7D-65C0-11FF-17FAF9FD4D9F" vid_target="7B7ADF12-0581-4B48-DB5B-006582BC6A65">
<lineWidth>1</lineWidth>
<points>
<point x="241" y="186"/>
<point x="188" y="186"/>
</points>
</Connector>
<Connector class="oracle.dbtools.crest.swingui.logical.TVRelation" oid="5C94B61F-5172-4464-6842-5D170E187A0A" otype="Relation" vid_source="01DD8FF7-2306-3A1B-F3D9-33DCB7D6C09F" vid_target="9194A7DF-48C2-FD9B-8F98-D3626394431E">
<lineWidth>1</lineWidth>
<points>
<point x="687" y="160"/>
<point x="777" y="160"/>
</points>
</Connector>
<Connector class="oracle.dbtools.crest.swingui.logical.TVRelation" oid="8D3BA520-00E0-7F70-6A6D-44F917DE1921" otype="Relation" vid_source="01DD8FF7-2306-3A1B-F3D9-33DCB7D6C09F" vid_target="64AC5CCF-B388-AA69-B6F9-571EB36856AD">
<lineWidth>1</lineWidth>
<points>
<point x="638" y="147"/>
<point x="638" y="67"/>
</points>
</Connector>
<Connector class="oracle.dbtools.crest.swingui.logical.TVRelation" oid="96A149EE-140B-23A1-A230-5091D4EA72DC" otype="Relation" vid_source="01DD8FF7-2306-3A1B-F3D9-33DCB7D6C09F" vid_target="074701F3-396A-FE4A-DB39-903130E0D9C3">
<lineWidth>1</lineWidth>
<points>
<point x="687" y="216"/>
<point x="875" y="216"/>
</points>
</Connector>
<Connector class="oracle.dbtools.crest.swingui.logical.TVRelation" oid="B67C15CA-CE38-C94C-77D9-58552FB3A57F" otype="Relation" vid_source="F0B80FBA-F635-9645-9DB1-BDCF5B18AF34" vid_target="9194A7DF-48C2-FD9B-8F98-D3626394431E">
<lineWidth>1</lineWidth>
<points>
<point x="911" y="73"/>
<point x="911" y="128"/>
</points>
</Connector>
<Connector class="oracle.dbtools.crest.swingui.logical.TVRelation" oid="B981593B-B519-D94B-DA1C-1F36AE530404" otype="Relation" vid_source="01DD8FF7-2306-3A1B-F3D9-33DCB7D6C09F" vid_target="3C8135D5-BC7D-65C0-11FF-17FAF9FD4D9F">
<lineWidth>1</lineWidth>
<points>
<point x="498" y="190"/>
<point x="411" y="190"/>
</points>
</Connector>
<Connector class="oracle.dbtools.crest.swingui.logical.TVRelation" oid="EAAEB5E3-41A0-6F88-92CB-A3C7D0C0DAB0" otype="Relation" vid_source="F0B80FBA-F635-9645-9DB1-BDCF5B18AF34" vid_target="074701F3-396A-FE4A-DB39-903130E0D9C3">
<lineWidth>1</lineWidth>
<points>
<point x="970" y="73"/>
<point x="970" y="195"/>
</points>
</Connector>
</connectors>
</Diagram>