<?xml version = '1.0' encoding = 'UTF-8'?>
<Diagram class="oracle.dbtools.crest.swingui.logical.DPVLogicalSubView" name="Logical - SubView_1" id="AF5C2664-75FE-D9B6-D259-9773423EDB0F">
<createdBy>alumno</createdBy>
<createdTime>2012-10-17 19:47:53 UTC</createdTime>
<autoRoute>false</autoRoute>
<boxInbox>true</boxInbox>
<showLegend>false</showLegend>
<showLabels>false</showLabels>
<showGrid>false</showGrid>
<diagramColor>-1</diagramColor>
<display>false</display>
<notation>1</notation>
<objectViews>
<OView class="oracle.dbtools.crest.swingui.logical.TVEntity" oid="19E7C2BC-28DE-C2BB-44CD-640ABBC8C0CE" otype="Entity" vid="363154F0-B907-1E75-6C0C-45CEFA1955BF">
<bounds x="328" y="20" width="80" height="91"/>
</OView>
<OView class="oracle.dbtools.crest.swingui.logical.TVEntity" oid="6F4484DB-7DDE-D9C5-84CB-584A8ED7E6B2" otype="Entity" vid="E8D081FB-4EDD-7798-CB0C-7EBA8D7889E6">
<bounds x="164" y="300" width="92" height="86"/>
</OView>
<OView class="oracle.dbtools.crest.swingui.logical.TVEntity" oid="8E10E1A6-BAC0-705D-CB7C-97B103BD7A37" otype="Entity" vid="0EDB406B-B3E0-0238-A373-A92E313D51CC">
<bounds x="18" y="288" width="93" height="88"/>
</OView>
<OView class="oracle.dbtools.crest.swingui.logical.TVEntity" oid="96324CAD-47FD-F7AE-D7EA-99ED268602FA" otype="Entity" vid="3293BDC7-8F49-C7FB-77AA-14CB2A6E62DB">
<bounds x="317" y="289" width="101" height="100"/>
</OView>
<OView class="oracle.dbtools.crest.swingui.logical.TVEntity" oid="9AC3595A-A265-137E-946E-F4B98E2F6BCE" otype="Entity" vid="46806AB6-7489-28E7-35D7-04D69683A9AD">
<bounds x="197" y="21" width="104" height="129"/>
</OView>
<OView class="oracle.dbtools.crest.swingui.logical.TVEntity" oid="A938B400-8BC8-E5A3-9476-731ECC56D574" otype="Entity" vid="CA36761C-5075-46BC-5AAA-B5FF2B9200C6">
<bounds x="45" y="40" width="96" height="121"/>
</OView>
<OView class="oracle.dbtools.crest.swingui.logical.TVEntity" oid="B2861BE9-ADA4-4BB7-392F-66131FE7CDD5" otype="Entity" vid="67F1DF06-3C46-B942-6C46-7D21DA201A27">
<bounds x="403" y="146" width="90" height="105"/>
</OView>
<OView class="oracle.dbtools.crest.swingui.logical.TVEntity" oid="B58E5829-4F97-178F-C33D-31E09D4667C6" otype="Entity" vid="7208ED29-5A6C-7ECC-AFC4-164591E86B6C">
<bounds x="518" y="269" width="85" height="119"/>
</OView>
<OView class="oracle.dbtools.crest.swingui.logical.TVEntity" oid="E531E5D6-88E5-97EC-1929-4AE5C85C5FD7" otype="Entity" vid="6CB2B16B-6307-C699-5BF7-9E58AB4637D6">
<bounds x="515" y="55" width="106" height="87"/>
</OView>
</objectViews>
<connectors>
<Connector class="oracle.dbtools.crest.swingui.logical.TVRelation" oid="09AEB298-A555-2F84-A025-8C948435B148" otype="Relation" vid_source="3293BDC7-8F49-C7FB-77AA-14CB2A6E62DB" vid_target="E8D081FB-4EDD-7798-CB0C-7EBA8D7889E6">
<lineWidth>1</lineWidth>
<points>
<point x="317" y="360"/>
<point x="256" y="350"/>
</points>
</Connector>
<Connector class="oracle.dbtools.crest.swingui.logical.TVRelation" oid="33FD68F0-A87A-1B23-00D4-A3D2C1D70762" otype="Relation" vid_source="6CB2B16B-6307-C699-5BF7-9E58AB4637D6" vid_target="7208ED29-5A6C-7ECC-AFC4-164591E86B6C">
<lineWidth>1</lineWidth>
<points>
<point x="560" y="142"/>
<point x="560" y="269"/>
</points>
</Connector>
<Connector class="oracle.dbtools.crest.swingui.logical.TVRelation" oid="51DD1054-81AE-C288-D70D-A5C628F3008B" otype="Relation" vid_source="0EDB406B-B3E0-0238-A373-A92E313D51CC" vid_target="E8D081FB-4EDD-7798-CB0C-7EBA8D7889E6">
<lineWidth>1</lineWidth>
<points>
<point x="111" y="333"/>
<point x="164" y="333"/>
</points>
</Connector>
<Connector class="oracle.dbtools.crest.swingui.logical.TVRelation" oid="549B22CF-4898-B0EE-2CAD-AD209D5136BF" otype="Relation" vid_source="CA36761C-5075-46BC-5AAA-B5FF2B9200C6" vid_target="46806AB6-7489-28E7-35D7-04D69683A9AD">
<lineWidth>1</lineWidth>
<points>
<point x="141" y="101"/>
<point x="197" y="101"/>
</points>
</Connector>
<Connector class="oracle.dbtools.crest.swingui.logical.TVRelation" oid="5C94B61F-5172-4464-6842-5D170E187A0A" otype="Relation" vid_source="3293BDC7-8F49-C7FB-77AA-14CB2A6E62DB" vid_target="363154F0-B907-1E75-6C0C-45CEFA1955BF">
<lineWidth>1</lineWidth>
<points>
<point x="378" y="289"/>
<point x="378" y="111"/>
</points>
</Connector>
<Connector class="oracle.dbtools.crest.swingui.logical.TVRelation" oid="8D3BA520-00E0-7F70-6A6D-44F917DE1921" otype="Relation" vid_source="3293BDC7-8F49-C7FB-77AA-14CB2A6E62DB" vid_target="7208ED29-5A6C-7ECC-AFC4-164591E86B6C">
<lineWidth>1</lineWidth>
<points>
<point x="418" y="338"/>
<point x="518" y="338"/>
</points>
</Connector>
<Connector class="oracle.dbtools.crest.swingui.logical.TVRelation" oid="96A149EE-140B-23A1-A230-5091D4EA72DC" otype="Relation" vid_source="3293BDC7-8F49-C7FB-77AA-14CB2A6E62DB" vid_target="67F1DF06-3C46-B942-6C46-7D21DA201A27">
<lineWidth>1</lineWidth>
<points>
<point x="410" y="289"/>
<point x="440" y="251"/>
</points>
</Connector>
<Connector class="oracle.dbtools.crest.swingui.logical.TVRelation" oid="B67C15CA-CE38-C94C-77D9-58552FB3A57F" otype="Relation" vid_source="6CB2B16B-6307-C699-5BF7-9E58AB4637D6" vid_target="363154F0-B907-1E75-6C0C-45CEFA1955BF">
<lineWidth>1</lineWidth>
<points>
<point x="515" y="83"/>
<point x="408" y="83"/>
</points>
</Connector>
<Connector class="oracle.dbtools.crest.swingui.logical.TVRelation" oid="B981593B-B519-D94B-DA1C-1F36AE530404" otype="Relation" vid_source="3293BDC7-8F49-C7FB-77AA-14CB2A6E62DB" vid_target="CA36761C-5075-46BC-5AAA-B5FF2B9200C6">
<lineWidth>1</lineWidth>
<points>
<point x="317" y="339"/>
<point x="141" y="140"/>
</points>
</Connector>
<Connector class="oracle.dbtools.crest.swingui.logical.TVRelation" oid="EAAEB5E3-41A0-6F88-92CB-A3C7D0C0DAB0" otype="Relation" vid_source="6CB2B16B-6307-C699-5BF7-9E58AB4637D6" vid_target="67F1DF06-3C46-B942-6C46-7D21DA201A27">
<lineWidth>1</lineWidth>
<points>
<point x="540" y="142"/>
<point x="493" y="198"/>
</points>
</Connector>
</connectors>
</Diagram>