<?xml version = '1.0' encoding = 'UTF-8'?>
<Diagram class="oracle.dbtools.crest.swingui.relational.DPVRelational" name="Relational_1" id="158CDE85-BA24-B5D7-39A0-3F5B81096E49">
<createdBy>alumno</createdBy>
<createdTime>2012-11-20 17:40:05 UTC</createdTime>
<autoRoute>false</autoRoute>
<boxInbox>true</boxInbox>
<showLegend>false</showLegend>
<showLabels>false</showLabels>
<showGrid>false</showGrid>
<diagramColor>-1</diagramColor>
<display>false</display>
<notation>1</notation>
<objectViews>
<OView class="oracle.dbtools.crest.swingui.relational.TVTable" oid="0063B1EF-6E4D-EFA4-50FE-E1385EE8B072" otype="Table" vid="5188A761-240E-85B0-2D1C-BD3D297B4232">
<bounds x="430" y="370" width="301" height="61"/>
</OView>
<OView class="oracle.dbtools.crest.swingui.relational.TVTable" oid="0EDA2FF7-76DB-BB94-1A41-E1A909D08938" otype="Table" vid="D79E9CFD-3F63-799E-822A-76005308A8B5">
<bounds x="255" y="378" width="126" height="53"/>
<generatorID>3DD7BF31-D3BA-C106-5B62-FE57D15F449B</generatorID>
</OView>
<OView class="oracle.dbtools.crest.swingui.relational.TVTable" oid="119481AF-94D7-A24B-E856-15C28D8A490D" otype="Table" vid="F33FE92F-F49F-4968-F10A-CE11CCB424A7">
<bounds x="10" y="500" width="341" height="71"/>
</OView>
<OView class="oracle.dbtools.crest.swingui.relational.TVTable" oid="19CD89EF-4CDC-BF36-588F-CFC5FE777EEE" otype="Table" vid="3DE9D5F2-2595-5137-B9A7-19254EED9630">
<bounds x="10" y="20" width="181" height="81"/>
</OView>
<OView class="oracle.dbtools.crest.swingui.relational.TVTable" oid="401E94E9-B37D-F365-82F2-1B041786915F" otype="Table" vid="5AFC2711-D2EF-93D0-6C8F-73DF68132624">
<bounds x="228" y="20" width="203" height="51"/>
<generatorID>8C63A930-0CF0-23B8-6EC6-9486C3E60E08</generatorID>
</OView>
<OView class="oracle.dbtools.crest.swingui.relational.TVTable" oid="42C81536-E37D-7FE5-471F-4A3C565010E3" otype="Table" vid="5B7EF9FA-ADD8-4533-B30B-BCDC7ECD157B">
<bounds x="20" y="199" width="171" height="52"/>
<generatorID>666CD38D-9A89-D8C3-5C35-C37B99FAE639</generatorID>
</OView>
<OView class="oracle.dbtools.crest.swingui.relational.TVTable" oid="55A725AF-2830-1720-0CD5-5FF31E86213E" otype="Table" vid="61281B74-84F9-D3A2-9955-89747B7121F6">
<bounds x="526" y="144" width="205" height="147"/>
<generatorID>B28DE178-73BA-F4B3-95E4-EB5890B14E9D</generatorID>
</OView>
<OView class="oracle.dbtools.crest.swingui.relational.TVTable" oid="5A144831-927E-CCD9-89B2-674A880FB2BB" otype="Table" vid="328BF2FC-C4CC-7785-BD4F-7CA8D1D91A1E">
<bounds x="748" y="338" width="233" height="153"/>
<generatorID>7F6D28F5-DEBD-12C4-4514-1FF7FBEBB23B</generatorID>
</OView>
<OView class="oracle.dbtools.crest.swingui.relational.TVTable" oid="65CE806F-307A-6B09-6876-67215B6120D4" otype="Table" vid="95471B32-CB02-CB64-F355-058DAB46FAEF">
<bounds x="780" y="81" width="111" height="120"/>
<generatorID>95685F99-B296-9DA8-8CAF-D574E256F00B</generatorID>
</OView>
<OView class="oracle.dbtools.crest.swingui.relational.TVTable" oid="8E8885D9-95DC-2C61-824A-8F5378871C1F" otype="Table" vid="749A55E7-DA9E-A34B-C24B-40351656489C">
<bounds x="479" y="14" width="202" height="97"/>
<generatorID>7FC1EC88-14AF-888A-1E09-5C9F520EF9B6</generatorID>
</OView>
<OView class="oracle.dbtools.crest.swingui.relational.TVTable" oid="B20B14EB-B6BD-2E47-37D5-F86A56DD6B20" otype="Table" vid="EDAE58BD-828C-B3AB-4986-1CB2588F7C06">
<bounds x="158" y="445" width="133" height="46"/>
<generatorID>58332974-D441-0A2A-EB7C-EFF1DC000B24</generatorID>
</OView>
<OView class="oracle.dbtools.crest.swingui.relational.TVTable" oid="BECFD887-28E9-2B2E-3F7C-90292760AAAF" otype="Table" vid="F5C19BCD-A6BE-6F29-168D-8CCA77C20D26">
<bounds x="130" y="300" width="331" height="61"/>
</OView>
<OView class="oracle.dbtools.crest.swingui.relational.TVTable" oid="DAF50485-031B-34FB-A620-776C152A5DE5" otype="Table" vid="7E262AC3-E799-5258-4315-FAA881D80B5A">
<bounds x="781" y="14" width="200" height="47"/>
<generatorID>51E51E60-82D5-43B6-1A8E-C33E076C9572</generatorID>
</OView>
<OView class="oracle.dbtools.crest.swingui.TVNote" oid="E5690BEE-874F-2229-F3BF-67E146F03229" otype="Note" vid="B4C6AAA8-2F5A-3F23-A958-1040C0810B04">
<bounds x="475" y="492" width="156" height="49"/>
</OView>
<OView class="oracle.dbtools.crest.swingui.relational.TVTable" oid="F1EB71B5-3E26-8C3E-E22E-CF080F440048" otype="Table" vid="58E44EE3-C14E-8D25-370E-9C20BA4881F5">
<bounds x="200" y="124" width="181" height="57"/>
<generatorID>ACAA414F-762C-B6F6-72E7-EE530060E61E</generatorID>
</OView>
<OView class="oracle.dbtools.crest.swingui.relational.TVTable" oid="FFE955A0-1AC9-1383-10DF-8C320C523FF1" otype="Table" vid="15386EF0-1BBA-8076-9786-BBFE73CB542F">
<bounds x="816" y="527" width="105" height="54"/>
<generatorID>7B5B0B44-AB19-635D-E292-03EC489C7E17</generatorID>
</OView>
</objectViews>
<connectors>
<Connector class="oracle.dbtools.crest.swingui.relational.TVFKRelation" oid="06FC21D0-D0F1-43E0-A586-A47CEFAF5C11" otype="FKIndexAssociation" vid_source="15386EF0-1BBA-8076-9786-BBFE73CB542F" vid_target="F33FE92F-F49F-4968-F10A-CE11CCB424A7">
<lineWidth>1</lineWidth>
<points>
<point x="816" y="549"/>
<point x="351" y="549"/>
</points>
</Connector>
<Connector class="oracle.dbtools.crest.swingui.relational.TVFKRelation" oid="193F42C5-A5D5-F040-0A8F-CF2DA627328E" otype="FKIndexAssociation" vid_source="749A55E7-DA9E-A34B-C24B-40351656489C" vid_target="95471B32-CB02-CB64-F355-058DAB46FAEF">
<lineWidth>1</lineWidth>
<points>
<point x="681" y="90"/>
<point x="780" y="90"/>
</points>
</Connector>
<Connector class="oracle.dbtools.crest.swingui.relational.TVFKRelation" oid="21A58733-A368-354E-88DD-55699B24182E" otype="FKIndexAssociation" vid_source="D79E9CFD-3F63-799E-822A-76005308A8B5" vid_target="5188A761-240E-85B0-2D1C-BD3D297B4232">
<lineWidth>1</lineWidth>
<points>
<point x="381" y="404"/>
<point x="430" y="404"/>
</points>
</Connector>
<Connector class="oracle.dbtools.crest.swingui.relational.TVFKRelation" oid="31F47848-B9E8-B52C-E546-4055755117BA" otype="FKIndexAssociation" vid_source="5B7EF9FA-ADD8-4533-B30B-BCDC7ECD157B" vid_target="F33FE92F-F49F-4968-F10A-CE11CCB424A7">
<lineWidth>1</lineWidth>
<points>
<point x="105" y="251"/>
<point x="105" y="500"/>
</points>
</Connector>
<Connector class="oracle.dbtools.crest.swingui.relational.TVFKRelation" oid="4081C3A8-65C2-880C-3EA3-8EF152D80447" otype="FKIndexAssociation" vid_source="61281B74-84F9-D3A2-9955-89747B7121F6" vid_target="5188A761-240E-85B0-2D1C-BD3D297B4232">
<lineWidth>1</lineWidth>
<points>
<point x="628" y="291"/>
<point x="628" y="370"/>
</points>
</Connector>
<Connector class="oracle.dbtools.crest.swingui.relational.TVFKRelation" oid="40851DC8-737E-5BF3-68F4-5D92AD4D510F" otype="FKIndexAssociation" vid_source="7E262AC3-E799-5258-4315-FAA881D80B5A" vid_target="328BF2FC-C4CC-7785-BD4F-7CA8D1D91A1E">
<lineWidth>1</lineWidth>
<points>
<point x="950" y="61"/>
<point x="950" y="338"/>
</points>
</Connector>
<Connector class="oracle.dbtools.crest.swingui.relational.TVFKRelation" oid="4B2D2E8F-D755-94F8-424F-70DABD609FB9" otype="FKIndexAssociation" vid_source="5B7EF9FA-ADD8-4533-B30B-BCDC7ECD157B" vid_target="3DE9D5F2-2595-5137-B9A7-19254EED9630">
<lineWidth>1</lineWidth>
<points>
<point x="105" y="199"/>
<point x="105" y="101"/>
</points>
</Connector>
<Connector class="oracle.dbtools.crest.swingui.relational.TVFKRelation" oid="54BD35F9-4348-589E-FF30-65A08E90AF9D" otype="FKIndexAssociation" vid_source="5AFC2711-D2EF-93D0-6C8F-73DF68132624" vid_target="61281B74-84F9-D3A2-9955-89747B7121F6">
<lineWidth>1</lineWidth>
<points>
<point x="329" y="71"/>
<point x="526" y="150"/>
</points>
</Connector>
<Connector class="oracle.dbtools.crest.swingui.relational.TVFKRelation" oid="78161942-C74B-31CA-282E-9EAD0BEF8159" otype="FKIndexAssociation" vid_source="EDAE58BD-828C-B3AB-4986-1CB2588F7C06" vid_target="F5C19BCD-A6BE-6F29-168D-8CCA77C20D26">
<lineWidth>1</lineWidth>
<points>
<point x="224" y="445"/>
<point x="224" y="361"/>
</points>
</Connector>
<Connector class="oracle.dbtools.crest.swingui.relational.TVFKRelation" oid="7BDA49A5-4979-612A-DF42-A37B38574F9E" otype="FKIndexAssociation" vid_source="61281B74-84F9-D3A2-9955-89747B7121F6" vid_target="328BF2FC-C4CC-7785-BD4F-7CA8D1D91A1E">
<lineWidth>1</lineWidth>
<points>
<point x="731" y="191"/>
<point x="778" y="338"/>
</points>
</Connector>
<Connector class="oracle.dbtools.crest.swingui.relational.TVFKRelation" oid="7E55A3C0-B962-9060-A336-EA47E1C67A85" otype="FKIndexAssociation" vid_source="5B7EF9FA-ADD8-4533-B30B-BCDC7ECD157B" vid_target="F5C19BCD-A6BE-6F29-168D-8CCA77C20D26">
<lineWidth>1</lineWidth>
<points>
<point x="160" y="251"/>
<point x="160" y="300"/>
</points>
</Connector>
<Connector class="oracle.dbtools.crest.swingui.relational.TVFKRelation" oid="A4FC88EC-03A1-DDE8-BF81-8B5CE51BB1C2" otype="FKIndexAssociation" vid_source="7E262AC3-E799-5258-4315-FAA881D80B5A" vid_target="3DE9D5F2-2595-5137-B9A7-19254EED9630">
<lineWidth>1</lineWidth>
<points>
<point x="781" y="40"/>
<point x="191" y="40"/>
</points>
</Connector>
<Connector class="oracle.dbtools.crest.swingui.relational.TVFKRelation" oid="B75CF338-FCF7-59BD-203A-E504A2816CEB" otype="FKIndexAssociation" vid_source="58E44EE3-C14E-8D25-370E-9C20BA4881F5" vid_target="61281B74-84F9-D3A2-9955-89747B7121F6">
<lineWidth>1</lineWidth>
<points>
<point x="381" y="170"/>
<point x="526" y="180"/>
</points>
</Connector>
<Connector class="oracle.dbtools.crest.swingui.relational.TVFKRelation" oid="BBD704CF-6763-5304-A222-B1CF5A4BB0FC" otype="FKIndexAssociation" vid_source="95471B32-CB02-CB64-F355-058DAB46FAEF" vid_target="328BF2FC-C4CC-7785-BD4F-7CA8D1D91A1E">
<lineWidth>1</lineWidth>
<points>
<point x="870" y="201"/>
<point x="870" y="338"/>
</points>
</Connector>
<Connector class="oracle.dbtools.crest.swingui.relational.TVFKRelation" oid="C6DC27D8-D7E9-0166-5788-88DFC6298924" otype="FKIndexAssociation" vid_source="15386EF0-1BBA-8076-9786-BBFE73CB542F" vid_target="328BF2FC-C4CC-7785-BD4F-7CA8D1D91A1E">
<lineWidth>1</lineWidth>
<points>
<point x="870" y="527"/>
<point x="870" y="491"/>
</points>
</Connector>
<Connector class="oracle.dbtools.crest.swingui.relational.TVFKRelation" oid="CAFEC660-330C-0814-7716-297687B44E73" otype="FKIndexAssociation" vid_source="EDAE58BD-828C-B3AB-4986-1CB2588F7C06" vid_target="328BF2FC-C4CC-7785-BD4F-7CA8D1D91A1E">
<lineWidth>1</lineWidth>
<points>
<point x="291" y="480"/>
<point x="748" y="480"/>
</points>
</Connector>
<Connector class="oracle.dbtools.crest.swingui.relational.TVFKRelation" oid="EDCFB49D-C678-CC27-B0A5-EB15DFF37136" otype="FKIndexAssociation" vid_source="5B7EF9FA-ADD8-4533-B30B-BCDC7ECD157B" vid_target="61281B74-84F9-D3A2-9955-89747B7121F6">
<lineWidth>1</lineWidth>
<points>
<point x="191" y="225"/>
<point x="526" y="225"/>
</points>
</Connector>
</connectors>
</Diagram>