<?xml version = '1.0' encoding = 'UTF-8'?>
<FKIndexAssociation class="oracle.dbtools.crest.model.design.relational.FKIndexAssociation" id="4075DC11-E9E2-991C-FDF5-E253CE0F2435" directorySegmentName="seg_0" name="contiene">
<createdBy>alumno</createdBy>
<createdTime>2012-10-17 22:49:23 UTC</createdTime>
<generatorID>00AD62AD-7E4C-55F3-5C8F-0453CACD7700</generatorID>
<ownerDesignName>Muebles</ownerDesignName>
<containerWithKeyObject>EDCA0478-579C-E8F2-C09D-704318EB7BDF</containerWithKeyObject>
<deleteRule>RESTRICT</deleteRule>
<localFKIndex>C0B44E7A-DD0C-4BDA-4468-77EFA8266F26</localFKIndex>
<keyObject>AFA9F568-2B4D-C129-53B0-61D4EC2283F7</keyObject>
<mandatory>false</mandatory>
<transferable>true</transferable>
</FKIndexAssociation>