<?xml version = '1.0' encoding = 'UTF-8'?>
<FKIndexAssociation class="oracle.dbtools.crest.model.design.relational.FKIndexAssociation" id="9D084D97-C374-95C2-2393-4DB76C9E4D92" directorySegmentName="seg_0" name="contiene">
<createdBy>alumno</createdBy>
<createdTime>2012-10-17 22:49:23 UTC</createdTime>
<generatorID>1700E2B1-EDC5-1F2A-DE55-352AA7C2ADDB</generatorID>
<ownerDesignName>Muebles</ownerDesignName>
<containerWithKeyObject>0B705010-A9BC-C8EC-227C-0C42A57FDE57</containerWithKeyObject>
<deleteRule>RESTRICT</deleteRule>
<localFKIndex>3DC1B8D9-1D23-AAE7-7313-9C066A88D3D6</localFKIndex>
<keyObject>1D6A3CD6-88C4-E16B-1283-CCDE896C10A9</keyObject>
<mandatory>false</mandatory>
<transferable>true</transferable>
</FKIndexAssociation>