<?xml version = '1.0' encoding = 'UTF-8'?>
<FKIndexAssociation class="oracle.dbtools.crest.model.design.relational.FKIndexAssociation" id="E86B314F-2E48-4BC0-F073-9A63A5542462" directorySegmentName="seg_0" name="contiene">
<createdBy>alumno</createdBy>
<createdTime>2012-10-17 22:49:23 UTC</createdTime>
<generatorID>1700E2B1-EDC5-1F2A-DE55-352AA7C2ADDB</generatorID>
<ownerDesignName>Muebles</ownerDesignName>
<containerWithKeyObject>D1D14560-2839-907C-D6E9-4226A71110FC</containerWithKeyObject>
<deleteRule>RESTRICT</deleteRule>
<localFKIndex>1D5907A8-B974-014A-6605-03355E692884</localFKIndex>
<keyObject>AFA9F568-2B4D-C129-53B0-61D4EC2283F7</keyObject>
<mandatory>false</mandatory>
<transferable>true</transferable>
</FKIndexAssociation>