<?xml version = '1.0' encoding = 'UTF-8'?>
<Entity class="oracle.dbtools.crest.model.design.logical.Entity" id="46EE5355-DFF7-547D-6193-97F49E86EE7B" directorySegmentName="seg_0" name="Ambientes">
<createdBy>alumno</createdBy>
<createdTime>2012-11-20 17:07:04 UTC</createdTime>
<generatorID>Generado por el Usuario</generatorID>
<ownerDesignName>ejercicio</ownerDesignName>
<engineerTo>
<item key="19B82E38-27B6-7C30-CC1E-6EE2E0DCA362" value="true"/>
</engineerTo>
<pkName>id-tipo</pkName>
<adequatelyNormalized>NO</adequatelyNormalized>
<expectedVolumes>0</expectedVolumes>
<fwdEngineeringStrategyName>Single Table</fwdEngineeringStrategyName>
<growthPercent>0</growthPercent>
<growthType>Year</growthType>
<maxVolumes>9999999</maxVolumes>
<minVolumes>0</minVolumes>
<normalForm>Third</normalForm>
<fonts>
<FontObject class="oracle.dbtools.crest.model.design.FontObjectWr">
<foType>Título</foType>
<fontStyle>1</fontStyle>
<colorRGB>-16776961</colorRGB>
</FontObject>
<FontObject class="oracle.dbtools.crest.model.design.FontObjectWr">
<foType>Atributo</foType>
<colorRGB>-16777216</colorRGB>
</FontObject>
<FontObject class="oracle.dbtools.crest.model.design.FontObjectWr">
<foType>Tipo de Dato</foType>
<colorRGB>-16744448</colorRGB>
</FontObject>
<FontObject class="oracle.dbtools.crest.model.design.FontObjectWr">
<foType>Elemento de Clave Primaria</foType>
<colorRGB>-16776961</colorRGB>
</FontObject>
<FontObject class="oracle.dbtools.crest.model.design.FontObjectWr">
<foType>Elemento de Clave Ajena</foType>
<colorRGB>-16777216</colorRGB>
</FontObject>
<FontObject class="oracle.dbtools.crest.model.design.FontObjectWr">
<foType>Elemento de Clave Única</foType>
<colorRGB>-16776961</colorRGB>
</FontObject>
<FontObject class="oracle.dbtools.crest.model.design.FontObjectWr">
<foType>No Nulo</foType>
<colorRGB>-65536</colorRGB>
</FontObject>
<FontObject class="oracle.dbtools.crest.model.design.FontObjectWr">
<foType>Clave</foType>
<colorRGB>-16777216</colorRGB>
</FontObject>
</fonts>
<attributes>
<Attribute class="oracle.dbtools.crest.model.design.logical.Attribute" name="Tipo_ambiente" id="A8A710E1-B9C0-398D-A877-E340B9630119">
<createdBy>alumno</createdBy>
<createdTime>2012-11-20 17:07:26 UTC</createdTime>
<generatorID>Generado por el Usuario</generatorID>
<ownerDesignName>ejercicio</ownerDesignName>
<engineerTo>
<item key="19B82E38-27B6-7C30-CC1E-6EE2E0DCA362" value="true"/>
</engineerTo>
<nullsAllowed>true</nullsAllowed>
<useDomainConstraints>false</useDomainConstraints>
<use>1</use>
<logicalDatatype>LOGDT024</logicalDatatype>
<dataTypeSize>50</dataTypeSize>
</Attribute>
</attributes>
<identifiers>
<identifier class="oracle.dbtools.crest.model.design.logical.CandidateKey" id="CB2B1248-1958-AB74-41C8-8438608D5288" name="id_ambiente">
<createdBy>alumno</createdBy>
<createdTime>2012-11-20 17:09:44 UTC</createdTime>
<generatorID>Generado por el Usuario</generatorID>
<ownerDesignName>ejercicio</ownerDesignName>
<engineerTo>
<item key="19B82E38-27B6-7C30-CC1E-6EE2E0DCA362" value="true"/>
</engineerTo>
<pk>true</pk>
<usedAttributes>
<attributeRef>A8A710E1-B9C0-398D-A877-E340B9630119</attributeRef>
</usedAttributes>
</identifier>
</identifiers>
</Entity>