<?xml version = '1.0' encoding = 'UTF-8'?>
<Entity class="oracle.dbtools.crest.model.design.logical.Entity" id="9D285FDB-4BCE-8D4A-C2D1-7CC0017377FE" directorySegmentName="seg_0" name="Tipos">
<createdBy>alumno</createdBy>
<createdTime>2012-11-20 17:16:40 UTC</createdTime>
<generatorID>Generado por el Usuario</generatorID>
<ownerDesignName>ejercicio</ownerDesignName>
<engineerTo>
<item key="19B82E38-27B6-7C30-CC1E-6EE2E0DCA362" value="true"/>
</engineerTo>
<pkName>id-tipo</pkName>
<adequatelyNormalized>NO</adequatelyNormalized>
<expectedVolumes>0</expectedVolumes>
<fwdEngineeringStrategyName>Single Table</fwdEngineeringStrategyName>
<growthPercent>0</growthPercent>
<growthType>Year</growthType>
<maxVolumes>9999999</maxVolumes>
<minVolumes>0</minVolumes>
<normalForm>Third</normalForm>
<fonts>
<FontObject class="oracle.dbtools.crest.model.design.FontObjectWr">
<foType>Título</foType>
<fontStyle>1</fontStyle>
<colorRGB>-16776961</colorRGB>
</FontObject>
<FontObject class="oracle.dbtools.crest.model.design.FontObjectWr">
<foType>Atributo</foType>
<colorRGB>-16777216</colorRGB>
</FontObject>
<FontObject class="oracle.dbtools.crest.model.design.FontObjectWr">
<foType>Tipo de Dato</foType>
<colorRGB>-16744448</colorRGB>
</FontObject>
<FontObject class="oracle.dbtools.crest.model.design.FontObjectWr">
<foType>Elemento de Clave Primaria</foType>
<colorRGB>-16776961</colorRGB>
</FontObject>
<FontObject class="oracle.dbtools.crest.model.design.FontObjectWr">
<foType>Elemento de Clave Ajena</foType>
<colorRGB>-16777216</colorRGB>
</FontObject>
<FontObject class="oracle.dbtools.crest.model.design.FontObjectWr">
<foType>Elemento de Clave Única</foType>
<colorRGB>-16776961</colorRGB>
</FontObject>
<FontObject class="oracle.dbtools.crest.model.design.FontObjectWr">
<foType>No Nulo</foType>
<colorRGB>-65536</colorRGB>
</FontObject>
<FontObject class="oracle.dbtools.crest.model.design.FontObjectWr">
<foType>Clave</foType>
<colorRGB>-16777216</colorRGB>
</FontObject>
</fonts>
<attributes>
<Attribute class="oracle.dbtools.crest.model.design.logical.Attribute" name="id_tipo" id="E1DB9B71-F19F-4A23-E33F-17BD46CDA070">
<createdBy>alumno</createdBy>
<createdTime>2012-11-20 17:16:50 UTC</createdTime>
<generatorID>Generado por el Usuario</generatorID>
<ownerDesignName>ejercicio</ownerDesignName>
<engineerTo>
<item key="19B82E38-27B6-7C30-CC1E-6EE2E0DCA362" value="true"/>
</engineerTo>
<useDomainConstraints>false</useDomainConstraints>
<use>1</use>
<logicalDatatype>LOGDT024</logicalDatatype>
<dataTypeSize>50</dataTypeSize>
</Attribute>
</attributes>
<identifiers>
<identifier class="oracle.dbtools.crest.model.design.logical.CandidateKey" id="821B0D5F-DC84-81DC-7482-950EF30F115D" name="id-tipo">
<createdBy>alumno</createdBy>
<createdTime>2012-11-20 17:17:50 UTC</createdTime>
<generatorID>Generado por el Usuario</generatorID>
<ownerDesignName>ejercicio</ownerDesignName>
<engineerTo>
<item key="19B82E38-27B6-7C30-CC1E-6EE2E0DCA362" value="true"/>
</engineerTo>
<pk>true</pk>
<usedAttributes>
<attributeRef>E1DB9B71-F19F-4A23-E33F-17BD46CDA070</attributeRef>
</usedAttributes>
</identifier>
</identifiers>
</Entity>