<?xml version = '1.0' encoding = 'UTF-8'?>
<TableProxyOraclev11g class="oracle.dbtools.crest.model.design.storage.oracle.v11g.TableProxyOraclev11g" name="Relation_11" id="81C971AC-DD68-151E-1D31-FDF8058C7FF8" directorySegmentName="seg_0">
<createdBy>Administrator</createdBy>
<createdTime>2012-11-25 17:26:37 UTC</createdTime>
<ownerDesignName>Muebles3</ownerDesignName>
<logging>YES</logging>
<primaryKeys>
<PrimaryKey class="oracle.dbtools.crest.model.design.storage.oracle.v10g.PKProxyOraclev10g" name="Relation_11__IDX" id="1E5431BA-A99A-C8B7-F4BA-B78EC2B9954E">
<createdBy>Administrator</createdBy>
<createdTime>2012-11-25 17:26:37 UTC</createdTime>
<ownerDesignName>Muebles3</ownerDesignName>
<indexSort>SORTED</indexSort>
</PrimaryKey>
</primaryKeys>
</TableProxyOraclev11g>