<?xml version = '1.0' encoding = 'UTF-8'?>
<TableProxyOraclev11g class="oracle.dbtools.crest.model.design.storage.oracle.v11g.TableProxyOraclev11g" name="Linea pedido" id="9054E2C5-A469-8ABE-8E41-0CC295670637" directorySegmentName="seg_0">
<createdBy>Administrator</createdBy>
<createdTime>2012-11-25 17:26:37 UTC</createdTime>
<ownerDesignName>Muebles3</ownerDesignName>
<logging>YES</logging>
<columnProxies>
<ColumnProxy class="oracle.dbtools.crest.model.design.storage.oracle.v11g.ColumnProxyOraclev11g" name="id_pedido" id="8A720A54-E5C0-7E16-E675-3405A233E450">
<createdBy>Administrator</createdBy>
<createdTime>2012-11-25 17:26:37 UTC</createdTime>
<ownerDesignName>Muebles3</ownerDesignName>
</ColumnProxy>
<ColumnProxy class="oracle.dbtools.crest.model.design.storage.oracle.v11g.ColumnProxyOraclev11g" name="cant_pedido" id="E5B453B6-9223-F1BB-79FA-8DAF7F73C0D6">
<createdBy>Administrator</createdBy>
<createdTime>2012-11-25 17:26:37 UTC</createdTime>
<ownerDesignName>Muebles3</ownerDesignName>
</ColumnProxy>
</columnProxies>
<foreignKeys>
<ForeignKey class="oracle.dbtools.crest.model.design.storage.oracle.v10g.FKProxyOraclev10g" name="Relation_10" id="8518C1D8-46E1-5D0D-09C0-237A97481D99">
<createdBy>Administrator</createdBy>
<createdTime>2012-11-25 17:26:37 UTC</createdTime>
<ownerDesignName>Muebles3</ownerDesignName>
</ForeignKey>
</foreignKeys>
</TableProxyOraclev11g>