<?xml version = '1.0' encoding = 'UTF-8'?>
<TableProxyOraclev11g class="oracle.dbtools.crest.model.design.storage.oracle.v11g.TableProxyOraclev11g" name="Colores" id="99004C3E-3B7B-715F-4E7C-DB103C561238" directorySegmentName="seg_0">
<createdBy>Administrator</createdBy>
<createdTime>2012-11-25 17:26:37 UTC</createdTime>
<ownerDesignName>Muebles3</ownerDesignName>
<logging>YES</logging>
<columnProxies>
<ColumnProxy class="oracle.dbtools.crest.model.design.storage.oracle.v11g.ColumnProxyOraclev11g" name="nombre_color" id="CCFB56A8-C967-7554-1B46-0ACCC9AF70BA">
<createdBy>Administrator</createdBy>
<createdTime>2012-11-25 17:26:37 UTC</createdTime>
<ownerDesignName>Muebles3</ownerDesignName>
</ColumnProxy>
</columnProxies>
<uniqueKeys>
<UniqueKey class="oracle.dbtools.crest.model.design.storage.oracle.v10g.UniqueOraclev10g" name="Key_1" id="CF485928-79AC-27C1-3D96-EFD8AA0A05A4">
<createdBy>Administrator</createdBy>
<createdTime>2012-11-25 17:26:37 UTC</createdTime>
<ownerDesignName>Muebles3</ownerDesignName>
<indexSort>SORTED</indexSort>
</UniqueKey>
</uniqueKeys>
</TableProxyOraclev11g>