<?xml version = '1.0' encoding = 'UTF-8'?>
<TableProxyOraclev11g class="oracle.dbtools.crest.model.design.storage.oracle.v11g.TableProxyOraclev11g" name="Relation_12" id="E7129982-0A56-A4DE-0A7D-2F9BEC959D3A" directorySegmentName="seg_0">
<createdBy>Administrator</createdBy>
<createdTime>2012-11-25 17:26:37 UTC</createdTime>
<ownerDesignName>Muebles3</ownerDesignName>
<logging>YES</logging>
<primaryKeys>
<PrimaryKey class="oracle.dbtools.crest.model.design.storage.oracle.v10g.PKProxyOraclev10g" name="Relation_12__IDX" id="73F83923-B7DA-5375-A80D-D3C87D89B8C7">
<createdBy>Administrator</createdBy>
<createdTime>2012-11-25 17:26:37 UTC</createdTime>
<ownerDesignName>Muebles3</ownerDesignName>
<indexSort>SORTED</indexSort>
</PrimaryKey>
</primaryKeys>
</TableProxyOraclev11g>