<?xml version = '1.0' encoding = 'UTF-8'?>
<Diagram class="oracle.dbtools.crest.swingui.relational.DPVRelationalSubView" name="From_LM_Logical - SubView_1" id="3A482B6A-26EE-80CC-14E0-55BD1A841A0C">
<createdBy>MiguelAngel</createdBy>
<createdTime>2012-11-25 16:53:21 UTC</createdTime>
<autoRoute>false</autoRoute>
<boxInbox>true</boxInbox>
<showLegend>false</showLegend>
<showLabels>false</showLabels>
<showGrid>false</showGrid>
<diagramColor>-1</diagramColor>
<display>false</display>
<generatorId>34D3FBD9-C035-5943-32E3-2E673F8D36AB</generatorId>
<notation>1</notation>
<objectViews>
<OView class="oracle.dbtools.crest.swingui.relational.TVTable" oid="1E743003-579C-C955-0AB0-A99BF33BF84E" otype="Table" vid="FB331B4A-698D-103E-7F46-B1DCD6751546">
<bounds x="2" y="333" width="106" height="56"/>
<generatorID>27DD5605-8CFB-6C05-0765-06A108C63694</generatorID>
</OView>
<OView class="oracle.dbtools.crest.swingui.relational.TVTable" oid="269CE8ED-7C6B-A82E-6378-6D575BA768CE" otype="Table" vid="45E6BD37-C0C9-9CA8-681A-59D9AA912434">
<bounds x="302" y="236" width="147" height="55"/>
<generatorID>8A6D4C2C-4BEE-5250-0984-961FC5255A80</generatorID>
</OView>
<OView class="oracle.dbtools.crest.swingui.relational.TVTable" oid="30579A67-0FF5-2E51-DFCC-5FFC89337597" otype="Table" vid="FE3F1B4F-06B5-D9EE-5E05-BA6F0613D6EF">
<bounds x="520" y="193" width="109" height="218"/>
<generatorID>73E9487F-97DA-B65D-AC35-2735BE589CE9</generatorID>
</OView>
<OView class="oracle.dbtools.crest.swingui.relational.TVTable" oid="39ED0DCF-2A9A-5EBE-64AF-553F601C841B" otype="Table" vid="CA177137-E964-5736-420A-945E628E3505">
<bounds x="43" y="37" width="136" height="136"/>
<generatorID>FFFD1149-EE3E-06C9-0551-3A120F2C17B7</generatorID>
</OView>
<OView class="oracle.dbtools.crest.swingui.relational.TVTable" oid="6D3A9CB5-7136-C8EE-155F-F75EAB6258C3" otype="Table" vid="25215ACE-999A-CE50-2EC1-B82BA16EE484">
<bounds x="300" y="367" width="149" height="47"/>
<generatorID>5BBF5C6D-0787-9520-20DE-072E36EA639D</generatorID>
</OView>
<OView class="oracle.dbtools.crest.swingui.relational.TVTable" oid="8C145621-C37F-BFDF-BCE3-85B8DE9F4170" otype="Table" vid="F07FA34C-74EA-36BE-A4D6-1FBC67B5F18F">
<bounds x="94" y="456" width="114" height="57"/>
<generatorID>941B73E1-1793-44BE-7004-DE20D1BC9F3E</generatorID>
</OView>
<OView class="oracle.dbtools.crest.swingui.relational.TVTable" oid="A502BB3E-90DD-E57B-3C12-7F55D25DC6C3" otype="Table" vid="7D55BEBB-EEE5-BEA4-7A48-B2FED8EB6237">
<bounds x="303" y="301" width="147" height="50"/>
<generatorID>9D71F070-CD9F-105F-47C8-E71B609C53C4</generatorID>
</OView>
<OView class="oracle.dbtools.crest.swingui.relational.TVTable" oid="B2E2F5B1-278D-F955-7016-E5829D263E0F" otype="Table" vid="AA739107-D79E-C110-DB4A-6E94A69C96BD">
<bounds x="145" y="270" width="114" height="111"/>
<generatorID>660F1E79-F214-BE7D-A947-40853E47B363</generatorID>
</OView>
<OView class="oracle.dbtools.crest.swingui.relational.TVTable" oid="C13D4992-BB9E-A58A-BD0F-9A3EE9A494A3" otype="Table" vid="B1D4BF4D-9472-A790-8A8C-B84ABA545458">
<bounds x="293" y="32" width="170" height="104"/>
<generatorID>656D14F4-0A26-0359-CE54-135D34F600C5</generatorID>
</OView>
<OView class="oracle.dbtools.crest.swingui.relational.TVTable" oid="CCFA7628-9929-C927-779A-0A810F1574C3" otype="Table" vid="C082AD22-B1EC-9B9E-040D-DDA210DF173F">
<bounds x="520" y="33" width="111" height="107"/>
<generatorID>12E46EA4-EFDE-E432-7640-FD55A5184715</generatorID>
</OView>
<OView class="oracle.dbtools.crest.swingui.relational.TVTable" oid="FC24E0D5-7111-74D4-BC52-184B1EF38D1F" otype="Table" vid="FC376D4F-DE86-F044-9B02-82E726122F2E">
<bounds x="47" y="397" width="110" height="48"/>
<generatorID>15828D70-62DC-493A-1F6A-FAB2F5453DAC</generatorID>
</OView>
</objectViews>
<connectors>
<Connector class="oracle.dbtools.crest.swingui.relational.TVFKRelation" oid="18BE75D5-C11E-333F-61B9-25A4CE223BA9" otype="FKIndexAssociation" vid_source="F07FA34C-74EA-36BE-A4D6-1FBC67B5F18F" vid_target="CA177137-E964-5736-420A-945E628E3505">
<lineWidth>1</lineWidth>
<points>
<point x="151" y="456"/>
<point x="151" y="190"/>
</points>
</Connector>
<Connector class="oracle.dbtools.crest.swingui.relational.TVFKRelation" oid="2E87329F-6AA5-F183-AE3E-566E20B2DDE9" otype="FKIndexAssociation" vid_source="FC376D4F-DE86-F044-9B02-82E726122F2E" vid_target="CA177137-E964-5736-420A-945E628E3505">
<lineWidth>1</lineWidth>
<points>
<point x="149" y="200"/>
<point x="149" y="173"/>
</points>
</Connector>
<Connector class="oracle.dbtools.crest.swingui.relational.TVFKRelation" oid="37ED5023-FC93-CA8E-DD63-E197953BFA27" otype="FKIndexAssociation" vid_source="45E6BD37-C0C9-9CA8-681A-59D9AA912434" vid_target="FE3F1B4F-06B5-D9EE-5E05-BA6F0613D6EF">
<lineWidth>1</lineWidth>
<points>
<point x="302" y="263"/>
<point x="320" y="263"/>
</points>
</Connector>
<Connector class="oracle.dbtools.crest.swingui.relational.TVFKRelation" oid="468DDC59-CDE0-F843-B16F-32C16E4AC85E" otype="FKIndexAssociation" vid_source="25215ACE-999A-CE50-2EC1-B82BA16EE484" vid_target="AA739107-D79E-C110-DB4A-6E94A69C96BD">
<lineWidth>1</lineWidth>
<points>
<point x="300" y="374"/>
<point x="259" y="374"/>
</points>
</Connector>
<Connector class="oracle.dbtools.crest.swingui.relational.TVFKRelation" oid="487E5E79-B52B-E517-0660-A6DFEEB47802" otype="FKIndexAssociation" vid_source="AA739107-D79E-C110-DB4A-6E94A69C96BD" vid_target="CA177137-E964-5736-420A-945E628E3505">
<lineWidth>1</lineWidth>
<points>
<point x="197" y="270"/>
<point x="197" y="190"/>
</points>
</Connector>
<Connector class="oracle.dbtools.crest.swingui.relational.TVFKRelation" oid="7120C7FE-53D2-26C3-BA0A-D288B890FFF8" otype="FKIndexAssociation" vid_source="C082AD22-B1EC-9B9E-040D-DDA210DF173F" vid_target="FE3F1B4F-06B5-D9EE-5E05-BA6F0613D6EF">
<lineWidth>1</lineWidth>
<points>
<point x="520" y="86"/>
<point x="320" y="275"/>
</points>
</Connector>
<Connector class="oracle.dbtools.crest.swingui.relational.TVFKRelation" oid="73AD5D5A-5829-D06A-C79F-308C0946BA77" otype="FKIndexAssociation" vid_source="B1D4BF4D-9472-A790-8A8C-B84ABA545458" vid_target="C082AD22-B1EC-9B9E-040D-DDA210DF173F">
<lineWidth>1</lineWidth>
<points>
<point x="463" y="74"/>
<point x="520" y="74"/>
</points>
</Connector>
<Connector class="oracle.dbtools.crest.swingui.relational.TVFKRelation" oid="78D8DA0A-7EAF-7CEF-E828-05386C0B991A" otype="FKIndexAssociation" vid_source="7D55BEBB-EEE5-BEA4-7A48-B2FED8EB6237" vid_target="AA739107-D79E-C110-DB4A-6E94A69C96BD">
<lineWidth>1</lineWidth>
<points>
<point x="303" y="326"/>
<point x="259" y="326"/>
</points>
</Connector>
<Connector class="oracle.dbtools.crest.swingui.relational.TVFKRelation" oid="90E343B6-7946-BAFB-B3FA-072798F22011" otype="FKIndexAssociation" vid_source="25215ACE-999A-CE50-2EC1-B82BA16EE484" vid_target="FE3F1B4F-06B5-D9EE-5E05-BA6F0613D6EF">
<lineWidth>1</lineWidth>
<points>
<point x="310" y="367"/>
<point x="310" y="330"/>
</points>
</Connector>
<Connector class="oracle.dbtools.crest.swingui.relational.TVFKRelation" oid="9FBD3FC1-32FD-D6FB-4918-BB748CA238EA" otype="FKIndexAssociation" vid_source="45E6BD37-C0C9-9CA8-681A-59D9AA912434" vid_target="AA739107-D79E-C110-DB4A-6E94A69C96BD">
<lineWidth>1</lineWidth>
<points>
<point x="302" y="280"/>
<point x="259" y="280"/>
</points>
</Connector>
<Connector class="oracle.dbtools.crest.swingui.relational.TVFKRelation" oid="AD77C03F-BF10-BBC0-2B44-B5947CDE779C" otype="FKIndexAssociation" vid_source="7D55BEBB-EEE5-BEA4-7A48-B2FED8EB6237" vid_target="FE3F1B4F-06B5-D9EE-5E05-BA6F0613D6EF">
<lineWidth>1</lineWidth>
<points>
<point x="303" y="315"/>
<point x="320" y="315"/>
</points>
</Connector>
<Connector class="oracle.dbtools.crest.swingui.relational.TVFKRelation" oid="AF96C689-7952-71E2-51DF-F0F97E54BC63" otype="FKIndexAssociation" vid_source="C082AD22-B1EC-9B9E-040D-DDA210DF173F" vid_target="FE3F1B4F-06B5-D9EE-5E05-BA6F0613D6EF">
<lineWidth>1</lineWidth>
<points>
<point x="520" y="86"/>
<point x="320" y="275"/>
</points>
</Connector>
<Connector class="oracle.dbtools.crest.swingui.relational.TVFKRelation" oid="B53107E1-5A96-4610-4094-BA432E417ABE" otype="FKIndexAssociation" vid_source="CA177137-E964-5736-420A-945E628E3505" vid_target="FE3F1B4F-06B5-D9EE-5E05-BA6F0613D6EF">
<lineWidth>1</lineWidth>
<points>
<point x="164" y="173"/>
<point x="164" y="220"/>
</points>
</Connector>
<Connector class="oracle.dbtools.crest.swingui.relational.TVFKRelation" oid="C0069F43-1319-C898-5F20-8AA02502FDA6" otype="FKIndexAssociation" vid_source="FB331B4A-698D-103E-7F46-B1DCD6751546" vid_target="CA177137-E964-5736-420A-945E628E3505">
<lineWidth>1</lineWidth>
<points>
<point x="120" y="166"/>
<point x="179" y="166"/>
</points>
</Connector>
</connectors>
</Diagram>