<?xml version = '1.0' encoding = 'UTF-8'?>
<Diagram class="oracle.dbtools.crest.swingui.relational.DPVRelationalSubView" name="From_LM_Logical - SubView_2" id="9FE9D49B-1112-0149-A0B2-26E4C1204163">
<createdBy>MiguelAngel</createdBy>
<createdTime>2012-11-25 16:53:21 UTC</createdTime>
<autoRoute>false</autoRoute>
<boxInbox>true</boxInbox>
<showLegend>false</showLegend>
<showLabels>false</showLabels>
<showGrid>false</showGrid>
<diagramColor>-1</diagramColor>
<display>false</display>
<generatorId>837C94C2-A5A7-2C64-DD2E-DF4BDA56A51D</generatorId>
<notation>1</notation>
</Diagram>