<?xml version = '1.0' encoding = 'UTF-8'?>
<Diagram class="oracle.dbtools.crest.swingui.relational.DPVRelational" name="Relational_1" id="E7FAD91C-A335-D244-752C-D4C0080739B9">
<createdBy>alumno</createdBy>
<createdTime>2012-11-20 17:41:19 UTC</createdTime>
<autoRoute>false</autoRoute>
<boxInbox>true</boxInbox>
<showLegend>false</showLegend>
<showLabels>false</showLabels>
<showGrid>false</showGrid>
<diagramColor>-1</diagramColor>
<display>false</display>
<notation>1</notation>
<objectViews>
<OView class="oracle.dbtools.crest.swingui.relational.TVTable" oid="1E743003-579C-C955-0AB0-A99BF33BF84E" otype="Table" vid="C1EF2981-7DA4-D6CC-251D-D1DFD0DEC7E4">
<bounds x="2" y="333" width="106" height="56"/>
<generatorID>27DD5605-8CFB-6C05-0765-06A108C63694</generatorID>
</OView>
<OView class="oracle.dbtools.crest.swingui.relational.TVTable" oid="269CE8ED-7C6B-A82E-6378-6D575BA768CE" otype="Table" vid="C9D2B89D-B86C-18F3-B85D-F6B418500E49">
<bounds x="302" y="236" width="159" height="55"/>
<generatorID>8A6D4C2C-4BEE-5250-0984-961FC5255A80</generatorID>
</OView>
<OView class="oracle.dbtools.crest.swingui.relational.TVTable" oid="30579A67-0FF5-2E51-DFCC-5FFC89337597" otype="Table" vid="FDB04C32-DEDE-4C59-8283-D78FF0B0ABDA">
<bounds x="522" y="188" width="109" height="218"/>
<generatorID>73E9487F-97DA-B65D-AC35-2735BE589CE9</generatorID>
</OView>
<OView class="oracle.dbtools.crest.swingui.relational.TVTable" oid="39ED0DCF-2A9A-5EBE-64AF-553F601C841B" otype="Table" vid="F080AD11-B4C5-9C5E-6104-97CB82CE9254">
<bounds x="43" y="37" width="136" height="136"/>
<generatorID>FFFD1149-EE3E-06C9-0551-3A120F2C17B7</generatorID>
</OView>
<OView class="oracle.dbtools.crest.swingui.relational.TVTable" oid="6D3A9CB5-7136-C8EE-155F-F75EAB6258C3" otype="Table" vid="D7B89D53-F9A8-8FCD-31DC-D8290F472A64">
<bounds x="303" y="367" width="157" height="65"/>
<generatorID>5BBF5C6D-0787-9520-20DE-072E36EA639D</generatorID>
</OView>
<OView class="oracle.dbtools.crest.swingui.relational.TVTable" oid="8C145621-C37F-BFDF-BCE3-85B8DE9F4170" otype="Table" vid="B49F5A24-1548-10A8-D1B3-751B9B76CE4B">
<bounds x="94" y="456" width="114" height="57"/>
<generatorID>941B73E1-1793-44BE-7004-DE20D1BC9F3E</generatorID>
</OView>
<OView class="oracle.dbtools.crest.swingui.relational.TVTable" oid="A502BB3E-90DD-E57B-3C12-7F55D25DC6C3" otype="Table" vid="7FC5C271-41C0-69D6-00EE-4F3BD7706482">
<bounds x="303" y="301" width="158" height="50"/>
<generatorID>9D71F070-CD9F-105F-47C8-E71B609C53C4</generatorID>
</OView>
<OView class="oracle.dbtools.crest.swingui.relational.TVTable" oid="B2E2F5B1-278D-F955-7016-E5829D263E0F" otype="Table" vid="DADA1F86-0300-42AA-C9B1-E94BD647748D">
<bounds x="145" y="270" width="114" height="111"/>
<generatorID>660F1E79-F214-BE7D-A947-40853E47B363</generatorID>
</OView>
<OView class="oracle.dbtools.crest.swingui.relational.TVTable" oid="C13D4992-BB9E-A58A-BD0F-9A3EE9A494A3" otype="Table" vid="D8D45580-73AC-7F6F-A7CA-AF0245F0576E">
<bounds x="293" y="32" width="170" height="104"/>
<generatorID>656D14F4-0A26-0359-CE54-135D34F600C5</generatorID>
</OView>
<OView class="oracle.dbtools.crest.swingui.relational.TVTable" oid="CCFA7628-9929-C927-779A-0A810F1574C3" otype="Table" vid="06729620-B6E4-131A-7CED-7AE61FB83B95">
<bounds x="520" y="33" width="111" height="107"/>
<generatorID>12E46EA4-EFDE-E432-7640-FD55A5184715</generatorID>
</OView>
<OView class="oracle.dbtools.crest.swingui.relational.TVTable" oid="FC24E0D5-7111-74D4-BC52-184B1EF38D1F" otype="Table" vid="1618F395-28C0-E2BF-6CA6-894292C86C63">
<bounds x="47" y="397" width="110" height="48"/>
<generatorID>15828D70-62DC-493A-1F6A-FAB2F5453DAC</generatorID>
</OView>
</objectViews>
<connectors>
<Connector class="oracle.dbtools.crest.swingui.relational.TVFKRelation" oid="18BE75D5-C11E-333F-61B9-25A4CE223BA9" otype="FKIndexAssociation" vid_source="B49F5A24-1548-10A8-D1B3-751B9B76CE4B" vid_target="F080AD11-B4C5-9C5E-6104-97CB82CE9254">
<lineWidth>1</lineWidth>
<points>
<point x="208" y="456"/>
<point x="43" y="115"/>
</points>
</Connector>
<Connector class="oracle.dbtools.crest.swingui.relational.TVFKRelation" oid="2E87329F-6AA5-F183-AE3E-566E20B2DDE9" otype="FKIndexAssociation" vid_source="1618F395-28C0-E2BF-6CA6-894292C86C63" vid_target="F080AD11-B4C5-9C5E-6104-97CB82CE9254">
<lineWidth>1</lineWidth>
<points>
<point x="157" y="397"/>
<point x="165" y="173"/>
</points>
</Connector>
<Connector class="oracle.dbtools.crest.swingui.relational.TVFKRelation" oid="37ED5023-FC93-CA8E-DD63-E197953BFA27" otype="FKIndexAssociation" vid_source="C9D2B89D-B86C-18F3-B85D-F6B418500E49" vid_target="FDB04C32-DEDE-4C59-8283-D78FF0B0ABDA">
<lineWidth>1</lineWidth>
<points>
<point x="461" y="263"/>
<point x="522" y="263"/>
</points>
</Connector>
<Connector class="oracle.dbtools.crest.swingui.relational.TVFKRelation" oid="468DDC59-CDE0-F843-B16F-32C16E4AC85E" otype="FKIndexAssociation" vid_source="D7B89D53-F9A8-8FCD-31DC-D8290F472A64" vid_target="DADA1F86-0300-42AA-C9B1-E94BD647748D">
<lineWidth>1</lineWidth>
<points>
<point x="303" y="374"/>
<point x="259" y="374"/>
</points>
</Connector>
<Connector class="oracle.dbtools.crest.swingui.relational.TVFKRelation" oid="487E5E79-B52B-E517-0660-A6DFEEB47802" otype="FKIndexAssociation" vid_source="DADA1F86-0300-42AA-C9B1-E94BD647748D" vid_target="F080AD11-B4C5-9C5E-6104-97CB82CE9254">
<lineWidth>1</lineWidth>
<points>
<point x="175" y="270"/>
<point x="175" y="173"/>
</points>
</Connector>
<Connector class="oracle.dbtools.crest.swingui.relational.TVFKRelation" oid="7120C7FE-53D2-26C3-BA0A-D288B890FFF8" otype="FKIndexAssociation" vid_source="06729620-B6E4-131A-7CED-7AE61FB83B95" vid_target="FDB04C32-DEDE-4C59-8283-D78FF0B0ABDA">
<lineWidth>1</lineWidth>
<points>
<point x="576" y="140"/>
<point x="576" y="188"/>
</points>
</Connector>
<Connector class="oracle.dbtools.crest.swingui.relational.TVFKRelation" oid="73AD5D5A-5829-D06A-C79F-308C0946BA77" otype="FKIndexAssociation" vid_source="D8D45580-73AC-7F6F-A7CA-AF0245F0576E" vid_target="06729620-B6E4-131A-7CED-7AE61FB83B95">
<lineWidth>1</lineWidth>
<points>
<point x="293" y="136"/>
<point x="520" y="140"/>
</points>
</Connector>
<Connector class="oracle.dbtools.crest.swingui.relational.TVFKRelation" oid="78D8DA0A-7EAF-7CEF-E828-05386C0B991A" otype="FKIndexAssociation" vid_source="7FC5C271-41C0-69D6-00EE-4F3BD7706482" vid_target="DADA1F86-0300-42AA-C9B1-E94BD647748D">
<lineWidth>1</lineWidth>
<points>
<point x="303" y="336"/>
<point x="259" y="336"/>
</points>
</Connector>
<Connector class="oracle.dbtools.crest.swingui.relational.TVFKRelation" oid="90E343B6-7946-BAFB-B3FA-072798F22011" otype="FKIndexAssociation" vid_source="D7B89D53-F9A8-8FCD-31DC-D8290F472A64" vid_target="FDB04C32-DEDE-4C59-8283-D78FF0B0ABDA">
<lineWidth>1</lineWidth>
<points>
<point x="460" y="386"/>
<point x="522" y="386"/>
</points>
</Connector>
<Connector class="oracle.dbtools.crest.swingui.relational.TVFKRelation" oid="9FBD3FC1-32FD-D6FB-4918-BB748CA238EA" otype="FKIndexAssociation" vid_source="C9D2B89D-B86C-18F3-B85D-F6B418500E49" vid_target="DADA1F86-0300-42AA-C9B1-E94BD647748D">
<lineWidth>1</lineWidth>
<points>
<point x="302" y="290"/>
<point x="259" y="290"/>
</points>
</Connector>
<Connector class="oracle.dbtools.crest.swingui.relational.TVFKRelation" oid="AD77C03F-BF10-BBC0-2B44-B5947CDE779C" otype="FKIndexAssociation" vid_source="7FC5C271-41C0-69D6-00EE-4F3BD7706482" vid_target="FDB04C32-DEDE-4C59-8283-D78FF0B0ABDA">
<lineWidth>1</lineWidth>
<points>
<point x="461" y="326"/>
<point x="522" y="326"/>
</points>
</Connector>
<Connector class="oracle.dbtools.crest.swingui.relational.TVFKRelation" oid="AF96C689-7952-71E2-51DF-F0F97E54BC63" otype="FKIndexAssociation" vid_source="06729620-B6E4-131A-7CED-7AE61FB83B95" vid_target="FDB04C32-DEDE-4C59-8283-D78FF0B0ABDA">
<lineWidth>1</lineWidth>
<points>
<point x="586" y="140"/>
<point x="586" y="188"/>
</points>
</Connector>
<Connector class="oracle.dbtools.crest.swingui.relational.TVFKRelation" oid="B53107E1-5A96-4610-4094-BA432E417ABE" otype="FKIndexAssociation" vid_source="F080AD11-B4C5-9C5E-6104-97CB82CE9254" vid_target="FDB04C32-DEDE-4C59-8283-D78FF0B0ABDA">
<lineWidth>1</lineWidth>
<points>
<point x="179" y="105"/>
<point x="522" y="297"/>
</points>
</Connector>
<Connector class="oracle.dbtools.crest.swingui.relational.TVFKRelation" oid="C0069F43-1319-C898-5F20-8AA02502FDA6" otype="FKIndexAssociation" vid_source="C1EF2981-7DA4-D6CC-251D-D1DFD0DEC7E4" vid_target="F080AD11-B4C5-9C5E-6104-97CB82CE9254">
<lineWidth>1</lineWidth>
<points>
<point x="108" y="333"/>
<point x="90" y="173"/>
</points>
</Connector>
</connectors>
</Diagram>