<?xml version = '1.0' encoding = 'UTF-8'?>
<Entity class="oracle.dbtools.crest.model.design.logical.Entity" id="4518B2E7-0B2F-0923-5B4C-97E5D0B77E55" directorySegmentName="seg_0" name="Lineas_pedidos">
<createdBy>alumno</createdBy>
<createdTime>2012-10-17 20:08:42 UTC</createdTime>
<generatorID>Generado por el Usuario</generatorID>
<ownerDesignName>Muebles</ownerDesignName>
<engineerTo>
<item key="715E11C2-B450-0961-5858-99FEA0C3045D" value="true"/>
</engineerTo>
<pkName>linea_key</pkName>
<adequatelyNormalized>NO</adequatelyNormalized>
<expectedVolumes>0</expectedVolumes>
<fwdEngineeringStrategyName>Single Table</fwdEngineeringStrategyName>
<growthPercent>0</growthPercent>
<growthType>Year</growthType>
<maxVolumes>9999999</maxVolumes>
<minVolumes>0</minVolumes>
<normalForm>Third</normalForm>
<fonts>
<FontObject class="oracle.dbtools.crest.model.design.FontObjectWr">
<foType>Título</foType>
<fontStyle>1</fontStyle>
<colorRGB>-16776961</colorRGB>
</FontObject>
<FontObject class="oracle.dbtools.crest.model.design.FontObjectWr">
<foType>Atributo</foType>
<colorRGB>-16777216</colorRGB>
</FontObject>
<FontObject class="oracle.dbtools.crest.model.design.FontObjectWr">
<foType>Tipo de Dato</foType>
<colorRGB>-16744448</colorRGB>
</FontObject>
<FontObject class="oracle.dbtools.crest.model.design.FontObjectWr">
<foType>Elemento de Clave Primaria</foType>
<colorRGB>-16776961</colorRGB>
</FontObject>
<FontObject class="oracle.dbtools.crest.model.design.FontObjectWr">
<foType>Elemento de Clave Ajena</foType>
<colorRGB>-16777216</colorRGB>
</FontObject>
<FontObject class="oracle.dbtools.crest.model.design.FontObjectWr">
<foType>Elemento de Clave Única</foType>
<colorRGB>-16776961</colorRGB>
</FontObject>
<FontObject class="oracle.dbtools.crest.model.design.FontObjectWr">
<foType>No Nulo</foType>
<colorRGB>-65536</colorRGB>
</FontObject>
<FontObject class="oracle.dbtools.crest.model.design.FontObjectWr">
<foType>Clave</foType>
<colorRGB>-16777216</colorRGB>
</FontObject>
</fonts>
<attributes>
<Attribute class="oracle.dbtools.crest.model.design.logical.Attribute" name="cod_linea" id="EF5A3D12-897E-EC65-2565-249D98DDAF76">
<createdBy>alumno</createdBy>
<createdTime>2012-10-17 22:17:53 UTC</createdTime>
<generatorID>Generado por el Usuario</generatorID>
<ownerDesignName>Muebles</ownerDesignName>
<engineerTo>
<item key="715E11C2-B450-0961-5858-99FEA0C3045D" value="true"/>
</engineerTo>
<nullsAllowed>true</nullsAllowed>
<useDomainConstraints>false</useDomainConstraints>
<use>1</use>
<logicalDatatype>LOGDT011</logicalDatatype>
</Attribute>
<Attribute class="oracle.dbtools.crest.model.design.logical.Attribute" name="cantidad" id="9992788B-4E47-C9FE-4936-DDCEFD81F4CD">
<createdBy>alumno</createdBy>
<createdTime>2012-10-17 22:18:07 UTC</createdTime>
<generatorID>Generado por el Usuario</generatorID>
<ownerDesignName>Muebles</ownerDesignName>
<engineerTo>
<item key="715E11C2-B450-0961-5858-99FEA0C3045D" value="true"/>
</engineerTo>
<nullsAllowed>true</nullsAllowed>
<useDomainConstraints>false</useDomainConstraints>
<use>1</use>
<logicalDatatype>LOGDT011</logicalDatatype>
</Attribute>
<Attribute class="oracle.dbtools.crest.model.design.logical.Attribute" name="id_pedido" id="A5E349B4-44FC-7466-6A62-98739FB3A413">
<createdBy>alumno</createdBy>
<createdTime>2012-10-17 22:31:17 UTC</createdTime>
<generatorID>420E3890-0697-F65F-6166-EFC48F8109A1</generatorID>
<ownerDesignName>Muebles</ownerDesignName>
<engineerTo>
<item key="715E11C2-B450-0961-5858-99FEA0C3045D" value="true"/>
</engineerTo>
<referedAttribute>BC63F192-CECE-1F9C-3626-E6D66FFFDAFB</referedAttribute>
<useDomainConstraints>false</useDomainConstraints>
<use>1</use>
<logicalDatatype>LOGDT011</logicalDatatype>
</Attribute>
<Attribute class="oracle.dbtools.crest.model.design.logical.Attribute" name="cod_mueble" id="EF22094A-9507-5BE7-BF46-110E57019A5F">
<createdBy>alumno</createdBy>
<createdTime>2012-10-17 22:42:36 UTC</createdTime>
<generatorID>E06ABAE7-1ACA-5140-D7A9-8B5555075125</generatorID>
<ownerDesignName>Muebles</ownerDesignName>
<engineerTo>
<item key="715E11C2-B450-0961-5858-99FEA0C3045D" value="true"/>
</engineerTo>
<nullsAllowed>true</nullsAllowed>
<referedAttribute>CB5BE82A-FCFD-EC79-0E1A-FE27EB4C869B</referedAttribute>
<useDomainConstraints>false</useDomainConstraints>
<use>1</use>
<logicalDatatype>LOGDT011</logicalDatatype>
</Attribute>
<Attribute class="oracle.dbtools.crest.model.design.logical.Attribute" name="tipo_cristal" id="391ED3AF-3E35-75D0-EF46-680072606809">
<createdBy>alumno</createdBy>
<createdTime>2012-10-17 22:42:59 UTC</createdTime>
<generatorID>B463FAEE-C361-C990-D4B1-F63091916FDC</generatorID>
<ownerDesignName>Muebles</ownerDesignName>
<engineerTo>
<item key="715E11C2-B450-0961-5858-99FEA0C3045D" value="true"/>
</engineerTo>
<nullsAllowed>true</nullsAllowed>
<referedAttribute>FEE45036-026D-2F11-9472-CC7D898E0771</referedAttribute>
<useDomainConstraints>false</useDomainConstraints>
<use>1</use>
<logicalDatatype>LOGDT024</logicalDatatype>
<dataTypeSize>50</dataTypeSize>
</Attribute>
<Attribute class="oracle.dbtools.crest.model.design.logical.Attribute" name="id_color" id="03F8455C-086C-5643-3B29-70EE7861849F">
<createdBy>alumno</createdBy>
<createdTime>2012-10-17 22:43:24 UTC</createdTime>
<generatorID>00AD62AD-7E4C-55F3-5C8F-0453CACD7700</generatorID>
<ownerDesignName>Muebles</ownerDesignName>
<engineerTo>
<item key="715E11C2-B450-0961-5858-99FEA0C3045D" value="true"/>
</engineerTo>
<nullsAllowed>true</nullsAllowed>
<referedAttribute>9F4CF5BD-C30D-F6D2-D002-EFEDF86666BB</referedAttribute>
<useDomainConstraints>false</useDomainConstraints>
<use>1</use>
<logicalDatatype>LOGDT011</logicalDatatype>
</Attribute>
<Attribute class="oracle.dbtools.crest.model.design.logical.Attribute" name="id_terminacion" id="B97DC01E-E58B-C687-B327-8B1BD38154B7">
<createdBy>alumno</createdBy>
<createdTime>2012-10-17 22:43:33 UTC</createdTime>
<generatorID>1700E2B1-EDC5-1F2A-DE55-352AA7C2ADDB</generatorID>
<ownerDesignName>Muebles</ownerDesignName>
<engineerTo>
<item key="715E11C2-B450-0961-5858-99FEA0C3045D" value="true"/>
</engineerTo>
<nullsAllowed>true</nullsAllowed>
<referedAttribute>72230156-751F-C096-94FA-9EB572FD3238</referedAttribute>
<useDomainConstraints>false</useDomainConstraints>
<use>1</use>
<logicalDatatype>LOGDT011</logicalDatatype>
</Attribute>
</attributes>
<identifiers>
<identifier class="oracle.dbtools.crest.model.design.logical.CandidateKey" id="C2157054-0D78-991A-1588-D78B44927B2A" name="linea_key">
<createdBy>alumno</createdBy>
<createdTime>2012-10-17 22:18:27 UTC</createdTime>
<generatorID>Generado por el Usuario</generatorID>
<ownerDesignName>Muebles</ownerDesignName>
<engineerTo>
<item key="715E11C2-B450-0961-5858-99FEA0C3045D" value="true"/>
</engineerTo>
<pk>true</pk>
<usedAttributes>
<attributeRef>EF5A3D12-897E-EC65-2565-249D98DDAF76</attributeRef>
</usedAttributes>
</identifier>
</identifiers>
</Entity>