<?xml version = '1.0' encoding = 'UTF-8'?>
<Entity class="oracle.dbtools.crest.model.design.logical.Entity" id="8326A778-1B4C-E0D2-4328-9FA8E02E613E" directorySegmentName="seg_0" name="Mueble">
<createdBy>alumno</createdBy>
<createdTime>2012-10-17 20:01:48 UTC</createdTime>
<generatorID>Generado por el Usuario</generatorID>
<ownerDesignName>Muebles</ownerDesignName>
<engineerTo>
<item key="715E11C2-B450-0961-5858-99FEA0C3045D" value="true"/>
</engineerTo>
<pkName>mueble_key</pkName>
<adequatelyNormalized>NO</adequatelyNormalized>
<expectedVolumes>0</expectedVolumes>
<fwdEngineeringStrategyName>Single Table</fwdEngineeringStrategyName>
<growthPercent>0</growthPercent>
<growthType>Year</growthType>
<maxVolumes>9999999</maxVolumes>
<minVolumes>0</minVolumes>
<normalForm>Third</normalForm>
<fonts>
<FontObject class="oracle.dbtools.crest.model.design.FontObjectWr">
<foType>Título</foType>
<fontStyle>1</fontStyle>
<colorRGB>-16776961</colorRGB>
</FontObject>
<FontObject class="oracle.dbtools.crest.model.design.FontObjectWr">
<foType>Atributo</foType>
<colorRGB>-16777216</colorRGB>
</FontObject>
<FontObject class="oracle.dbtools.crest.model.design.FontObjectWr">
<foType>Tipo de Dato</foType>
<colorRGB>-16744448</colorRGB>
</FontObject>
<FontObject class="oracle.dbtools.crest.model.design.FontObjectWr">
<foType>Elemento de Clave Primaria</foType>
<colorRGB>-16776961</colorRGB>
</FontObject>
<FontObject class="oracle.dbtools.crest.model.design.FontObjectWr">
<foType>Elemento de Clave Ajena</foType>
<colorRGB>-16777216</colorRGB>
</FontObject>
<FontObject class="oracle.dbtools.crest.model.design.FontObjectWr">
<foType>Elemento de Clave Única</foType>
<colorRGB>-16776961</colorRGB>
</FontObject>
<FontObject class="oracle.dbtools.crest.model.design.FontObjectWr">
<foType>No Nulo</foType>
<colorRGB>-65536</colorRGB>
</FontObject>
<FontObject class="oracle.dbtools.crest.model.design.FontObjectWr">
<foType>Clave</foType>
<colorRGB>-16777216</colorRGB>
</FontObject>
</fonts>
<attributes>
<Attribute class="oracle.dbtools.crest.model.design.logical.Attribute" name="cod_mueble" id="CB5BE82A-FCFD-EC79-0E1A-FE27EB4C869B">
<createdBy>alumno</createdBy>
<createdTime>2012-10-17 20:16:47 UTC</createdTime>
<generatorID>Generado por el Usuario</generatorID>
<ownerDesignName>Muebles</ownerDesignName>
<engineerTo>
<item key="715E11C2-B450-0961-5858-99FEA0C3045D" value="true"/>
</engineerTo>
<useDomainConstraints>false</useDomainConstraints>
<use>1</use>
<logicalDatatype>LOGDT011</logicalDatatype>
</Attribute>
<Attribute class="oracle.dbtools.crest.model.design.logical.Attribute" name="nombre" id="02F1ABE6-61D0-A989-634A-CE0C3712291E">
<createdBy>alumno</createdBy>
<createdTime>2012-10-17 20:17:08 UTC</createdTime>
<generatorID>Generado por el Usuario</generatorID>
<ownerDesignName>Muebles</ownerDesignName>
<engineerTo>
<item key="715E11C2-B450-0961-5858-99FEA0C3045D" value="true"/>
</engineerTo>
<nullsAllowed>true</nullsAllowed>
<useDomainConstraints>false</useDomainConstraints>
<use>1</use>
<logicalDatatype>LOGDT024</logicalDatatype>
<dataTypeSize>50</dataTypeSize>
</Attribute>
<Attribute class="oracle.dbtools.crest.model.design.logical.Attribute" name="importe" id="C7F7DC46-A5A0-D12A-6851-7D2891B1239F">
<createdBy>alumno</createdBy>
<createdTime>2012-10-17 20:38:21 UTC</createdTime>
<generatorID>Generado por el Usuario</generatorID>
<ownerDesignName>Muebles</ownerDesignName>
<engineerTo>
<item key="715E11C2-B450-0961-5858-99FEA0C3045D" value="true"/>
</engineerTo>
<nullsAllowed>true</nullsAllowed>
<useDomainConstraints>false</useDomainConstraints>
<use>1</use>
<logicalDatatype>LOGDT011</logicalDatatype>
</Attribute>
<Attribute class="oracle.dbtools.crest.model.design.logical.Attribute" name="alto" id="2E850F39-D19A-DEFA-D1BF-D9D7CE8F5422">
<createdBy>alumno</createdBy>
<createdTime>2012-10-17 20:39:09 UTC</createdTime>
<generatorID>Generado por el Usuario</generatorID>
<ownerDesignName>Muebles</ownerDesignName>
<engineerTo>
<item key="715E11C2-B450-0961-5858-99FEA0C3045D" value="true"/>
</engineerTo>
<nullsAllowed>true</nullsAllowed>
<useDomainConstraints>false</useDomainConstraints>
<use>1</use>
<logicalDatatype>LOGDT011</logicalDatatype>
</Attribute>
<Attribute class="oracle.dbtools.crest.model.design.logical.Attribute" name="ancho" id="E5AB8721-D5C2-B57E-D5C3-E77722ED0129">
<createdBy>alumno</createdBy>
<createdTime>2012-10-17 20:39:24 UTC</createdTime>
<generatorID>Generado por el Usuario</generatorID>
<ownerDesignName>Muebles</ownerDesignName>
<engineerTo>
<item key="715E11C2-B450-0961-5858-99FEA0C3045D" value="true"/>
</engineerTo>
<nullsAllowed>true</nullsAllowed>
<useDomainConstraints>false</useDomainConstraints>
<use>1</use>
<logicalDatatype>LOGDT011</logicalDatatype>
</Attribute>
<Attribute class="oracle.dbtools.crest.model.design.logical.Attribute" name="profundo" id="11F049FA-B805-B614-05BD-51DB6F4C166B">
<createdBy>alumno</createdBy>
<createdTime>2012-10-17 20:39:45 UTC</createdTime>
<generatorID>Generado por el Usuario</generatorID>
<ownerDesignName>Muebles</ownerDesignName>
<engineerTo>
<item key="715E11C2-B450-0961-5858-99FEA0C3045D" value="true"/>
</engineerTo>
<nullsAllowed>true</nullsAllowed>
<useDomainConstraints>false</useDomainConstraints>
<use>1</use>
<logicalDatatype>LOGDT011</logicalDatatype>
</Attribute>
<Attribute class="oracle.dbtools.crest.model.design.logical.Attribute" name="nombre_coleccion" id="3C0E1432-63C4-3FB5-09AB-F3018FCC17F1">
<createdBy>alumno</createdBy>
<createdTime>2012-10-17 22:36:02 UTC</createdTime>
<generatorID>38514232-B934-C1FE-942B-A09CCF2B870B</generatorID>
<ownerDesignName>Muebles</ownerDesignName>
<engineerTo>
<item key="715E11C2-B450-0961-5858-99FEA0C3045D" value="true"/>
</engineerTo>
<nullsAllowed>true</nullsAllowed>
<referedAttribute>FE0994EA-376E-D616-E46B-D03861405556</referedAttribute>
<useDomainConstraints>false</useDomainConstraints>
<use>1</use>
<logicalDatatype>LOGDT024</logicalDatatype>
<dataTypeSize>50</dataTypeSize>
</Attribute>
<Attribute class="oracle.dbtools.crest.model.design.logical.Attribute" name="nombre_ambiente" id="3E4BDC19-52D0-C913-895E-5A38D5603AEA">
<createdBy>alumno</createdBy>
<createdTime>2012-10-17 22:37:20 UTC</createdTime>
<generatorID>0B3FEE3D-F307-6767-D74E-E4DB1134E077</generatorID>
<ownerDesignName>Muebles</ownerDesignName>
<engineerTo>
<item key="715E11C2-B450-0961-5858-99FEA0C3045D" value="true"/>
</engineerTo>
<nullsAllowed>true</nullsAllowed>
<referedAttribute>CFAC5973-9AF1-9BE2-EB31-625F4AD264E0</referedAttribute>
<useDomainConstraints>false</useDomainConstraints>
<use>1</use>
<logicalDatatype>LOGDT024</logicalDatatype>
<dataTypeSize>50</dataTypeSize>
</Attribute>
<Attribute class="oracle.dbtools.crest.model.design.logical.Attribute" name="nombre_tipo" id="F695B3B7-74FF-F5BC-0462-AC31F0CCBBA8">
<createdBy>alumno</createdBy>
<createdTime>2012-10-17 22:40:11 UTC</createdTime>
<generatorID>9921D174-DD07-9E5D-2082-BF80F1844677</generatorID>
<ownerDesignName>Muebles</ownerDesignName>
<engineerTo>
<item key="715E11C2-B450-0961-5858-99FEA0C3045D" value="true"/>
</engineerTo>
<nullsAllowed>true</nullsAllowed>
<referedAttribute>0F34ABC1-CC24-622F-FC3C-ECC9D5A9EBA7</referedAttribute>
<useDomainConstraints>false</useDomainConstraints>
<use>1</use>
<logicalDatatype>LOGDT024</logicalDatatype>
<dataTypeSize>50</dataTypeSize>
</Attribute>
<Attribute class="oracle.dbtools.crest.model.design.logical.Attribute" name="cod_linea" id="31B919BC-FD7E-2849-FE17-E3C69074BEB3">
<createdBy>alumno</createdBy>
<createdTime>2012-10-17 22:42:36 UTC</createdTime>
<generatorID>E06ABAE7-1ACA-5140-D7A9-8B5555075125</generatorID>
<ownerDesignName>Muebles</ownerDesignName>
<engineerTo>
<item key="715E11C2-B450-0961-5858-99FEA0C3045D" value="true"/>
</engineerTo>
<nullsAllowed>true</nullsAllowed>
<referedAttribute>EF5A3D12-897E-EC65-2565-249D98DDAF76</referedAttribute>
<useDomainConstraints>false</useDomainConstraints>
<use>1</use>
<logicalDatatype>LOGDT011</logicalDatatype>
</Attribute>
</attributes>
<identifiers>
<identifier class="oracle.dbtools.crest.model.design.logical.CandidateKey" id="BD4A60E5-4F96-7B9A-A703-446E7C471741" name="mueble_key">
<createdBy>alumno</createdBy>
<createdTime>2012-10-17 21:34:09 UTC</createdTime>
<generatorID>Generado por el Usuario</generatorID>
<ownerDesignName>Muebles</ownerDesignName>
<engineerTo>
<item key="715E11C2-B450-0961-5858-99FEA0C3045D" value="true"/>
</engineerTo>
<pk>true</pk>
<usedAttributes>
<attributeRef>CB5BE82A-FCFD-EC79-0E1A-FE27EB4C869B</attributeRef>
</usedAttributes>
</identifier>
</identifiers>
</Entity>