<?xml version = '1.0' encoding = 'UTF-8'?>
<Entity class="oracle.dbtools.crest.model.design.logical.Entity" id="B127DC33-9651-DDED-3B10-727FF492559A" directorySegmentName="seg_0" name="Terminaciones">
<createdBy>alumno</createdBy>
<createdTime>2012-10-17 20:05:53 UTC</createdTime>
<generatorID>Generado por el Usuario</generatorID>
<ownerDesignName>Muebles</ownerDesignName>
<engineerTo>
<item key="715E11C2-B450-0961-5858-99FEA0C3045D" value="true"/>
</engineerTo>
<pkName>terminacion_key</pkName>
<adequatelyNormalized>NO</adequatelyNormalized>
<expectedVolumes>0</expectedVolumes>
<fwdEngineeringStrategyName>Single Table</fwdEngineeringStrategyName>
<growthPercent>0</growthPercent>
<growthType>Year</growthType>
<maxVolumes>9999999</maxVolumes>
<minVolumes>0</minVolumes>
<normalForm>Third</normalForm>
<fonts>
<FontObject class="oracle.dbtools.crest.model.design.FontObjectWr">
<foType>Título</foType>
<fontStyle>1</fontStyle>
<colorRGB>-16776961</colorRGB>
</FontObject>
<FontObject class="oracle.dbtools.crest.model.design.FontObjectWr">
<foType>Atributo</foType>
<colorRGB>-16777216</colorRGB>
</FontObject>
<FontObject class="oracle.dbtools.crest.model.design.FontObjectWr">
<foType>Tipo de Dato</foType>
<colorRGB>-16744448</colorRGB>
</FontObject>
<FontObject class="oracle.dbtools.crest.model.design.FontObjectWr">
<foType>Elemento de Clave Primaria</foType>
<colorRGB>-16776961</colorRGB>
</FontObject>
<FontObject class="oracle.dbtools.crest.model.design.FontObjectWr">
<foType>Elemento de Clave Ajena</foType>
<colorRGB>-16777216</colorRGB>
</FontObject>
<FontObject class="oracle.dbtools.crest.model.design.FontObjectWr">
<foType>Elemento de Clave Única</foType>
<colorRGB>-16776961</colorRGB>
</FontObject>
<FontObject class="oracle.dbtools.crest.model.design.FontObjectWr">
<foType>No Nulo</foType>
<colorRGB>-65536</colorRGB>
</FontObject>
<FontObject class="oracle.dbtools.crest.model.design.FontObjectWr">
<foType>Clave</foType>
<colorRGB>-16777216</colorRGB>
</FontObject>
</fonts>
<attributes>
<Attribute class="oracle.dbtools.crest.model.design.logical.Attribute" name="id_terminacion" id="72230156-751F-C096-94FA-9EB572FD3238">
<createdBy>alumno</createdBy>
<createdTime>2012-10-17 22:27:53 UTC</createdTime>
<generatorID>Generado por el Usuario</generatorID>
<ownerDesignName>Muebles</ownerDesignName>
<engineerTo>
<item key="715E11C2-B450-0961-5858-99FEA0C3045D" value="true"/>
</engineerTo>
<nullsAllowed>true</nullsAllowed>
<useDomainConstraints>false</useDomainConstraints>
<use>1</use>
<logicalDatatype>LOGDT011</logicalDatatype>
</Attribute>
<Attribute class="oracle.dbtools.crest.model.design.logical.Attribute" name="tipo_terminacion" id="129F10A6-2414-84AD-1C18-42F2D0F2F1D2">
<createdBy>alumno</createdBy>
<createdTime>2012-10-17 22:28:14 UTC</createdTime>
<generatorID>Generado por el Usuario</generatorID>
<ownerDesignName>Muebles</ownerDesignName>
<engineerTo>
<item key="715E11C2-B450-0961-5858-99FEA0C3045D" value="true"/>
</engineerTo>
<nullsAllowed>true</nullsAllowed>
<useDomainConstraints>false</useDomainConstraints>
<use>1</use>
<logicalDatatype>LOGDT024</logicalDatatype>
<dataTypeSize>50</dataTypeSize>
</Attribute>
<Attribute class="oracle.dbtools.crest.model.design.logical.Attribute" name="color_terminacion" id="54CC8203-0EF1-026F-2177-B47C8357929F">
<createdBy>alumno</createdBy>
<createdTime>2012-10-17 22:28:39 UTC</createdTime>
<generatorID>Generado por el Usuario</generatorID>
<ownerDesignName>Muebles</ownerDesignName>
<engineerTo>
<item key="715E11C2-B450-0961-5858-99FEA0C3045D" value="true"/>
</engineerTo>
<nullsAllowed>true</nullsAllowed>
<useDomainConstraints>false</useDomainConstraints>
<use>1</use>
<logicalDatatype>LOGDT024</logicalDatatype>
<dataTypeSize>50</dataTypeSize>
</Attribute>
<Attribute class="oracle.dbtools.crest.model.design.logical.Attribute" name="cod_linea" id="AF6AF988-AD67-FAB1-A038-C38DA343650D">
<createdBy>alumno</createdBy>
<createdTime>2012-10-17 22:43:33 UTC</createdTime>
<generatorID>1700E2B1-EDC5-1F2A-DE55-352AA7C2ADDB</generatorID>
<ownerDesignName>Muebles</ownerDesignName>
<engineerTo>
<item key="715E11C2-B450-0961-5858-99FEA0C3045D" value="true"/>
</engineerTo>
<nullsAllowed>true</nullsAllowed>
<referedAttribute>EF5A3D12-897E-EC65-2565-249D98DDAF76</referedAttribute>
<useDomainConstraints>false</useDomainConstraints>
<use>1</use>
<logicalDatatype>LOGDT011</logicalDatatype>
</Attribute>
</attributes>
<identifiers>
<identifier class="oracle.dbtools.crest.model.design.logical.CandidateKey" id="26673391-2C7C-5D37-C52F-E34D5350002F" name="terminacion_key">
<createdBy>alumno</createdBy>
<createdTime>2012-10-17 22:28:57 UTC</createdTime>
<generatorID>Generado por el Usuario</generatorID>
<ownerDesignName>Muebles</ownerDesignName>
<engineerTo>
<item key="715E11C2-B450-0961-5858-99FEA0C3045D" value="true"/>
</engineerTo>
<pk>true</pk>
<usedAttributes>
<attributeRef>72230156-751F-C096-94FA-9EB572FD3238</attributeRef>
</usedAttributes>
</identifier>
</identifiers>
</Entity>