<?xml version = '1.0' encoding = 'UTF-8'?>
<Entity class="oracle.dbtools.crest.model.design.logical.Entity" id="E16DD4A4-B1E3-BAC4-BCD5-E34902D422D8" directorySegmentName="seg_0" name="Colores">
<createdBy>alumno</createdBy>
<createdTime>2012-10-17 20:05:35 UTC</createdTime>
<generatorID>Generado por el Usuario</generatorID>
<ownerDesignName>Muebles</ownerDesignName>
<engineerTo>
<item key="715E11C2-B450-0961-5858-99FEA0C3045D" value="true"/>
</engineerTo>
<pkName>color_key</pkName>
<adequatelyNormalized>NO</adequatelyNormalized>
<expectedVolumes>0</expectedVolumes>
<fwdEngineeringStrategyName>Single Table</fwdEngineeringStrategyName>
<growthPercent>0</growthPercent>
<growthType>Year</growthType>
<maxVolumes>9999999</maxVolumes>
<minVolumes>0</minVolumes>
<normalForm>Third</normalForm>
<fonts>
<FontObject class="oracle.dbtools.crest.model.design.FontObjectWr">
<foType>Título</foType>
<fontStyle>1</fontStyle>
<colorRGB>-16776961</colorRGB>
</FontObject>
<FontObject class="oracle.dbtools.crest.model.design.FontObjectWr">
<foType>Atributo</foType>
<colorRGB>-16777216</colorRGB>
</FontObject>
<FontObject class="oracle.dbtools.crest.model.design.FontObjectWr">
<foType>Tipo de Dato</foType>
<colorRGB>-16744448</colorRGB>
</FontObject>
<FontObject class="oracle.dbtools.crest.model.design.FontObjectWr">
<foType>Elemento de Clave Primaria</foType>
<colorRGB>-16776961</colorRGB>
</FontObject>
<FontObject class="oracle.dbtools.crest.model.design.FontObjectWr">
<foType>Elemento de Clave Ajena</foType>
<colorRGB>-16777216</colorRGB>
</FontObject>
<FontObject class="oracle.dbtools.crest.model.design.FontObjectWr">
<foType>Elemento de Clave Única</foType>
<colorRGB>-16776961</colorRGB>
</FontObject>
<FontObject class="oracle.dbtools.crest.model.design.FontObjectWr">
<foType>No Nulo</foType>
<colorRGB>-65536</colorRGB>
</FontObject>
<FontObject class="oracle.dbtools.crest.model.design.FontObjectWr">
<foType>Clave</foType>
<colorRGB>-16777216</colorRGB>
</FontObject>
</fonts>
<attributes>
<Attribute class="oracle.dbtools.crest.model.design.logical.Attribute" name="id_color" id="9F4CF5BD-C30D-F6D2-D002-EFEDF86666BB">
<createdBy>alumno</createdBy>
<createdTime>2012-10-17 22:15:18 UTC</createdTime>
<generatorID>Generado por el Usuario</generatorID>
<ownerDesignName>Muebles</ownerDesignName>
<engineerTo>
<item key="715E11C2-B450-0961-5858-99FEA0C3045D" value="true"/>
</engineerTo>
<nullsAllowed>true</nullsAllowed>
<useDomainConstraints>false</useDomainConstraints>
<use>1</use>
<logicalDatatype>LOGDT011</logicalDatatype>
</Attribute>
<Attribute class="oracle.dbtools.crest.model.design.logical.Attribute" name="color" id="C7EBE055-68DF-451C-D875-6450A450B0AB">
<createdBy>alumno</createdBy>
<createdTime>2012-10-17 22:15:38 UTC</createdTime>
<generatorID>Generado por el Usuario</generatorID>
<ownerDesignName>Muebles</ownerDesignName>
<engineerTo>
<item key="715E11C2-B450-0961-5858-99FEA0C3045D" value="true"/>
</engineerTo>
<nullsAllowed>true</nullsAllowed>
<useDomainConstraints>false</useDomainConstraints>
<use>1</use>
<logicalDatatype>LOGDT024</logicalDatatype>
<dataTypeSize>50</dataTypeSize>
</Attribute>
<Attribute class="oracle.dbtools.crest.model.design.logical.Attribute" name="cod_linea" id="45E3D99E-A2CD-E900-1EFE-8CB3456F917D">
<createdBy>alumno</createdBy>
<createdTime>2012-10-17 22:43:24 UTC</createdTime>
<generatorID>00AD62AD-7E4C-55F3-5C8F-0453CACD7700</generatorID>
<ownerDesignName>Muebles</ownerDesignName>
<engineerTo>
<item key="715E11C2-B450-0961-5858-99FEA0C3045D" value="true"/>
</engineerTo>
<nullsAllowed>true</nullsAllowed>
<referedAttribute>EF5A3D12-897E-EC65-2565-249D98DDAF76</referedAttribute>
<useDomainConstraints>false</useDomainConstraints>
<use>1</use>
<logicalDatatype>LOGDT011</logicalDatatype>
</Attribute>
</attributes>
</Entity>