<?xml version = '1.0' encoding = 'UTF-8'?>
<Diagram class="oracle.dbtools.crest.swingui.relational.DPVRelational" name="Relational_1" id="E7FAD91C-A335-D244-752C-D4C0080739B9">
<createdBy>alumno</createdBy>
<createdTime>2012-11-20 17:41:19 UTC</createdTime>
<autoRoute>false</autoRoute>
<boxInbox>true</boxInbox>
<showLegend>false</showLegend>
<showLabels>false</showLabels>
<showGrid>false</showGrid>
<diagramColor>-1</diagramColor>
<display>false</display>
<notation>1</notation>
<objectViews>
<OView class="oracle.dbtools.crest.swingui.relational.TVTable" oid="0FF2C78A-7B05-12B6-9764-BB6FA418CECE" otype="Table" vid="C31980CD-6C94-D38F-BC1B-81538F898FDD">
<bounds x="392" y="319" width="390" height="110"/>
</OView>
<OView class="oracle.dbtools.crest.swingui.relational.TVTable" oid="1E743003-579C-C955-0AB0-A99BF33BF84E" otype="Table" vid="C1EF2981-7DA4-D6CC-251D-D1DFD0DEC7E4">
<bounds x="0" y="463" width="181" height="74"/>
<generatorID>27DD5605-8CFB-6C05-0765-06A108C63694</generatorID>
</OView>
<OView class="oracle.dbtools.crest.swingui.relational.TVTable" oid="269CE8ED-7C6B-A82E-6378-6D575BA768CE" otype="Table" vid="C9D2B89D-B86C-18F3-B85D-F6B418500E49">
<bounds x="918" y="233" width="171" height="75"/>
<generatorID>8A6D4C2C-4BEE-5250-0984-961FC5255A80</generatorID>
</OView>
<OView class="oracle.dbtools.crest.swingui.relational.TVTable" oid="30579A67-0FF5-2E51-DFCC-5FFC89337597" otype="Table" vid="FDB04C32-DEDE-4C59-8283-D78FF0B0ABDA">
<bounds x="1149" y="52" width="201" height="236"/>
<generatorID>73E9487F-97DA-B65D-AC35-2735BE589CE9</generatorID>
</OView>
<OView class="oracle.dbtools.crest.swingui.relational.TVTable" oid="39ED0DCF-2A9A-5EBE-64AF-553F601C841B" otype="Table" vid="F080AD11-B4C5-9C5E-6104-97CB82CE9254">
<bounds x="43" y="37" width="168" height="173"/>
<generatorID>FFFD1149-EE3E-06C9-0551-3A120F2C17B7</generatorID>
</OView>
<OView class="oracle.dbtools.crest.swingui.relational.TVTable" oid="42FAC413-0886-C9ED-C286-09BD68FB469A" otype="Table" vid="86114421-C45C-D110-EB12-3C1490D6A2C1">
<bounds x="796" y="440" width="425" height="110"/>
</OView>
<OView class="oracle.dbtools.crest.swingui.relational.TVTable" oid="6D3A9CB5-7136-C8EE-155F-F75EAB6258C3" otype="Table" vid="D7B89D53-F9A8-8FCD-31DC-D8290F472A64">
<bounds x="860" y="31" width="197" height="71"/>
<generatorID>5BBF5C6D-0787-9520-20DE-072E36EA639D</generatorID>
</OView>
<OView class="oracle.dbtools.crest.swingui.relational.TVTable" oid="8C145621-C37F-BFDF-BCE3-85B8DE9F4170" otype="Table" vid="B49F5A24-1548-10A8-D1B3-751B9B76CE4B">
<bounds x="71" y="361" width="170" height="75"/>
<generatorID>941B73E1-1793-44BE-7004-DE20D1BC9F3E</generatorID>
</OView>
<OView class="oracle.dbtools.crest.swingui.relational.TVTable" oid="8C2E6C3C-2420-A875-DB51-2FF6A4B41D44" otype="Table" vid="F6E73E73-AEE6-425B-8809-3BD6B9EF8A1C">
<bounds x="505" y="188" width="170" height="110"/>
</OView>
<OView class="oracle.dbtools.crest.swingui.relational.TVTable" oid="A502BB3E-90DD-E57B-3C12-7F55D25DC6C3" otype="Table" vid="7FC5C271-41C0-69D6-00EE-4F3BD7706482">
<bounds x="987" y="338" width="169" height="78"/>
<generatorID>9D71F070-CD9F-105F-47C8-E71B609C53C4</generatorID>
</OView>
<OView class="oracle.dbtools.crest.swingui.relational.TVTable" oid="B2E2F5B1-278D-F955-7016-E5829D263E0F" otype="Table" vid="DADA1F86-0300-42AA-C9B1-E94BD647748D">
<bounds x="169" y="242" width="184" height="111"/>
<generatorID>660F1E79-F214-BE7D-A947-40853E47B363</generatorID>
</OView>
<OView class="oracle.dbtools.crest.swingui.relational.TVTable" oid="C13D4992-BB9E-A58A-BD0F-9A3EE9A494A3" otype="Table" vid="D8D45580-73AC-7F6F-A7CA-AF0245F0576E">
<bounds x="292" y="456" width="170" height="110"/>
<generatorID>656D14F4-0A26-0359-CE54-135D34F600C5</generatorID>
</OView>
<OView class="oracle.dbtools.crest.swingui.relational.TVTable" oid="CCFA7628-9929-C927-779A-0A810F1574C3" otype="Table" vid="06729620-B6E4-131A-7CED-7AE61FB83B95">
<bounds x="704" y="152" width="201" height="89"/>
<generatorID>12E46EA4-EFDE-E432-7640-FD55A5184715</generatorID>
</OView>
<OView class="oracle.dbtools.crest.swingui.relational.TVTable" oid="E5A45259-D3A2-3FDA-EF31-8AA18953F3D3" otype="Table" vid="D781EC26-00DE-5EDA-1E15-502051A714B4">
<bounds x="505" y="11" width="170" height="110"/>
</OView>
<OView class="oracle.dbtools.crest.swingui.relational.TVTable" oid="FC24E0D5-7111-74D4-BC52-184B1EF38D1F" otype="Table" vid="1618F395-28C0-E2BF-6CA6-894292C86C63">
<bounds x="293" y="31" width="91" height="48"/>
<generatorID>15828D70-62DC-493A-1F6A-FAB2F5453DAC</generatorID>
</OView>
</objectViews>
<connectors>
<Connector class="oracle.dbtools.crest.swingui.relational.TVFKRelation" oid="18BE75D5-C11E-333F-61B9-25A4CE223BA9" otype="FKIndexAssociation" vid_source="B49F5A24-1548-10A8-D1B3-751B9B76CE4B" vid_target="F080AD11-B4C5-9C5E-6104-97CB82CE9254">
<lineWidth>1</lineWidth>
<points>
<point x="141" y="361"/>
<point x="141" y="210"/>
</points>
</Connector>
<Connector class="oracle.dbtools.crest.swingui.relational.TVFKRelation" oid="2C151AE5-6B9F-2B39-4838-3C46B9ADB865" otype="FKIndexAssociation" vid_source="DADA1F86-0300-42AA-C9B1-E94BD647748D" vid_target="F6E73E73-AEE6-425B-8809-3BD6B9EF8A1C">
<lineWidth>1</lineWidth>
<points>
<point x="353" y="270"/>
<point x="505" y="270"/>
</points>
</Connector>
<Connector class="oracle.dbtools.crest.swingui.relational.TVFKRelation" oid="2E87329F-6AA5-F183-AE3E-566E20B2DDE9" otype="FKIndexAssociation" vid_source="1618F395-28C0-E2BF-6CA6-894292C86C63" vid_target="F080AD11-B4C5-9C5E-6104-97CB82CE9254">
<lineWidth>1</lineWidth>
<points>
<point x="293" y="58"/>
<point x="211" y="58"/>
</points>
</Connector>
<Connector class="oracle.dbtools.crest.swingui.relational.TVFKRelation" oid="37ED5023-FC93-CA8E-DD63-E197953BFA27" otype="FKIndexAssociation" vid_source="C9D2B89D-B86C-18F3-B85D-F6B418500E49" vid_target="FDB04C32-DEDE-4C59-8283-D78FF0B0ABDA">
<lineWidth>1</lineWidth>
<points>
<point x="1089" y="260"/>
<point x="1149" y="260"/>
</points>
</Connector>
<Connector class="oracle.dbtools.crest.swingui.relational.TVFKRelation" oid="487E5E79-B52B-E517-0660-A6DFEEB47802" otype="FKIndexAssociation" vid_source="DADA1F86-0300-42AA-C9B1-E94BD647748D" vid_target="F080AD11-B4C5-9C5E-6104-97CB82CE9254">
<lineWidth>1</lineWidth>
<points>
<point x="190" y="242"/>
<point x="190" y="210"/>
</points>
</Connector>
<Connector class="oracle.dbtools.crest.swingui.relational.TVFKRelation" oid="60ABC4C5-9F0C-0DCB-02E8-558B5B22AADF" otype="FKIndexAssociation" vid_source="06729620-B6E4-131A-7CED-7AE61FB83B95" vid_target="86114421-C45C-D110-EB12-3C1490D6A2C1">
<lineWidth>1</lineWidth>
<points>
<point x="850" y="241"/>
<point x="850" y="440"/>
</points>
</Connector>
<Connector class="oracle.dbtools.crest.swingui.relational.TVFKRelation" oid="66A89108-7BEF-58DF-7B00-270DDED2E6FF" otype="FKIndexAssociation" vid_source="DADA1F86-0300-42AA-C9B1-E94BD647748D" vid_target="C31980CD-6C94-D38F-BC1B-81538F898FDD">
<lineWidth>1</lineWidth>
<points>
<point x="353" y="336"/>
<point x="392" y="336"/>
</points>
</Connector>
<Connector class="oracle.dbtools.crest.swingui.relational.TVFKRelation" oid="71012689-E6B9-BC92-CEDB-3259CD094DEE" otype="FKIndexAssociation" vid_source="C9D2B89D-B86C-18F3-B85D-F6B418500E49" vid_target="F6E73E73-AEE6-425B-8809-3BD6B9EF8A1C">
<lineWidth>1</lineWidth>
<points>
<point x="918" y="265"/>
<point x="675" y="265"/>
</points>
</Connector>
<Connector class="oracle.dbtools.crest.swingui.relational.TVFKRelation" oid="7120C7FE-53D2-26C3-BA0A-D288B890FFF8" otype="FKIndexAssociation" vid_source="06729620-B6E4-131A-7CED-7AE61FB83B95" vid_target="FDB04C32-DEDE-4C59-8283-D78FF0B0ABDA">
<lineWidth>1</lineWidth>
<points>
<point x="905" y="196"/>
<point x="1149" y="196"/>
</points>
</Connector>
<Connector class="oracle.dbtools.crest.swingui.relational.TVFKRelation" oid="90E343B6-7946-BAFB-B3FA-072798F22011" otype="FKIndexAssociation" vid_source="D7B89D53-F9A8-8FCD-31DC-D8290F472A64" vid_target="FDB04C32-DEDE-4C59-8283-D78FF0B0ABDA">
<lineWidth>1</lineWidth>
<points>
<point x="1057" y="77"/>
<point x="1149" y="77"/>
</points>
</Connector>
<Connector class="oracle.dbtools.crest.swingui.relational.TVFKRelation" oid="AD77C03F-BF10-BBC0-2B44-B5947CDE779C" otype="FKIndexAssociation" vid_source="7FC5C271-41C0-69D6-00EE-4F3BD7706482" vid_target="FDB04C32-DEDE-4C59-8283-D78FF0B0ABDA">
<lineWidth>1</lineWidth>
<points>
<point x="1152" y="338"/>
<point x="1152" y="288"/>
</points>
</Connector>
<Connector class="oracle.dbtools.crest.swingui.relational.TVFKRelation" oid="B43CC543-A160-0081-5033-3A84893D548F" otype="FKIndexAssociation" vid_source="D7B89D53-F9A8-8FCD-31DC-D8290F472A64" vid_target="D781EC26-00DE-5EDA-1E15-502051A714B4">
<lineWidth>1</lineWidth>
<points>
<point x="860" y="66"/>
<point x="675" y="66"/>
</points>
</Connector>
<Connector class="oracle.dbtools.crest.swingui.relational.TVFKRelation" oid="B53107E1-5A96-4610-4094-BA432E417ABE" otype="FKIndexAssociation" vid_source="F080AD11-B4C5-9C5E-6104-97CB82CE9254" vid_target="FDB04C32-DEDE-4C59-8283-D78FF0B0ABDA">
<lineWidth>1</lineWidth>
<points>
<point x="211" y="131"/>
<point x="1149" y="131"/>
</points>
</Connector>
<Connector class="oracle.dbtools.crest.swingui.relational.TVFKRelation" oid="BDF947F2-D5BE-48F7-ACD2-DAB3AD444B34" otype="FKIndexAssociation" vid_source="7FC5C271-41C0-69D6-00EE-4F3BD7706482" vid_target="C31980CD-6C94-D38F-BC1B-81538F898FDD">
<lineWidth>1</lineWidth>
<points>
<point x="987" y="377"/>
<point x="782" y="377"/>
</points>
</Connector>
<Connector class="oracle.dbtools.crest.swingui.relational.TVFKRelation" oid="C0069F43-1319-C898-5F20-8AA02502FDA6" otype="FKIndexAssociation" vid_source="C1EF2981-7DA4-D6CC-251D-D1DFD0DEC7E4" vid_target="F080AD11-B4C5-9C5E-6104-97CB82CE9254">
<lineWidth>1</lineWidth>
<points>
<point x="57" y="463"/>
<point x="64" y="210"/>
</points>
</Connector>
<Connector class="oracle.dbtools.crest.swingui.relational.TVFKRelation" oid="D85BC4DF-C0F9-98E9-9FDD-D92C9D564DBE" otype="FKIndexAssociation" vid_source="DADA1F86-0300-42AA-C9B1-E94BD647748D" vid_target="D781EC26-00DE-5EDA-1E15-502051A714B4">
<lineWidth>1</lineWidth>
<points>
<point x="261" y="242"/>
<point x="505" y="107"/>
</points>
</Connector>
<Connector class="oracle.dbtools.crest.swingui.relational.TVFKRelation" oid="EDAF6CF4-8DEF-A0FD-3C79-0CB2DF81FA96" otype="FKIndexAssociation" vid_source="D8D45580-73AC-7F6F-A7CA-AF0245F0576E" vid_target="86114421-C45C-D110-EB12-3C1490D6A2C1">
<lineWidth>1</lineWidth>
<points>
<point x="462" y="503"/>
<point x="796" y="503"/>
</points>
</Connector>
</connectors>
</Diagram>