<?xml version = '1.0' encoding = 'UTF-8'?>
<Diagram class="oracle.dbtools.crest.swingui.relational.DPVRelational" name="Relacional_muebles" id="49E37F29-85B1-4EB6-1074-16C9504D383C">
<createdBy>alumno</createdBy>
<createdTime>2012-11-24 18:45:14 UTC</createdTime>
<autoRoute>false</autoRoute>
<boxInbox>true</boxInbox>
<showLegend>false</showLegend>
<showLabels>false</showLabels>
<showGrid>false</showGrid>
<diagramColor>-1</diagramColor>
<display>false</display>
<notation>1</notation>
<objectViews>
<OView class="oracle.dbtools.crest.swingui.relational.TVTable" oid="060004D9-A357-C03B-3191-A4FEEBFE92F6" otype="Table" vid="73BE51AF-61AC-F028-1575-95B2851A7880">
<bounds x="140" y="384" width="231" height="67"/>
<generatorID>809B8550-FE16-9DE0-1CD4-52215AAF92B8</generatorID>
</OView>
<OView class="oracle.dbtools.crest.swingui.relational.TVTable" oid="150B3A6E-BC21-0BAC-3B8C-B336B3A93D94" otype="Table" vid="2FAB311C-0A6B-31D5-B946-97E3CAB49F55">
<bounds x="1000" y="140" width="381" height="61"/>
</OView>
<OView class="oracle.dbtools.crest.swingui.relational.TVTable" oid="169D95CC-0A2C-6525-034F-C58606E1FE57" otype="Table" vid="A7819082-0458-5390-33B0-F3D3D08FDB98">
<bounds x="830" y="16" width="231" height="65"/>
<generatorID>F8C80265-5F02-595C-A983-98373AA6D849</generatorID>
</OView>
<OView class="oracle.dbtools.crest.swingui.relational.TVTable" oid="236CAEE4-5BA5-F2C9-37D7-24D8393CB212" otype="Table" vid="0697331D-111A-DC5E-F889-0FFFB7C1E93A">
<bounds x="33" y="239" width="108" height="52"/>
<generatorID>D847E1E6-F8D5-EACB-E659-E84F5F793D9B</generatorID>
</OView>
<OView class="oracle.dbtools.crest.swingui.relational.TVTable" oid="558873D0-9566-8DA2-E7C1-DD2194D06CF8" otype="Table" vid="2EDBD9B2-B6BC-7FF9-4412-813F0DA023B2">
<bounds x="1170" y="30" width="461" height="61"/>
</OView>
<OView class="oracle.dbtools.crest.swingui.TVNote" oid="5D52E663-6C26-A88B-832E-22763B95B397" otype="Note" vid="8D613F1F-8450-9F17-7347-A693D660BD9D">
<bounds x="478" y="51" width="208" height="70"/>
</OView>
<OView class="oracle.dbtools.crest.swingui.relational.TVTable" oid="65355ABD-9EDE-A284-AD0B-415E4473EA29" otype="Table" vid="207921B8-157E-63CA-68E0-15312A478EEE">
<bounds x="699" y="522" width="192" height="89"/>
<generatorID>510814A7-BB60-6FF0-5EBA-CF99609F63F4</generatorID>
</OView>
<OView class="oracle.dbtools.crest.swingui.relational.TVTable" oid="65A37ABC-1491-4881-E41A-4B4D9F607901" otype="Table" vid="1A0E4472-E9D3-A4C0-BAE8-65CEB781593B">
<bounds x="1201" y="282" width="220" height="69"/>
<generatorID>33BC268E-59BC-9565-5F1D-828CD48F54E3</generatorID>
</OView>
<OView class="oracle.dbtools.crest.swingui.relational.TVTable" oid="719D50F0-0BBA-6DDD-96D9-B75401115C3F" otype="Table" vid="7416406D-D9AE-5F4B-D196-CDAD2BA7BA93">
<bounds x="810" y="230" width="361" height="71"/>
</OView>
<OView class="oracle.dbtools.crest.swingui.relational.TVTable" oid="86B8053D-4AAC-8EC0-FD3A-B10C629CEED5" otype="Table" vid="6BBBF864-224C-E25B-EE15-F3BAB5472606">
<bounds x="948" y="354" width="213" height="67"/>
<generatorID>B7CA61E4-367E-D400-7F65-837F7A40D8AA</generatorID>
</OView>
<OView class="oracle.dbtools.crest.swingui.relational.TVTable" oid="9854424C-2ECC-6D0B-18EB-923C0F02AF8B" otype="Table" vid="8C34D669-1E64-4AE9-8B03-4FAD1C147935">
<bounds x="200" y="40" width="201" height="71"/>
<generatorID>2ADBE955-5EAC-0954-8651-2A908CEB0BE8</generatorID>
</OView>
<OView class="oracle.dbtools.crest.swingui.relational.TVTable" oid="9CCDF5A9-9BC9-ABBF-673D-25DAA97A3BD2" otype="Table" vid="D11941F3-89FE-1080-9B0B-71B9495AD184">
<bounds x="1410" y="398" width="251" height="67"/>
<generatorID>0FE19D09-71C2-02B1-9B55-3F8D50D24A13</generatorID>
</OView>
<OView class="oracle.dbtools.crest.swingui.relational.TVTable" oid="A5326A7E-0158-896F-AB7C-1006AB48BA07" otype="Table" vid="C71328BE-B2CD-0319-01B9-FE443072A47F">
<bounds x="373" y="500" width="178" height="111"/>
<generatorID>9179EFC2-E25D-98DF-8B96-0CF1139DF418</generatorID>
</OView>
<OView class="oracle.dbtools.crest.swingui.relational.TVTable" oid="CF6E6E51-E2D0-F14C-90B3-CE7A67CEEE7B" otype="Table" vid="3B779507-4DC6-1CB8-55E0-055207B9E3DC">
<bounds x="10" y="220" width="401" height="71"/>
</OView>
<OView class="oracle.dbtools.crest.swingui.relational.TVTable" oid="DAC27FAC-4C5A-7EE1-5EA3-7326AAAFF317" otype="Table" vid="D39A142F-2165-F698-F22E-E2F44C3E3F4E">
<bounds x="1094" y="500" width="187" height="141"/>
<generatorID>6AD8D023-754B-ED14-08DD-8ADF592F6B02</generatorID>
</OView>
<OView class="oracle.dbtools.crest.swingui.relational.TVTable" oid="F3D1DB98-10C3-4709-3EE3-73878AA37B50" otype="Table" vid="C6585522-23E4-FC5F-3E3A-F6C6EF51F4F0">
<bounds x="532" y="191" width="189" height="130"/>
<generatorID>0A3520BC-92E7-9CE2-7E14-486B760E69E2</generatorID>
</OView>
</objectViews>
<connectors>
<Connector class="oracle.dbtools.crest.swingui.relational.TVFKRelation" oid="0AF58600-21A7-A18F-9DF3-51B072C20B95" otype="FKIndexAssociation" vid_source="D11941F3-89FE-1080-9B0B-71B9495AD184" vid_target="2EDBD9B2-B6BC-7FF9-4412-813F0DA023B2">
<lineWidth>1</lineWidth>
<points>
<point x="1520" y="398"/>
<point x="1520" y="91"/>
</points>
</Connector>
<Connector class="oracle.dbtools.crest.swingui.relational.TVFKRelation" oid="149FE8E2-11AC-4667-45D1-63F28DEA777E" otype="FKIndexAssociation" vid_source="A7819082-0458-5390-33B0-F3D3D08FDB98" vid_target="C6585522-23E4-FC5F-3E3A-F6C6EF51F4F0">
<lineWidth>1</lineWidth>
<points>
<point x="870" y="81"/>
<point x="721" y="230"/>
</points>
</Connector>
<Connector class="oracle.dbtools.crest.swingui.relational.TVFKRelation" oid="152CEA0B-CB61-BB61-9336-62DEC16CD66B" otype="FKIndexAssociation" vid_source="6BBBF864-224C-E25B-EE15-F3BAB5472606" vid_target="7416406D-D9AE-5F4B-D196-CDAD2BA7BA93">
<lineWidth>1</lineWidth>
<points>
<point x="1054" y="354"/>
<point x="1054" y="301"/>
</points>
</Connector>
<Connector class="oracle.dbtools.crest.swingui.relational.TVFKRelation" oid="1D80F765-09F6-2694-3D3E-034FB0625925" otype="FKIndexAssociation" vid_source="D11941F3-89FE-1080-9B0B-71B9495AD184" vid_target="D39A142F-2165-F698-F22E-E2F44C3E3F4E">
<lineWidth>1</lineWidth>
<points>
<point x="1535" y="465"/>
<point x="1281" y="570"/>
</points>
</Connector>
<Connector class="oracle.dbtools.crest.swingui.relational.TVFKRelation" oid="3574CF2D-FC53-9A75-087E-2022A307830C" otype="FKIndexAssociation" vid_source="207921B8-157E-63CA-68E0-15312A478EEE" vid_target="D39A142F-2165-F698-F22E-E2F44C3E3F4E">
<lineWidth>1</lineWidth>
<points>
<point x="891" y="580"/>
<point x="1094" y="580"/>
</points>
</Connector>
<Connector class="oracle.dbtools.crest.swingui.relational.TVFKRelation" oid="390D4A3E-ABAA-4947-ABB6-824F255D5FE4" otype="FKIndexAssociation" vid_source="1A0E4472-E9D3-A4C0-BAE8-65CEB781593B" vid_target="D39A142F-2165-F698-F22E-E2F44C3E3F4E">
<lineWidth>1</lineWidth>
<points>
<point x="1241" y="351"/>
<point x="1241" y="500"/>
</points>
</Connector>
<Connector class="oracle.dbtools.crest.swingui.relational.TVFKRelation" oid="460DB5D4-0E54-EDDB-4CB6-16F42D374CAF" otype="FKIndexAssociation" vid_source="A7819082-0458-5390-33B0-F3D3D08FDB98" vid_target="2FAB311C-0A6B-31D5-B946-97E3CAB49F55">
<lineWidth>1</lineWidth>
<points>
<point x="1030" y="81"/>
<point x="1030" y="140"/>
</points>
</Connector>
<Connector class="oracle.dbtools.crest.swingui.relational.TVFKRelation" oid="46A7FE30-AAAF-5262-5EA6-DEC887136DF4" otype="FKIndexAssociation" vid_source="A7819082-0458-5390-33B0-F3D3D08FDB98" vid_target="7416406D-D9AE-5F4B-D196-CDAD2BA7BA93">
<lineWidth>1</lineWidth>
<points>
<point x="930" y="81"/>
<point x="930" y="230"/>
</points>
</Connector>
<Connector class="oracle.dbtools.crest.swingui.relational.TVFKRelation" oid="58A5DA49-65FB-0DBF-FF56-33FCD498A847" otype="FKIndexAssociation" vid_source="73BE51AF-61AC-F028-1575-95B2851A7880" vid_target="C6585522-23E4-FC5F-3E3A-F6C6EF51F4F0">
<lineWidth>1</lineWidth>
<points>
<point x="255" y="384"/>
<point x="532" y="300"/>
</points>
</Connector>
<Connector class="oracle.dbtools.crest.swingui.relational.TVFKRelation" oid="5E424659-C708-08CC-6B43-548BDDB9B6B0" otype="FKIndexAssociation" vid_source="A7819082-0458-5390-33B0-F3D3D08FDB98" vid_target="2EDBD9B2-B6BC-7FF9-4412-813F0DA023B2">
<lineWidth>1</lineWidth>
<points>
<point x="1061" y="55"/>
<point x="1170" y="55"/>
</points>
</Connector>
<Connector class="oracle.dbtools.crest.swingui.relational.TVFKRelation" oid="913AAC61-0D54-5005-38DD-C0F1DBEF85B4" otype="FKIndexAssociation" vid_source="C6585522-23E4-FC5F-3E3A-F6C6EF51F4F0" vid_target="D39A142F-2165-F698-F22E-E2F44C3E3F4E">
<lineWidth>1</lineWidth>
<points>
<point x="721" y="290"/>
<point x="1094" y="550"/>
</points>
</Connector>
<Connector class="oracle.dbtools.crest.swingui.relational.TVFKRelation" oid="AB635080-FC7C-4AC6-C9A5-B2230A2EC843" otype="FKIndexAssociation" vid_source="C6585522-23E4-FC5F-3E3A-F6C6EF51F4F0" vid_target="3B779507-4DC6-1CB8-55E0-055207B9E3DC">
<lineWidth>1</lineWidth>
<points>
<point x="532" y="245"/>
<point x="411" y="245"/>
</points>
</Connector>
<Connector class="oracle.dbtools.crest.swingui.relational.TVFKRelation" oid="B372D528-289A-6FEA-5A08-097267433833" otype="FKIndexAssociation" vid_source="C71328BE-B2CD-0319-01B9-FE443072A47F" vid_target="207921B8-157E-63CA-68E0-15312A478EEE">
<lineWidth>1</lineWidth>
<points>
<point x="551" y="566"/>
<point x="699" y="566"/>
</points>
</Connector>
<Connector class="oracle.dbtools.crest.swingui.relational.TVFKRelation" oid="C667E5F4-6225-EE7F-9CE7-B3C7979F7649" otype="FKIndexAssociation" vid_source="6BBBF864-224C-E25B-EE15-F3BAB5472606" vid_target="D39A142F-2165-F698-F22E-E2F44C3E3F4E">
<lineWidth>1</lineWidth>
<points>
<point x="1127" y="421"/>
<point x="1127" y="500"/>
</points>
</Connector>
<Connector class="oracle.dbtools.crest.swingui.relational.TVFKRelation" oid="D3712712-693D-1E5E-F7D0-89B1C7A693F5" otype="FKIndexAssociation" vid_source="0697331D-111A-DC5E-F889-0FFFB7C1E93A" vid_target="3B779507-4DC6-1CB8-55E0-055207B9E3DC">
<lineWidth>1</lineWidth>
<points>
<point x="33" y="275"/>
<point x="411" y="275"/>
</points>
</Connector>
<Connector class="oracle.dbtools.crest.swingui.relational.TVFKRelation" oid="DBE0C006-825A-5E68-BB37-0D2A5EA72A8B" otype="FKIndexAssociation" vid_source="8C34D669-1E64-4AE9-8B03-4FAD1C147935" vid_target="C6585522-23E4-FC5F-3E3A-F6C6EF51F4F0">
<lineWidth>1</lineWidth>
<points>
<point x="300" y="111"/>
<point x="532" y="210"/>
</points>
</Connector>
<Connector class="oracle.dbtools.crest.swingui.relational.TVFKRelation" oid="DE8B8E22-3B02-0DE2-CFA5-43C1F44BFF82" otype="FKIndexAssociation" vid_source="1A0E4472-E9D3-A4C0-BAE8-65CEB781593B" vid_target="2FAB311C-0A6B-31D5-B946-97E3CAB49F55">
<lineWidth>1</lineWidth>
<points>
<point x="1291" y="282"/>
<point x="1291" y="201"/>
</points>
</Connector>
</connectors>
</Diagram>