<?xml version = '1.0' encoding = 'UTF-8'?>
<Diagram class="oracle.dbtools.crest.swingui.logical.DPVLogical" id="21947E07-4E25-8E97-A577-CFD99AC62020">
<createdBy>alumno</createdBy>
<createdTime>2012-11-24 17:18:21 UTC</createdTime>
<autoRoute>false</autoRoute>
<boxInbox>true</boxInbox>
<showLegend>false</showLegend>
<showLabels>false</showLabels>
<showGrid>false</showGrid>
<diagramColor>-1</diagramColor>
<display>false</display>
<notation>1</notation>
<objectViews>
<OView class="oracle.dbtools.crest.swingui.logical.TVEntity" oid="0E71514A-FB63-E1A1-581F-CA828D4E930D" otype="Entity" vid="6FF1689C-8495-01B7-09E0-75F631C3F7A5">
<bounds x="50" y="50" width="170" height="110"/>
</OView>
<OView class="oracle.dbtools.crest.swingui.logical.TVEntity" oid="2090807A-86C7-CBF2-6F5D-4660247E3740" otype="Entity" vid="7C3CCD41-7B5B-9375-E5BB-527987695098">
<bounds x="130" y="210" width="170" height="110"/>
</OView>
<OView class="oracle.dbtools.crest.swingui.logical.TVEntity" oid="27CE60AC-10FB-4771-AAC4-328564D93FFE" otype="Entity" vid="E74FFDA9-481D-F44F-DFC9-CE2724019ECC">
<bounds x="100" y="150" width="170" height="110"/>
</OView>
<OView class="oracle.dbtools.crest.swingui.logical.TVEntity" oid="2A754CC6-1584-7A6E-58A1-BBBEAD87AE28" otype="Entity" vid="3B8EE31F-45E7-8E2A-848A-C5FAEDBE2437">
<bounds x="140" y="230" width="170" height="110"/>
</OView>
<OView class="oracle.dbtools.crest.swingui.logical.TVEntity" oid="335FB04F-F65D-5E09-65DC-39314D8D61A2" otype="Entity" vid="DA3F7393-6393-E429-4E16-5613B9B05B1A">
<bounds x="60" y="70" width="170" height="110"/>
</OView>
<OView class="oracle.dbtools.crest.swingui.logical.TVEntity" oid="3A77605B-5B65-5DBA-F348-E4B607BDC3B1" otype="Entity" vid="E08B205E-B786-866A-4453-E9ABB691EECE">
<bounds x="120" y="190" width="170" height="110"/>
</OView>
<OView class="oracle.dbtools.crest.swingui.logical.TVEntity" oid="5BEB2AC7-B5AA-AA3A-5432-D34C9E300359" otype="Entity" vid="49A838D0-1ED3-C7FE-C076-3E2E11D62330">
<bounds x="80" y="110" width="170" height="110"/>
</OView>
<OView class="oracle.dbtools.crest.swingui.logical.TVEntity" oid="A70BEFDB-81B5-6CD2-E074-E08FF447CD63" otype="Entity" vid="1E89C8CE-625E-73B2-924A-C1557D4B5AD6">
<bounds x="150" y="250" width="170" height="110"/>
</OView>
<OView class="oracle.dbtools.crest.swingui.logical.TVEntity" oid="BC380C76-0863-4D99-7CBC-1464390C7F02" otype="Entity" vid="EBF66711-EB7E-144D-6D28-2B937A6060B1">
<bounds x="90" y="130" width="170" height="110"/>
</OView>
<OView class="oracle.dbtools.crest.swingui.logical.TVEntity" oid="C3B48714-6E12-7A82-1C4E-E7E886632D89" otype="Entity" vid="AF54E9A7-3D7B-1193-8F0B-2C2F766F4C62">
<bounds x="110" y="170" width="170" height="110"/>
</OView>
<OView class="oracle.dbtools.crest.swingui.logical.TVEntity" oid="EBCAD05A-5B4F-E0FF-E476-CB3CA080E624" otype="Entity" vid="554A06E2-F52C-DBD7-7861-131246553624">
<bounds x="70" y="90" width="170" height="110"/>
</OView>
</objectViews>
<connectors>
<Connector class="oracle.dbtools.crest.swingui.logical.TVRelation" oid="0A53920F-2B3E-42AB-6DD2-A1390A21AA90" otype="Relation" vid_source="3B8EE31F-45E7-8E2A-848A-C5FAEDBE2437" vid_target="7C3CCD41-7B5B-9375-E5BB-527987695098">
<lineWidth>1</lineWidth>
<points>
<point x="140" y="275"/>
<point x="300" y="275"/>
</points>
</Connector>
<Connector class="oracle.dbtools.crest.swingui.logical.TVRelation" oid="0ECE9A3C-1045-68AF-0964-156346AFAFED" otype="Relation" vid_source="E08B205E-B786-866A-4453-E9ABB691EECE" vid_target="7C3CCD41-7B5B-9375-E5BB-527987695098">
<lineWidth>1</lineWidth>
<points>
<point x="290" y="255"/>
<point x="130" y="255"/>
</points>
</Connector>
<Connector class="oracle.dbtools.crest.swingui.logical.TVRelation" oid="239ED345-1325-5389-48AA-0194D09634F9" otype="Relation" vid_source="EBF66711-EB7E-144D-6D28-2B937A6060B1" vid_target="E08B205E-B786-866A-4453-E9ABB691EECE">
<lineWidth>1</lineWidth>
<points>
<point x="260" y="215"/>
<point x="120" y="215"/>
</points>
</Connector>
<Connector class="oracle.dbtools.crest.swingui.logical.TVRelation" oid="337B0372-D11E-87C2-A99D-DB45707C0FCB" otype="Relation" vid_source="1E89C8CE-625E-73B2-924A-C1557D4B5AD6" vid_target="3B8EE31F-45E7-8E2A-848A-C5FAEDBE2437">
<lineWidth>1</lineWidth>
<points>
<point x="150" y="295"/>
<point x="310" y="295"/>
</points>
</Connector>
<Connector class="oracle.dbtools.crest.swingui.logical.TVRelation" oid="48CC90DB-2CBE-30A8-C3D3-4D7251A2FBC6" otype="Relation" vid_source="EBF66711-EB7E-144D-6D28-2B937A6060B1" vid_target="AF54E9A7-3D7B-1193-8F0B-2C2F766F4C62">
<lineWidth>1</lineWidth>
<points>
<point x="260" y="205"/>
<point x="110" y="205"/>
</points>
</Connector>
<Connector class="oracle.dbtools.crest.swingui.logical.TVRelation" oid="6147AAFF-6E4C-F50F-71A3-47E9B19FAE63" otype="Relation" vid_source="EBF66711-EB7E-144D-6D28-2B937A6060B1" vid_target="49A838D0-1ED3-C7FE-C076-3E2E11D62330">
<lineWidth>1</lineWidth>
<points>
<point x="90" y="175"/>
<point x="250" y="175"/>
</points>
</Connector>
<Connector class="oracle.dbtools.crest.swingui.logical.TVRelation" oid="64CE9200-88C5-015B-1E26-6D48139C2173" otype="Relation" vid_source="E74FFDA9-481D-F44F-DFC9-CE2724019ECC" vid_target="7C3CCD41-7B5B-9375-E5BB-527987695098">
<lineWidth>1</lineWidth>
<points>
<point x="270" y="235"/>
<point x="130" y="235"/>
</points>
</Connector>
<Connector class="oracle.dbtools.crest.swingui.logical.TVRelation" oid="7A89500D-5374-9C87-D434-650DEC47CA81" otype="Relation" vid_source="49A838D0-1ED3-C7FE-C076-3E2E11D62330" vid_target="7C3CCD41-7B5B-9375-E5BB-527987695098">
<lineWidth>1</lineWidth>
<points>
<point x="250" y="215"/>
<point x="130" y="215"/>
</points>
</Connector>
<Connector class="oracle.dbtools.crest.swingui.logical.TVRelation" oid="9E2700F5-C312-BD1D-D4AE-43FCFB489D49" otype="Relation" vid_source="554A06E2-F52C-DBD7-7861-131246553624" vid_target="49A838D0-1ED3-C7FE-C076-3E2E11D62330">
<lineWidth>1</lineWidth>
<points>
<point x="240" y="165"/>
<point x="80" y="165"/>
</points>
</Connector>
<Connector class="oracle.dbtools.crest.swingui.logical.TVRelation" oid="AA20B48D-4D80-9365-09A0-7D4DFA7346E3" otype="Relation" vid_source="AF54E9A7-3D7B-1193-8F0B-2C2F766F4C62" vid_target="7C3CCD41-7B5B-9375-E5BB-527987695098">
<lineWidth>1</lineWidth>
<points>
<point x="280" y="245"/>
<point x="130" y="245"/>
</points>
</Connector>
<Connector class="oracle.dbtools.crest.swingui.logical.TVRelation" oid="C774676F-26CC-9C7D-28AA-6DE85C0BBD84" otype="Relation" vid_source="DA3F7393-6393-E429-4E16-5613B9B05B1A" vid_target="49A838D0-1ED3-C7FE-C076-3E2E11D62330">
<lineWidth>1</lineWidth>
<points>
<point x="230" y="145"/>
<point x="80" y="145"/>
</points>
</Connector>
<Connector class="oracle.dbtools.crest.swingui.logical.TVRelation" oid="D026F18E-CC6E-1DA2-2D0C-8E43D81DDBD5" otype="Relation" vid_source="6FF1689C-8495-01B7-09E0-75F631C3F7A5" vid_target="49A838D0-1ED3-C7FE-C076-3E2E11D62330">
<lineWidth>1</lineWidth>
<points>
<point x="220" y="135"/>
<point x="80" y="135"/>
</points>
</Connector>
<Connector class="oracle.dbtools.crest.swingui.logical.TVRelation" oid="FF10B233-66C7-7702-49D7-429E8259C4AA" otype="Relation" vid_source="EBF66711-EB7E-144D-6D28-2B937A6060B1" vid_target="E74FFDA9-481D-F44F-DFC9-CE2724019ECC">
<lineWidth>1</lineWidth>
<points>
<point x="260" y="195"/>
<point x="100" y="195"/>
</points>
</Connector>
</connectors>
</Diagram>