<?xml version = '1.0' encoding = 'UTF-8'?>
<Diagram class="oracle.dbtools.crest.swingui.logical.DPVLogicalSubView" name="Subvista_muebles" id="D501E7A3-6168-82E3-D39A-89C9A54439A0">
<createdBy>alumno</createdBy>
<createdTime>2012-11-24 17:18:21 UTC</createdTime>
<autoRoute>false</autoRoute>
<boxInbox>true</boxInbox>
<showLegend>false</showLegend>
<showLabels>false</showLabels>
<showGrid>false</showGrid>
<diagramColor>-1</diagramColor>
<display>false</display>
<notation>1</notation>
<objectViews>
<OView class="oracle.dbtools.crest.swingui.logical.TVEntity" oid="0E71514A-FB63-E1A1-581F-CA828D4E930D" otype="Entity" vid="D847E1E6-F8D5-EACB-E659-E84F5F793D9B">
<bounds x="33" y="239" width="108" height="52"/>
</OView>
<OView class="oracle.dbtools.crest.swingui.logical.TVEntity" oid="2090807A-86C7-CBF2-6F5D-4660247E3740" otype="Entity" vid="6AD8D023-754B-ED14-08DD-8ADF592F6B02">
<bounds x="914" y="290" width="107" height="83"/>
</OView>
<OView class="oracle.dbtools.crest.swingui.logical.TVEntity" oid="27CE60AC-10FB-4771-AAC4-328564D93FFE" otype="Entity" vid="B7CA61E4-367E-D400-7F65-837F7A40D8AA">
<bounds x="568" y="184" width="114" height="50"/>
</OView>
<OView class="oracle.dbtools.crest.swingui.logical.TVEntity" oid="2A754CC6-1584-7A6E-58A1-BBBEAD87AE28" otype="Entity" vid="510814A7-BB60-6FF0-5EBA-CF99609F63F4">
<bounds x="649" y="392" width="118" height="62"/>
</OView>
<OView class="oracle.dbtools.crest.swingui.logical.TVEntity" oid="335FB04F-F65D-5E09-65DC-39314D8D61A2" otype="Entity" vid="809B8550-FE16-9DE0-1CD4-52215AAF92B8">
<bounds x="20" y="374" width="144" height="57"/>
</OView>
<OView class="oracle.dbtools.crest.swingui.logical.TVEntity" oid="3A77605B-5B65-5DBA-F348-E4B607BDC3B1" otype="Entity" vid="0FE19D09-71C2-02B1-9B55-3F8D50D24A13">
<bounds x="959" y="38" width="149" height="67"/>
</OView>
<OView class="oracle.dbtools.crest.swingui.logical.TVEntity" oid="5BEB2AC7-B5AA-AA3A-5432-D34C9E300359" otype="Entity" vid="0A3520BC-92E7-9CE2-7E14-486B760E69E2">
<bounds x="302" y="181" width="99" height="120"/>
</OView>
<OView class="oracle.dbtools.crest.swingui.logical.TVEntity" oid="A70BEFDB-81B5-6CD2-E074-E08FF447CD63" otype="Entity" vid="9179EFC2-E25D-98DF-8B96-0CF1139DF418">
<bounds x="393" y="380" width="98" height="91"/>
</OView>
<OView class="oracle.dbtools.crest.swingui.logical.TVEntity" oid="BC380C76-0863-4D99-7CBC-1464390C7F02" otype="Entity" vid="F8C80265-5F02-595C-A983-98373AA6D849">
<bounds x="500" y="46" width="141" height="55"/>
</OView>
<OView class="oracle.dbtools.crest.swingui.logical.TVEntity" oid="C3B48714-6E12-7A82-1C4E-E7E886632D89" otype="Entity" vid="33BC268E-59BC-9565-5F1D-828CD48F54E3">
<bounds x="731" y="122" width="136" height="49"/>
</OView>
<OView class="oracle.dbtools.crest.swingui.TVNote" oid="E914E837-E297-CFE4-BF4E-01C0DEEFA216" otype="Note" vid="772A50A8-5FAD-4177-A142-8A80A8EE3995">
<bounds x="180" y="20" width="210" height="61"/>
</OView>
<OView class="oracle.dbtools.crest.swingui.logical.TVEntity" oid="EBCAD05A-5B4F-E0FF-E476-CB3CA080E624" otype="Entity" vid="2ADBE955-5EAC-0954-8651-2A908CEB0BE8">
<bounds x="30" y="110" width="116" height="52"/>
</OView>
</objectViews>
<connectors>
<Connector class="oracle.dbtools.crest.swingui.logical.TVRelation" oid="0A53920F-2B3E-42AB-6DD2-A1390A21AA90" otype="Relation" vid_source="510814A7-BB60-6FF0-5EBA-CF99609F63F4" vid_target="6AD8D023-754B-ED14-08DD-8ADF592F6B02">
<lineWidth>1</lineWidth>
<points>
<point x="767" y="423"/>
<point x="914" y="350"/>
</points>
</Connector>
<Connector class="oracle.dbtools.crest.swingui.logical.TVRelation" oid="0ECE9A3C-1045-68AF-0964-156346AFAFED" otype="Relation" vid_source="0FE19D09-71C2-02B1-9B55-3F8D50D24A13" vid_target="6AD8D023-754B-ED14-08DD-8ADF592F6B02">
<lineWidth>1</lineWidth>
<points>
<point x="990" y="105"/>
<point x="990" y="290"/>
</points>
</Connector>
<Connector class="oracle.dbtools.crest.swingui.logical.TVRelation" oid="239ED345-1325-5389-48AA-0194D09634F9" otype="Relation" vid_source="F8C80265-5F02-595C-A983-98373AA6D849" vid_target="0FE19D09-71C2-02B1-9B55-3F8D50D24A13">
<lineWidth>1</lineWidth>
<points>
<point x="641" y="73"/>
<point x="959" y="73"/>
</points>
</Connector>
<Connector class="oracle.dbtools.crest.swingui.logical.TVRelation" oid="337B0372-D11E-87C2-A99D-DB45707C0FCB" otype="Relation" vid_source="9179EFC2-E25D-98DF-8B96-0CF1139DF418" vid_target="510814A7-BB60-6FF0-5EBA-CF99609F63F4">
<lineWidth>1</lineWidth>
<points>
<point x="491" y="423"/>
<point x="649" y="423"/>
</points>
</Connector>
<Connector class="oracle.dbtools.crest.swingui.logical.TVRelation" oid="48CC90DB-2CBE-30A8-C3D3-4D7251A2FBC6" otype="Relation" vid_source="F8C80265-5F02-595C-A983-98373AA6D849" vid_target="33BC268E-59BC-9565-5F1D-828CD48F54E3">
<lineWidth>1</lineWidth>
<points>
<point x="620" y="101"/>
<point x="731" y="146"/>
</points>
</Connector>
<Connector class="oracle.dbtools.crest.swingui.logical.TVRelation" oid="6147AAFF-6E4C-F50F-71A3-47E9B19FAE63" otype="Relation" vid_source="F8C80265-5F02-595C-A983-98373AA6D849" vid_target="0A3520BC-92E7-9CE2-7E14-486B760E69E2">
<lineWidth>1</lineWidth>
<points>
<point x="540" y="101"/>
<point x="401" y="210"/>
</points>
</Connector>
<Connector class="oracle.dbtools.crest.swingui.logical.TVRelation" oid="64CE9200-88C5-015B-1E26-6D48139C2173" otype="Relation" vid_source="B7CA61E4-367E-D400-7F65-837F7A40D8AA" vid_target="6AD8D023-754B-ED14-08DD-8ADF592F6B02">
<lineWidth>1</lineWidth>
<points>
<point x="682" y="209"/>
<point x="914" y="310"/>
</points>
</Connector>
<Connector class="oracle.dbtools.crest.swingui.logical.TVRelation" oid="7A89500D-5374-9C87-D434-650DEC47CA81" otype="Relation" vid_source="0A3520BC-92E7-9CE2-7E14-486B760E69E2" vid_target="6AD8D023-754B-ED14-08DD-8ADF592F6B02">
<lineWidth>1</lineWidth>
<points>
<point x="401" y="260"/>
<point x="914" y="330"/>
</points>
</Connector>
<Connector class="oracle.dbtools.crest.swingui.logical.TVRelation" oid="9E2700F5-C312-BD1D-D4AE-43FCFB489D49" otype="Relation" vid_source="2ADBE955-5EAC-0954-8651-2A908CEB0BE8" vid_target="0A3520BC-92E7-9CE2-7E14-486B760E69E2">
<lineWidth>1</lineWidth>
<points>
<point x="146" y="136"/>
<point x="302" y="210"/>
</points>
</Connector>
<Connector class="oracle.dbtools.crest.swingui.logical.TVRelation" oid="AA20B48D-4D80-9365-09A0-7D4DFA7346E3" otype="Relation" vid_source="33BC268E-59BC-9565-5F1D-828CD48F54E3" vid_target="6AD8D023-754B-ED14-08DD-8ADF592F6B02">
<lineWidth>1</lineWidth>
<points>
<point x="799" y="171"/>
<point x="967" y="290"/>
</points>
</Connector>
<Connector class="oracle.dbtools.crest.swingui.logical.TVRelation" oid="C774676F-26CC-9C7D-28AA-6DE85C0BBD84" otype="Relation" vid_source="809B8550-FE16-9DE0-1CD4-52215AAF92B8" vid_target="0A3520BC-92E7-9CE2-7E14-486B760E69E2">
<lineWidth>1</lineWidth>
<points>
<point x="92" y="374"/>
<point x="302" y="280"/>
</points>
</Connector>
<Connector class="oracle.dbtools.crest.swingui.logical.TVRelation" oid="D026F18E-CC6E-1DA2-2D0C-8E43D81DDBD5" otype="Relation" vid_source="D847E1E6-F8D5-EACB-E659-E84F5F793D9B" vid_target="0A3520BC-92E7-9CE2-7E14-486B760E69E2">
<lineWidth>1</lineWidth>
<points>
<point x="141" y="265"/>
<point x="302" y="250"/>
</points>
</Connector>
<Connector class="oracle.dbtools.crest.swingui.logical.TVRelation" oid="FF10B233-66C7-7702-49D7-429E8259C4AA" otype="Relation" vid_source="F8C80265-5F02-595C-A983-98373AA6D849" vid_target="B7CA61E4-367E-D400-7F65-837F7A40D8AA">
<lineWidth>1</lineWidth>
<points>
<point x="580" y="101"/>
<point x="604" y="184"/>
</points>
</Connector>
</connectors>
</Diagram>