<?xml version = '1.0' encoding = 'UTF-8'?>
<Diagram class="oracle.dbtools.crest.swingui.datatypes.DPVDataTypes" id="D6774B3C-2FED-6562-98BB-744C90B76E4F">
<createdBy>alumno</createdBy>
<createdTime>2012-11-20 16:51:50 UTC</createdTime>
<autoRoute>false</autoRoute>
<boxInbox>true</boxInbox>
<showLegend>false</showLegend>
<showLabels>false</showLabels>
<showGrid>false</showGrid>
<diagramColor>-1</diagramColor>
<display>false</display>
<notation>1</notation>
<objectViews>
<OView class="oracle.dbtools.crest.swingui.datatypes.TVStructuredType" oid="47E390DE-0671-C4B1-8428-0F45CBEE18F8" otype="StructuredType" vid="8FB5C2A7-6223-BC9A-3FD6-D4A224018F33">
<bounds x="20" y="20" width="100" height="100"/>
</OView>
<OView class="oracle.dbtools.crest.swingui.datatypes.TVStructuredType" oid="F72C39E0-D1CA-8821-2AD7-A1E95A37D3D1" otype="StructuredType" vid="DDBDF9CF-0511-9378-A9EE-3F5EF0C01A68">
<bounds x="20" y="20" width="100" height="100"/>
</OView>
</objectViews>
</Diagram>