<?xml version = '1.0' encoding = 'UTF-8'?>
<Relation class="oracle.dbtools.crest.model.design.logical.Relation" name="Coleccion_Color" id="33FD68F0-A87A-1B23-00D4-A3D2C1D70762" directorySegmentName="seg_0">
<createdBy>alumno</createdBy>
<createdTime>2012-10-17 20:34:35 UTC</createdTime>
<generatorID>Generado por el Usuario</generatorID>
<ownerDesignName>ejercicio_datamodeler</ownerDesignName>
<engineerTo>
<item key="CCC06DEB-33CA-851D-668E-799A49D30215" value="true"/>
</engineerTo>
<identifying>false</identifying>
<optionalSource>false</optionalSource>
<optionalTarget>false</optionalTarget>
<sourceCardinality>*</sourceCardinality>
<sourceEntity>E531E5D6-88E5-97EC-1929-4AE5C85C5FD7</sourceEntity>
<targetCardinalityString>*</targetCardinalityString>
<targetEntity>B58E5829-4F97-178F-C33D-31E09D4667C6</targetEntity>
<transferable>true</transferable>
</Relation>