<?xml version = '1.0' encoding = 'UTF-8'?>
<Relation class="oracle.dbtools.crest.model.design.logical.Relation" name="Usuario_Pedido" id="51DD1054-81AE-C288-D70D-A5C628F3008B" directorySegmentName="seg_0">
<createdBy>alumno</createdBy>
<createdTime>2012-10-17 20:32:17 UTC</createdTime>
<generatorID>Generado por el Usuario</generatorID>
<ownerDesignName>ejercicio_datamodeler</ownerDesignName>
<engineerTo>
<item key="CCC06DEB-33CA-851D-668E-799A49D30215" value="true"/>
</engineerTo>
<identifying>false</identifying>
<nameOnSource>Usuario</nameOnSource>
<nameOnTarget>Pedido</nameOnTarget>
<optionalSource>false</optionalSource>
<optionalTarget>true</optionalTarget>
<sourceCardinality>*</sourceCardinality>
<sourceEntity>8E10E1A6-BAC0-705D-CB7C-97B103BD7A37</sourceEntity>
<targetCardinalityString>1</targetCardinalityString>
<targetEntity>6F4484DB-7DDE-D9C5-84CB-584A8ED7E6B2</targetEntity>
<transferable>true</transferable>
</Relation>