<?xml version = '1.0' encoding = 'UTF-8'?>
<Relation class="oracle.dbtools.crest.model.design.logical.Relation" name="Muebles_Temporada" id="549B22CF-4898-B0EE-2CAD-AD209D5136BF" directorySegmentName="seg_0">
<createdBy>alumno</createdBy>
<createdTime>2012-10-17 20:27:42 UTC</createdTime>
<generatorID>Generado por el Usuario</generatorID>
<ownerDesignName>ejercicio_datamodeler</ownerDesignName>
<engineerTo>
<item key="CCC06DEB-33CA-851D-668E-799A49D30215" value="true"/>
</engineerTo>
<identifying>false</identifying>
<nameOnSource>Mueble</nameOnSource>
<nameOnTarget>Temporada</nameOnTarget>
<optionalSource>false</optionalSource>
<optionalTarget>false</optionalTarget>
<sourceCardinality>*</sourceCardinality>
<sourceEntity>A938B400-8BC8-E5A3-9476-731ECC56D574</sourceEntity>
<targetCardinalityString>*</targetCardinalityString>
<targetEntity>9AC3595A-A265-137E-946E-F4B98E2F6BCE</targetEntity>
<transferable>true</transferable>
</Relation>