<?xml version = '1.0' encoding = 'UTF-8'?>
<Relation class="oracle.dbtools.crest.model.design.logical.Relation" name="LineaPedido_Color" id="8D3BA520-00E0-7F70-6A6D-44F917DE1921" directorySegmentName="seg_0">
<createdBy>alumno</createdBy>
<createdTime>2012-10-17 20:38:11 UTC</createdTime>
<generatorID>Generado por el Usuario</generatorID>
<ownerDesignName>ejercicio_datamodeler</ownerDesignName>
<engineerTo>
<item key="CCC06DEB-33CA-851D-668E-799A49D30215" value="true"/>
</engineerTo>
<identifying>false</identifying>
<optionalSource>false</optionalSource>
<optionalTarget>true</optionalTarget>
<sourceCardinality>*</sourceCardinality>
<sourceEntity>96324CAD-47FD-F7AE-D7EA-99ED268602FA</sourceEntity>
<targetCardinalityString>1</targetCardinalityString>
<targetEntity>B58E5829-4F97-178F-C33D-31E09D4667C6</targetEntity>
<transferable>true</transferable>
</Relation>