<?xml version = '1.0' encoding = 'UTF-8'?>
<Relation class="oracle.dbtools.crest.model.design.logical.Relation" name="LineaPedido_Terminacion" id="96A149EE-140B-23A1-A230-5091D4EA72DC" directorySegmentName="seg_0">
<createdBy>alumno</createdBy>
<createdTime>2012-10-17 20:37:46 UTC</createdTime>
<generatorID>Generado por el Usuario</generatorID>
<ownerDesignName>ejercicio_datamodeler</ownerDesignName>
<engineerTo>
<item key="CCC06DEB-33CA-851D-668E-799A49D30215" value="true"/>
</engineerTo>
<identifying>false</identifying>
<optionalSource>false</optionalSource>
<optionalTarget>true</optionalTarget>
<sourceCardinality>*</sourceCardinality>
<sourceEntity>96324CAD-47FD-F7AE-D7EA-99ED268602FA</sourceEntity>
<targetCardinalityString>1</targetCardinalityString>
<targetEntity>B2861BE9-ADA4-4BB7-392F-66131FE7CDD5</targetEntity>
<transferable>true</transferable>
</Relation>