<?xml version = '1.0' encoding = 'UTF-8'?>
<Relation class="oracle.dbtools.crest.model.design.logical.Relation" name="Coleccion_Terminacion" id="EAAEB5E3-41A0-6F88-92CB-A3C7D0C0DAB0" directorySegmentName="seg_0">
<createdBy>alumno</createdBy>
<createdTime>2012-10-17 20:34:31 UTC</createdTime>
<generatorID>Generado por el Usuario</generatorID>
<ownerDesignName>ejercicio_datamodeler</ownerDesignName>
<engineerTo>
<item key="CCC06DEB-33CA-851D-668E-799A49D30215" value="true"/>
</engineerTo>
<identifying>false</identifying>
<optionalSource>false</optionalSource>
<optionalTarget>false</optionalTarget>
<sourceCardinality>*</sourceCardinality>
<sourceEntity>E531E5D6-88E5-97EC-1929-4AE5C85C5FD7</sourceEntity>
<targetCardinalityString>*</targetCardinalityString>
<targetEntity>B2861BE9-ADA4-4BB7-392F-66131FE7CDD5</targetEntity>
<transferable>true</transferable>
</Relation>