<?xml version = '1.0' encoding = 'UTF-8'?>
<Diagram class="oracle.dbtools.crest.swingui.logical.DPVLogicalSubView" name="Logical - SubView_1" id="53977754-8E5D-BD4A-7931-5176467B32E1">
<createdBy>alumno</createdBy>
<createdTime>2012-10-17 18:30:41 UTC</createdTime>
<autoRoute>false</autoRoute>
<boxInbox>true</boxInbox>
<showLegend>false</showLegend>
<showLabels>false</showLabels>
<showGrid>false</showGrid>
<diagramColor>-1</diagramColor>
<display>false</display>
<notation>1</notation>
<objectViews>
<OView class="oracle.dbtools.crest.swingui.logical.TVEntity" oid="16AA4DDD-29FC-DBEA-0507-6D32A55D6EE9" otype="Entity" vid="7CA13ACD-394F-8D90-6C64-DCD19AABA2CC">
<bounds x="79" y="28" width="82" height="73"/>
</OView>
<OView class="oracle.dbtools.crest.swingui.logical.TVEntity" oid="1F9E5084-4A87-BDE0-D131-F12BF8CD261E" otype="Entity" vid="537A958B-03F2-6DC0-7CB0-765FBC06D4A5">
<bounds x="57" y="152" width="84" height="99"/>
</OView>
<OView class="oracle.dbtools.crest.swingui.logical.TVEntity" oid="24B4F42B-C750-FD3A-B7F0-B94DCC9670E0" otype="Entity" vid="4793922C-6939-BB61-58DE-C361F30AEA6B">
<bounds x="579" y="29" width="92" height="42"/>
</OView>
<OView class="oracle.dbtools.crest.swingui.logical.TVEntity" oid="4518B2E7-0B2F-0923-5B4C-97E5D0B77E55" otype="Entity" vid="03F7986E-9D8E-BFDF-3A5D-2CFA61D400CF">
<bounds x="37" y="309" width="124" height="72"/>
</OView>
<OView class="oracle.dbtools.crest.swingui.logical.TVEntity" oid="49EEADE9-53FC-31DC-5954-A6A2BEB7695E" otype="Entity" vid="127F000F-C1F5-50AD-E680-881824323B3C">
<bounds x="568" y="130" width="123" height="35"/>
</OView>
<OView class="oracle.dbtools.crest.swingui.logical.TVEntity" oid="562DCF54-C1AF-5CC3-A564-67E0595334C1" otype="Entity" vid="C72748F6-54A0-0122-E945-275D0E5D12AB">
<bounds x="563" y="79" width="118" height="42"/>
</OView>
<OView class="oracle.dbtools.crest.swingui.logical.TVEntity" oid="7DD11B67-8859-C510-D7C4-BFD47EAE5DD3" otype="Entity" vid="565C81D7-68CE-B95F-D1B1-4EC794B5848C">
<bounds x="270" y="316" width="91" height="45"/>
</OView>
<OView class="oracle.dbtools.crest.swingui.logical.TVEntity" oid="8326A778-1B4C-E0D2-4328-9FA8E02E613E" otype="Entity" vid="63BF3A92-19F3-631F-BF53-F144D17F8182">
<bounds x="365" y="40" width="116" height="141"/>
</OView>
<OView class="oracle.dbtools.crest.swingui.logical.TVEntity" oid="B127DC33-9651-DDED-3B10-727FF492559A" otype="Entity" vid="2BE9ABB1-9165-559C-5445-3E86300FBD21">
<bounds x="310" y="428" width="121" height="63"/>
</OView>
<OView class="oracle.dbtools.crest.swingui.TVNote" oid="B5BEBF72-E500-7D03-B573-E51D1EC2B7FF" otype="Note" vid="B3DACBFE-583D-398E-6DD2-62DD48704AF3">
<bounds x="580" y="460" width="92" height="31"/>
</OView>
<OView class="oracle.dbtools.crest.swingui.logical.TVEntity" oid="D4E3FB58-CBFB-1EB0-7EF1-9F9E9C90CBBF" otype="Entity" vid="9EE92624-FE43-882A-BF09-C706964EB9F7">
<bounds x="448" y="247" width="123" height="84"/>
</OView>
<OView class="oracle.dbtools.crest.swingui.logical.TVEntity" oid="E16DD4A4-B1E3-BAC4-BCD5-E34902D422D8" otype="Entity" vid="60E1B510-502C-1BAA-05B9-FCE5DCE083B5">
<bounds x="270" y="215" width="91" height="56"/>
</OView>
</objectViews>
<connectors>
<Connector class="oracle.dbtools.crest.swingui.logical.TVRelation" oid="00AD62AD-7E4C-55F3-5C8F-0453CACD7700" otype="Relation" vid_source="03F7986E-9D8E-BFDF-3A5D-2CFA61D400CF" vid_target="60E1B510-502C-1BAA-05B9-FCE5DCE083B5">
<lineWidth>1</lineWidth>
<points>
<point x="161" y="320"/>
<point x="270" y="243"/>
</points>
</Connector>
<Connector class="oracle.dbtools.crest.swingui.logical.TVRelation" oid="0B3FEE3D-F307-6767-D74E-E4DB1134E077" otype="Relation" vid_source="63BF3A92-19F3-631F-BF53-F144D17F8182" vid_target="C72748F6-54A0-0122-E945-275D0E5D12AB">
<lineWidth>1</lineWidth>
<points>
<point x="481" y="100"/>
<point x="563" y="100"/>
</points>
</Connector>
<Connector class="oracle.dbtools.crest.swingui.logical.TVRelation" oid="14EAD762-DF56-9A2E-33ED-CE4E6308A455" otype="Relation" vid_source="63BF3A92-19F3-631F-BF53-F144D17F8182" vid_target="127F000F-C1F5-50AD-E680-881824323B3C">
<lineWidth>1</lineWidth>
<points>
<point x="481" y="147"/>
<point x="568" y="147"/>
</points>
</Connector>
<Connector class="oracle.dbtools.crest.swingui.logical.TVRelation" oid="1700E2B1-EDC5-1F2A-DE55-352AA7C2ADDB" otype="Relation" vid_source="03F7986E-9D8E-BFDF-3A5D-2CFA61D400CF" vid_target="2BE9ABB1-9165-559C-5445-3E86300FBD21">
<lineWidth>1</lineWidth>
<points>
<point x="161" y="370"/>
<point x="310" y="459"/>
</points>
</Connector>
<Connector class="oracle.dbtools.crest.swingui.logical.TVRelation" oid="38514232-B934-C1FE-942B-A09CCF2B870B" otype="Relation" vid_source="63BF3A92-19F3-631F-BF53-F144D17F8182" vid_target="9EE92624-FE43-882A-BF09-C706964EB9F7">
<lineWidth>1</lineWidth>
<points>
<point x="434" y="181"/>
<point x="490" y="247"/>
</points>
</Connector>
<Connector class="oracle.dbtools.crest.swingui.logical.TVRelation" oid="420E3890-0697-F65F-6166-EFC48F8109A1" otype="Relation" vid_source="537A958B-03F2-6DC0-7CB0-765FBC06D4A5" vid_target="03F7986E-9D8E-BFDF-3A5D-2CFA61D400CF">
<lineWidth>1</lineWidth>
<points>
<point x="99" y="251"/>
<point x="99" y="309"/>
</points>
</Connector>
<Connector class="oracle.dbtools.crest.swingui.logical.TVRelation" oid="5A129B02-4581-7056-E6E8-8D115EC5BF6B" otype="Relation" vid_source="9EE92624-FE43-882A-BF09-C706964EB9F7" vid_target="60E1B510-502C-1BAA-05B9-FCE5DCE083B5">
<lineWidth>1</lineWidth>
<points>
<point x="448" y="280"/>
<point x="361" y="259"/>
</points>
</Connector>
<Connector class="oracle.dbtools.crest.swingui.logical.TVRelation" oid="773384F8-C5BF-E8AA-E1EB-ED8733D01AB1" otype="Relation" vid_source="7CA13ACD-394F-8D90-6C64-DCD19AABA2CC" vid_target="537A958B-03F2-6DC0-7CB0-765FBC06D4A5">
<lineWidth>1</lineWidth>
<points>
<point x="110" y="101"/>
<point x="110" y="152"/>
</points>
</Connector>
<Connector class="oracle.dbtools.crest.swingui.logical.TVRelation" oid="9921D174-DD07-9E5D-2082-BF80F1844677" otype="Relation" vid_source="63BF3A92-19F3-631F-BF53-F144D17F8182" vid_target="4793922C-6939-BB61-58DE-C361F30AEA6B">
<lineWidth>1</lineWidth>
<points>
<point x="481" y="55"/>
<point x="579" y="55"/>
</points>
</Connector>
<Connector class="oracle.dbtools.crest.swingui.logical.TVRelation" oid="AE4C2474-85CB-B5B6-D31D-EE1ABC9CECFB" otype="Relation" vid_source="9EE92624-FE43-882A-BF09-C706964EB9F7" vid_target="565C81D7-68CE-B95F-D1B1-4EC794B5848C">
<lineWidth>1</lineWidth>
<points>
<point x="448" y="321"/>
<point x="361" y="330"/>
</points>
</Connector>
<Connector class="oracle.dbtools.crest.swingui.logical.TVRelation" oid="B463FAEE-C361-C990-D4B1-F63091916FDC" otype="Relation" vid_source="03F7986E-9D8E-BFDF-3A5D-2CFA61D400CF" vid_target="565C81D7-68CE-B95F-D1B1-4EC794B5848C">
<lineWidth>1</lineWidth>
<points>
<point x="161" y="340"/>
<point x="270" y="328"/>
</points>
</Connector>
<Connector class="oracle.dbtools.crest.swingui.logical.TVRelation" oid="E06ABAE7-1ACA-5140-D7A9-8B5555075125" otype="Relation" vid_source="03F7986E-9D8E-BFDF-3A5D-2CFA61D400CF" vid_target="63BF3A92-19F3-631F-BF53-F144D17F8182">
<lineWidth>1</lineWidth>
<points>
<point x="99" y="309"/>
<point x="365" y="110"/>
</points>
</Connector>
<Connector class="oracle.dbtools.crest.swingui.logical.TVRelation" oid="E79A848E-FB9B-27DD-5859-E35FC53B2029" otype="Relation" vid_source="9EE92624-FE43-882A-BF09-C706964EB9F7" vid_target="2BE9ABB1-9165-559C-5445-3E86300FBD21">
<lineWidth>1</lineWidth>
<points>
<point x="509" y="331"/>
<point x="370" y="428"/>
</points>
</Connector>
</connectors>
</Diagram>