<?xml version = '1.0' encoding = 'UTF-8'?>
<Diagram class="oracle.dbtools.crest.swingui.logical.DPVLogical" id="D1151BBF-07D1-D6C3-001C-A4AA795F06BC">
<createdBy>alumno</createdBy>
<createdTime>2012-10-17 18:29:52 UTC</createdTime>
<autoRoute>false</autoRoute>
<boxInbox>true</boxInbox>
<showLegend>false</showLegend>
<showLabels>false</showLabels>
<showGrid>false</showGrid>
<diagramColor>-1</diagramColor>
<display>false</display>
<notation>1</notation>
<objectViews>
<OView class="oracle.dbtools.crest.swingui.logical.TVEntity" oid="16AA4DDD-29FC-DBEA-0507-6D32A55D6EE9" otype="Entity" vid="A1ACBC97-5347-4D15-31E3-1EC524B68135">
<bounds x="160" y="270" width="170" height="110"/>
</OView>
<OView class="oracle.dbtools.crest.swingui.logical.TVEntity" oid="1F9E5084-4A87-BDE0-D131-F12BF8CD261E" otype="Entity" vid="067F36AC-B3FA-7FD3-53A3-B83FA8FB6AC8">
<bounds x="170" y="290" width="170" height="110"/>
</OView>
<OView class="oracle.dbtools.crest.swingui.logical.TVEntity" oid="24B4F42B-C750-FD3A-B7F0-B94DCC9670E0" otype="Entity" vid="16CD5205-D3A7-D2E8-2AA9-DA49E700FE1B">
<bounds x="210" y="370" width="170" height="110"/>
</OView>
<OView class="oracle.dbtools.crest.swingui.logical.TVEntity" oid="4518B2E7-0B2F-0923-5B4C-97E5D0B77E55" otype="Entity" vid="843384B5-C9BD-D13B-349F-C2E1687F4943">
<bounds x="180" y="310" width="170" height="110"/>
</OView>
<OView class="oracle.dbtools.crest.swingui.logical.TVEntity" oid="49EEADE9-53FC-31DC-5954-A6A2BEB7695E" otype="Entity" vid="BC14164E-370E-31BD-3989-6F0DA29A141C">
<bounds x="110" y="170" width="170" height="110"/>
</OView>
<OView class="oracle.dbtools.crest.swingui.logical.TVEntity" oid="562DCF54-C1AF-5CC3-A564-67E0595334C1" otype="Entity" vid="AF21CE5E-268B-5407-145A-FBCC3BB6D97C">
<bounds x="200" y="350" width="170" height="110"/>
</OView>
<OView class="oracle.dbtools.crest.swingui.logical.TVEntity" oid="7DD11B67-8859-C510-D7C4-BFD47EAE5DD3" otype="Entity" vid="D700FAF9-E5ED-B6B6-0A72-F40EBECC8F84">
<bounds x="150" y="250" width="170" height="110"/>
</OView>
<OView class="oracle.dbtools.crest.swingui.logical.TVEntity" oid="8326A778-1B4C-E0D2-4328-9FA8E02E613E" otype="Entity" vid="005554A5-6CDE-EA0E-2934-7F7C65639E08">
<bounds x="100" y="150" width="170" height="110"/>
</OView>
<OView class="oracle.dbtools.crest.swingui.logical.TVEntity" oid="B127DC33-9651-DDED-3B10-727FF492559A" otype="Entity" vid="28B10935-61B6-F559-5542-DEA3A02EC1A8">
<bounds x="140" y="230" width="170" height="110"/>
</OView>
<OView class="oracle.dbtools.crest.swingui.logical.TVEntity" oid="D4E3FB58-CBFB-1EB0-7EF1-9F9E9C90CBBF" otype="Entity" vid="D6549821-0B2F-3FAC-AA36-1FF46BB8B9EB">
<bounds x="120" y="190" width="170" height="110"/>
</OView>
<OView class="oracle.dbtools.crest.swingui.logical.TVEntity" oid="E16DD4A4-B1E3-BAC4-BCD5-E34902D422D8" otype="Entity" vid="C132752E-64A1-B1B3-C927-795AAA1D1193">
<bounds x="130" y="210" width="170" height="110"/>
</OView>
</objectViews>
<connectors>
<Connector class="oracle.dbtools.crest.swingui.logical.TVRelation" oid="00AD62AD-7E4C-55F3-5C8F-0453CACD7700" otype="Relation" vid_source="843384B5-C9BD-D13B-349F-C2E1687F4943" vid_target="C132752E-64A1-B1B3-C927-795AAA1D1193">
<lineWidth>1</lineWidth>
</Connector>
<Connector class="oracle.dbtools.crest.swingui.logical.TVRelation" oid="0B3FEE3D-F307-6767-D74E-E4DB1134E077" otype="Relation" vid_source="005554A5-6CDE-EA0E-2934-7F7C65639E08" vid_target="AF21CE5E-268B-5407-145A-FBCC3BB6D97C">
<lineWidth>1</lineWidth>
</Connector>
<Connector class="oracle.dbtools.crest.swingui.logical.TVRelation" oid="14EAD762-DF56-9A2E-33ED-CE4E6308A455" otype="Relation" vid_source="005554A5-6CDE-EA0E-2934-7F7C65639E08" vid_target="BC14164E-370E-31BD-3989-6F0DA29A141C">
<lineWidth>1</lineWidth>
</Connector>
<Connector class="oracle.dbtools.crest.swingui.logical.TVRelation" oid="1700E2B1-EDC5-1F2A-DE55-352AA7C2ADDB" otype="Relation" vid_source="843384B5-C9BD-D13B-349F-C2E1687F4943" vid_target="28B10935-61B6-F559-5542-DEA3A02EC1A8">
<lineWidth>1</lineWidth>
</Connector>
<Connector class="oracle.dbtools.crest.swingui.logical.TVRelation" oid="38514232-B934-C1FE-942B-A09CCF2B870B" otype="Relation" vid_source="005554A5-6CDE-EA0E-2934-7F7C65639E08" vid_target="D6549821-0B2F-3FAC-AA36-1FF46BB8B9EB">
<lineWidth>1</lineWidth>
</Connector>
<Connector class="oracle.dbtools.crest.swingui.logical.TVRelation" oid="420E3890-0697-F65F-6166-EFC48F8109A1" otype="Relation" vid_source="067F36AC-B3FA-7FD3-53A3-B83FA8FB6AC8" vid_target="843384B5-C9BD-D13B-349F-C2E1687F4943">
<lineWidth>1</lineWidth>
</Connector>
<Connector class="oracle.dbtools.crest.swingui.logical.TVRelation" oid="5A129B02-4581-7056-E6E8-8D115EC5BF6B" otype="Relation" vid_source="D6549821-0B2F-3FAC-AA36-1FF46BB8B9EB" vid_target="C132752E-64A1-B1B3-C927-795AAA1D1193">
<lineWidth>1</lineWidth>
</Connector>
<Connector class="oracle.dbtools.crest.swingui.logical.TVRelation" oid="773384F8-C5BF-E8AA-E1EB-ED8733D01AB1" otype="Relation" vid_source="A1ACBC97-5347-4D15-31E3-1EC524B68135" vid_target="067F36AC-B3FA-7FD3-53A3-B83FA8FB6AC8">
<lineWidth>1</lineWidth>
</Connector>
<Connector class="oracle.dbtools.crest.swingui.logical.TVRelation" oid="9921D174-DD07-9E5D-2082-BF80F1844677" otype="Relation" vid_source="005554A5-6CDE-EA0E-2934-7F7C65639E08" vid_target="16CD5205-D3A7-D2E8-2AA9-DA49E700FE1B">
<lineWidth>1</lineWidth>
</Connector>
<Connector class="oracle.dbtools.crest.swingui.logical.TVRelation" oid="AE4C2474-85CB-B5B6-D31D-EE1ABC9CECFB" otype="Relation" vid_source="D6549821-0B2F-3FAC-AA36-1FF46BB8B9EB" vid_target="D700FAF9-E5ED-B6B6-0A72-F40EBECC8F84">
<lineWidth>1</lineWidth>
</Connector>
<Connector class="oracle.dbtools.crest.swingui.logical.TVRelation" oid="B463FAEE-C361-C990-D4B1-F63091916FDC" otype="Relation" vid_source="843384B5-C9BD-D13B-349F-C2E1687F4943" vid_target="D700FAF9-E5ED-B6B6-0A72-F40EBECC8F84">
<lineWidth>1</lineWidth>
</Connector>
<Connector class="oracle.dbtools.crest.swingui.logical.TVRelation" oid="E06ABAE7-1ACA-5140-D7A9-8B5555075125" otype="Relation" vid_source="843384B5-C9BD-D13B-349F-C2E1687F4943" vid_target="005554A5-6CDE-EA0E-2934-7F7C65639E08">
<lineWidth>1</lineWidth>
</Connector>
<Connector class="oracle.dbtools.crest.swingui.logical.TVRelation" oid="E79A848E-FB9B-27DD-5859-E35FC53B2029" otype="Relation" vid_source="D6549821-0B2F-3FAC-AA36-1FF46BB8B9EB" vid_target="28B10935-61B6-F559-5542-DEA3A02EC1A8">
<lineWidth>1</lineWidth>
</Connector>
</connectors>
</Diagram>