<?xml version = '1.0' encoding = 'UTF-8'?>
<Diagram class="oracle.dbtools.crest.swingui.relational.DPVRelational" name="Relational_2" id="1EF76FF5-9FC3-A268-244B-31AF918A4E8A">
<createdBy>Administrator</createdBy>
<createdTime>2012-11-24 18:02:14 UTC</createdTime>
<autoRoute>false</autoRoute>
<boxInbox>true</boxInbox>
<showLegend>false</showLegend>
<showLabels>false</showLabels>
<showGrid>false</showGrid>
<diagramColor>-1</diagramColor>
<display>false</display>
<notation>1</notation>
<objectViews>
<OView class="oracle.dbtools.crest.swingui.relational.TVTable" oid="11051238-BBB4-70BD-FB35-87AE8561E8DD" otype="Table" vid="AFF5ECD1-8BD3-603E-9597-80726D4913AC">
<bounds x="815" y="851" width="166" height="50"/>
</OView>
<OView class="oracle.dbtools.crest.swingui.relational.TVTable" oid="1224FD7D-8562-026B-89E0-0E1ED607DCD8" otype="Table" vid="237F2323-9985-FA3D-C4DB-535825032501">
<bounds x="0" y="390" width="251" height="71"/>
</OView>
<OView class="oracle.dbtools.crest.swingui.relational.TVTable" oid="2227AAE6-66E3-EDA8-CC1E-4E2A7E3C1638" otype="Table" vid="35B93BB3-CB07-9130-00E3-5E348ED32356">
<bounds x="499" y="846" width="162" height="65"/>
</OView>
<OView class="oracle.dbtools.crest.swingui.relational.TVTable" oid="273EBF3B-3F1E-BCBD-F848-6E1A72988212" otype="Table" vid="175ADA83-FDA8-9B2F-3442-F19A31E3AF19">
<bounds x="360" y="70" width="171" height="61"/>
</OView>
<OView class="oracle.dbtools.crest.swingui.relational.TVTable" oid="4595D4C2-D958-FD6C-F1E2-8CA1B816FC6B" otype="Table" vid="6305B415-F9FD-0ED1-9194-C884A1061900">
<bounds x="13" y="830" width="188" height="81"/>
</OView>
<OView class="oracle.dbtools.crest.swingui.relational.TVTable" oid="46EA7406-4C6E-8998-3CC0-FF972B457B3A" otype="Table" vid="57CBA3DF-5986-9197-8C5C-01303132E9E2">
<bounds x="630" y="170" width="461" height="81"/>
</OView>
<OView class="oracle.dbtools.crest.swingui.relational.TVTable" oid="496A535F-FDAB-0DAA-B0DB-A7B881CDA020" otype="Table" vid="0E6E2A8E-91EA-3286-226E-32069A66B573">
<bounds x="197" y="511" width="174" height="50"/>
</OView>
<OView class="oracle.dbtools.crest.swingui.relational.TVTable" oid="5214FB78-778E-58AD-E17E-7C033DDD9876" otype="Table" vid="54958CE5-5D5A-3166-E09C-20934E785FD9">
<bounds x="10" y="20" width="170" height="141"/>
</OView>
<OView class="oracle.dbtools.crest.swingui.TVNote" oid="5F5D7E40-6F71-DA48-8B10-8291774E2FF7" otype="Note" vid="3A877790-F35D-A802-7477-813BF00E8131">
<bounds x="310" y="0" width="227" height="20"/>
</OView>
<OView class="oracle.dbtools.crest.swingui.relational.TVTable" oid="7F97BCC4-9CE9-8AED-69B3-FFDFE3F87B60" otype="Table" vid="27A9B265-E89A-4F93-D8A1-B80E36B4BA28">
<bounds x="670" y="710" width="341" height="81"/>
</OView>
<OView class="oracle.dbtools.crest.swingui.relational.TVTable" oid="9D45E77F-ED9D-024A-55D4-2A7068D5AA89" otype="Table" vid="850A2C8A-65B0-F09B-B3E1-15C09FF06DAC">
<bounds x="130" y="290" width="321" height="71"/>
</OView>
<OView class="oracle.dbtools.crest.swingui.relational.TVTable" oid="9E2C0629-374A-E4BE-FC1B-13D2CE1788FD" otype="Table" vid="CAC5BF39-13E9-B718-1D5E-E69F7260B972">
<bounds x="130" y="627" width="221" height="64"/>
</OView>
<OView class="oracle.dbtools.crest.swingui.relational.TVTable" oid="A092B3EE-9A10-09F8-A5D5-9EE9C8B6B661" otype="Table" vid="9C15C557-8AC0-DAEB-619B-687A655027AC">
<bounds x="330" y="700" width="261" height="81"/>
</OView>
<OView class="oracle.dbtools.crest.swingui.relational.TVTable" oid="A8F3DEBF-E93B-095F-5D4F-202C6DAE59D8" otype="Table" vid="63F8E215-4197-8D38-FEF0-B5F7F0E2D900">
<bounds x="630" y="20" width="181" height="71"/>
</OView>
<OView class="oracle.dbtools.crest.swingui.relational.TVTable" oid="CF11C43D-27EB-D58C-F736-977A96FDD717" otype="Table" vid="7818B429-4056-E8B9-D887-F9E52B72D054">
<bounds x="320" y="410" width="351" height="81"/>
</OView>
<OView class="oracle.dbtools.crest.swingui.relational.TVTable" oid="DEC2D5E8-C348-4498-0F38-5008DD81CB60" otype="Table" vid="AF86D806-DD9E-E583-22DB-868E8761792D">
<bounds x="413" y="559" width="178" height="72"/>
</OView>
<OView class="oracle.dbtools.crest.swingui.relational.TVTable" oid="ED1203EF-00AA-C7F1-8652-80DBC81C76D7" otype="Table" vid="BA42A684-7654-B3F4-4F1A-03D43C65FB28">
<bounds x="730" y="415" width="231" height="66"/>
</OView>
<OView class="oracle.dbtools.crest.swingui.relational.TVTable" oid="FB7F9D6F-CC4E-2FC7-DDA5-B575659B2D0F" otype="Table" vid="66EED7B3-2795-FFC4-8BB6-45483674852B">
<bounds x="360" y="160" width="171" height="71"/>
</OView>
</objectViews>
<connectors>
<Connector class="oracle.dbtools.crest.swingui.relational.TVFKRelation" oid="16AE4C4B-6DF6-8BD2-7FC4-7C4FC7B5886E" otype="FKIndexAssociation" vid_source="66EED7B3-2795-FFC4-8BB6-45483674852B" vid_target="57CBA3DF-5986-9197-8C5C-01303132E9E2">
<lineWidth>1</lineWidth>
<points>
<point x="531" y="200"/>
<point x="630" y="200"/>
</points>
</Connector>
<Connector class="oracle.dbtools.crest.swingui.relational.TVFKRelation" oid="2AF97545-AF85-9426-B0B0-DE3796B7DFAE" otype="FKIndexAssociation" vid_source="AFF5ECD1-8BD3-603E-9597-80726D4913AC" vid_target="35B93BB3-CB07-9130-00E3-5E348ED32356">
<lineWidth>1</lineWidth>
<points>
<point x="815" y="886"/>
<point x="661" y="886"/>
</points>
</Connector>
<Connector class="oracle.dbtools.crest.swingui.relational.TVFKRelation" oid="44233FE4-B275-1C22-4F51-52217C0B3811" otype="FKIndexAssociation" vid_source="66EED7B3-2795-FFC4-8BB6-45483674852B" vid_target="54958CE5-5D5A-3166-E09C-20934E785FD9">
<lineWidth>1</lineWidth>
<points>
<point x="360" y="160"/>
<point x="180" y="160"/>
</points>
</Connector>
<Connector class="oracle.dbtools.crest.swingui.relational.TVFKRelation" oid="54AE5B23-510A-C8C6-77C1-111D6D493BCA" otype="FKIndexAssociation" vid_source="6305B415-F9FD-0ED1-9194-C884A1061900" vid_target="237F2323-9985-FA3D-C4DB-535825032501">
<lineWidth>1</lineWidth>
<points>
<point x="107" y="830"/>
<point x="107" y="461"/>
</points>
</Connector>
<Connector class="oracle.dbtools.crest.swingui.relational.TVFKRelation" oid="69F72A34-19CF-73F6-ED61-96AAB0B95BB2" otype="FKIndexAssociation" vid_source="6305B415-F9FD-0ED1-9194-C884A1061900" vid_target="27A9B265-E89A-4F93-D8A1-B80E36B4BA28">
<lineWidth>1</lineWidth>
<points>
<point x="201" y="860"/>
<point x="670" y="790"/>
</points>
</Connector>
<Connector class="oracle.dbtools.crest.swingui.relational.TVFKRelation" oid="6C37EDA9-2F00-E3C4-5AF5-09C371B24FE1" otype="FKIndexAssociation" vid_source="0E6E2A8E-91EA-3286-226E-32069A66B573" vid_target="CAC5BF39-13E9-B718-1D5E-E69F7260B972">
<lineWidth>1</lineWidth>
<points>
<point x="274" y="561"/>
<point x="274" y="627"/>
</points>
</Connector>
<Connector class="oracle.dbtools.crest.swingui.relational.TVFKRelation" oid="7339DB89-3297-58B4-209C-E8A61035D1E3" otype="FKIndexAssociation" vid_source="6305B415-F9FD-0ED1-9194-C884A1061900" vid_target="CAC5BF39-13E9-B718-1D5E-E69F7260B972">
<lineWidth>1</lineWidth>
<points>
<point x="165" y="830"/>
<point x="165" y="691"/>
</points>
</Connector>
<Connector class="oracle.dbtools.crest.swingui.relational.TVFKRelation" oid="93D206A9-85A8-BBB8-6DF5-77F91D33B6C9" otype="FKIndexAssociation" vid_source="54958CE5-5D5A-3166-E09C-20934E785FD9" vid_target="237F2323-9985-FA3D-C4DB-535825032501">
<lineWidth>1</lineWidth>
<points>
<point x="95" y="161"/>
<point x="95" y="390"/>
</points>
</Connector>
<Connector class="oracle.dbtools.crest.swingui.relational.TVFKRelation" oid="A22ABACA-6498-2404-8402-E0793F7D6D50" otype="FKIndexAssociation" vid_source="AF86D806-DD9E-E583-22DB-868E8761792D" vid_target="7818B429-4056-E8B9-D887-F9E52B72D054">
<lineWidth>1</lineWidth>
<points>
<point x="502" y="559"/>
<point x="502" y="491"/>
</points>
</Connector>
<Connector class="oracle.dbtools.crest.swingui.relational.TVFKRelation" oid="BB3A9A75-66B2-45FF-7CD3-F655C69E1CF6" otype="FKIndexAssociation" vid_source="0E6E2A8E-91EA-3286-226E-32069A66B573" vid_target="850A2C8A-65B0-F09B-B3E1-15C09FF06DAC">
<lineWidth>1</lineWidth>
<points>
<point x="284" y="511"/>
<point x="284" y="361"/>
</points>
</Connector>
<Connector class="oracle.dbtools.crest.swingui.relational.TVFKRelation" oid="C224666A-A8A6-3300-A15B-E62C8B679D33" otype="FKIndexAssociation" vid_source="175ADA83-FDA8-9B2F-3442-F19A31E3AF19" vid_target="54958CE5-5D5A-3166-E09C-20934E785FD9">
<lineWidth>1</lineWidth>
<points>
<point x="360" y="100"/>
<point x="180" y="100"/>
</points>
</Connector>
<Connector class="oracle.dbtools.crest.swingui.relational.TVFKRelation" oid="CAA9D536-9BF7-3038-C8D2-27C898FBF999" otype="FKIndexAssociation" vid_source="63F8E215-4197-8D38-FEF0-B5F7F0E2D900" vid_target="54958CE5-5D5A-3166-E09C-20934E785FD9">
<lineWidth>1</lineWidth>
<points>
<point x="630" y="45"/>
<point x="180" y="45"/>
</points>
</Connector>
<Connector class="oracle.dbtools.crest.swingui.relational.TVFKRelation" oid="D69D3214-A986-BBE3-AAD1-F96E094DA623" otype="FKIndexAssociation" vid_source="66EED7B3-2795-FFC4-8BB6-45483674852B" vid_target="850A2C8A-65B0-F09B-B3E1-15C09FF06DAC">
<lineWidth>1</lineWidth>
<points>
<point x="405" y="231"/>
<point x="405" y="290"/>
</points>
</Connector>
<Connector class="oracle.dbtools.crest.swingui.relational.TVFKRelation" oid="DA5CF787-3568-EE75-983F-0680922B04CC" otype="FKIndexAssociation" vid_source="35B93BB3-CB07-9130-00E3-5E348ED32356" vid_target="6305B415-F9FD-0ED1-9194-C884A1061900">
<lineWidth>1</lineWidth>
<points>
<point x="499" y="888"/>
<point x="201" y="888"/>
</points>
</Connector>
<Connector class="oracle.dbtools.crest.swingui.relational.TVFKRelation" oid="DCAE66C4-F405-19A9-3BB5-32AE2D0F0B9A" otype="FKIndexAssociation" vid_source="BA42A684-7654-B3F4-4F1A-03D43C65FB28" vid_target="27A9B265-E89A-4F93-D8A1-B80E36B4BA28">
<lineWidth>1</lineWidth>
<points>
<point x="845" y="481"/>
<point x="845" y="710"/>
</points>
</Connector>
<Connector class="oracle.dbtools.crest.swingui.relational.TVFKRelation" oid="DCD94EC0-ECF5-F400-8ECA-5ACEF4960ABE" otype="FKIndexAssociation" vid_source="66EED7B3-2795-FFC4-8BB6-45483674852B" vid_target="7818B429-4056-E8B9-D887-F9E52B72D054">
<lineWidth>1</lineWidth>
<points>
<point x="510" y="231"/>
<point x="510" y="410"/>
</points>
</Connector>
<Connector class="oracle.dbtools.crest.swingui.relational.TVFKRelation" oid="F1347112-1C43-2F37-49F1-73092257FB0B" otype="FKIndexAssociation" vid_source="BA42A684-7654-B3F4-4F1A-03D43C65FB28" vid_target="57CBA3DF-5986-9197-8C5C-01303132E9E2">
<lineWidth>1</lineWidth>
<points>
<point x="855" y="415"/>
<point x="855" y="251"/>
</points>
</Connector>
<Connector class="oracle.dbtools.crest.swingui.relational.TVFKRelation" oid="F1BF42B4-E4E0-010D-CB2B-C83DE0561344" otype="FKIndexAssociation" vid_source="AF86D806-DD9E-E583-22DB-868E8761792D" vid_target="9C15C557-8AC0-DAEB-619B-687A655027AC">
<lineWidth>1</lineWidth>
<points>
<point x="502" y="631"/>
<point x="502" y="700"/>
</points>
</Connector>
<Connector class="oracle.dbtools.crest.swingui.relational.TVFKRelation" oid="F3CD1998-5B0E-9920-6FEF-A794A4C01701" otype="FKIndexAssociation" vid_source="6305B415-F9FD-0ED1-9194-C884A1061900" vid_target="9C15C557-8AC0-DAEB-619B-687A655027AC">
<lineWidth>1</lineWidth>
<points>
<point x="201" y="830"/>
<point x="330" y="770"/>
</points>
</Connector>
</connectors>
</Diagram>