<?xml version = '1.0' encoding = 'UTF-8'?>
<Diagram class="oracle.dbtools.crest.swingui.relational.DPVRelationalSubView" name="From_LM_Logical - SubView_1" id="40886CDB-16EA-EC87-0B24-CF5EA5633940">
<createdBy>Administrator</createdBy>
<createdTime>2012-11-24 18:02:18 UTC</createdTime>
<autoRoute>false</autoRoute>
<boxInbox>true</boxInbox>
<showLegend>false</showLegend>
<showLabels>false</showLabels>
<showGrid>false</showGrid>
<diagramColor>-1</diagramColor>
<display>false</display>
<generatorId>EC7E91B6-628D-2EE9-10EE-A52A18A283D6</generatorId>
<notation>1</notation>
<objectViews>
<OView class="oracle.dbtools.crest.swingui.relational.TVTable" oid="273EBF3B-3F1E-BCBD-F848-6E1A72988212" otype="Table" vid="7AA39330-C30B-801B-C96F-DA83045B9685">
<bounds x="433" y="139" width="114" height="41"/>
<generatorID>C35EFF7C-D057-8E20-9D16-0D3E74F92A68</generatorID>
</OView>
<OView class="oracle.dbtools.crest.swingui.relational.TVTable" oid="5214FB78-778E-58AD-E17E-7C033DDD9876" otype="Table" vid="A24D30CE-2825-B5AF-B2F3-1215A5DABC7F">
<bounds x="116" y="152" width="170" height="110"/>
<generatorID>F9FAAED9-6625-771C-5FB1-DDC0284B9485</generatorID>
</OView>
<OView class="oracle.dbtools.crest.swingui.relational.TVTable" oid="A8F3DEBF-E93B-095F-5D4F-202C6DAE59D8" otype="Table" vid="2A38FD8D-E424-35C7-1EFB-1B62E5D84E4F">
<bounds x="700" y="206" width="181" height="85"/>
<generatorID>9E0C3C91-6FFD-0FFC-2785-E52F424B383B</generatorID>
</OView>
<OView class="oracle.dbtools.crest.swingui.relational.TVTable" oid="FB7F9D6F-CC4E-2FC7-DDA5-B575659B2D0F" otype="Table" vid="6FE4B88E-F2F5-3F0E-6E0C-65226A66D82B">
<bounds x="476" y="320" width="135" height="43"/>
<generatorID>B17D88E8-6800-CAF9-D854-687DAF08A7E7</generatorID>
</OView>
</objectViews>
<connectors>
<Connector class="oracle.dbtools.crest.swingui.relational.TVFKRelation" oid="44233FE4-B275-1C22-4F51-52217C0B3811" otype="FKIndexAssociation" vid_source="6FE4B88E-F2F5-3F0E-6E0C-65226A66D82B" vid_target="A24D30CE-2825-B5AF-B2F3-1215A5DABC7F">
<lineWidth>1</lineWidth>
<points>
<point x="543" y="320"/>
<point x="210" y="135"/>
</points>
</Connector>
<Connector class="oracle.dbtools.crest.swingui.relational.TVFKRelation" oid="C224666A-A8A6-3300-A15B-E62C8B679D33" otype="FKIndexAssociation" vid_source="7AA39330-C30B-801B-C96F-DA83045B9685" vid_target="A24D30CE-2825-B5AF-B2F3-1215A5DABC7F">
<lineWidth>1</lineWidth>
<points>
<point x="460" y="156"/>
<point x="286" y="156"/>
</points>
</Connector>
<Connector class="oracle.dbtools.crest.swingui.relational.TVFKRelation" oid="CAA9D536-9BF7-3038-C8D2-27C898FBF999" otype="FKIndexAssociation" vid_source="2A38FD8D-E424-35C7-1EFB-1B62E5D84E4F" vid_target="A24D30CE-2825-B5AF-B2F3-1215A5DABC7F">
<lineWidth>1</lineWidth>
<points>
<point x="700" y="248"/>
<point x="210" y="135"/>
</points>
</Connector>
</connectors>
</Diagram>