<?xml version = '1.0' encoding = 'UTF-8'?>
<Diagram class="oracle.dbtools.crest.swingui.relational.DPVRelationalSubView" name="From_LM_From_RM_Relational_1 - SubView_2" id="D3E55EF4-29AF-8191-AA17-E058EB77B80D">
<createdBy>Administrator</createdBy>
<createdTime>2012-11-24 18:02:18 UTC</createdTime>
<autoRoute>false</autoRoute>
<boxInbox>true</boxInbox>
<showLegend>false</showLegend>
<showLabels>false</showLabels>
<showGrid>false</showGrid>
<diagramColor>-1</diagramColor>
<display>false</display>
<generatorId>68E5A3DF-803D-C9C8-19D9-394DC68EC4B1</generatorId>
<notation>1</notation>
</Diagram>